audio_00000|Và mọi chuyện thì chưa dừng lại ở đó.|Và mọi chuyện thì chưa dừng lại ở đó.
audio_00001|Tuy nhiên, quá trình này không diễn ra lâu.|Tuy nhiên, quá trình này không diễn ra lâu.
audio_00002|Đây là những chiếc kẹn chim nước được làm bằng sứ.|Đây là những chiếc kẹn chim nước được làm bằng sứ.
audio_00003|Chứ đó. Đâu ra?|Chứ đó. Đâu ra?
audio_00004|Nhưng vì một lý do nào đó mà Nina đã block luôn người yêu cũ.|Nhưng vì một lý do nào đó mà Nina đã block luôn người yêu cũ.
audio_00005|Bản báo cáo miêu tả tâm trạng.|Bản báo cáo miêu tả tâm trạng.
audio_00006|Thuật ngữ Musou, xuất phát từ tên tiếng Nhật của series Warriors, đã trở thành từ dùng để gọi các tựa game được tạo ra với cùng một công thức như trên.|Thuật ngữ Musou, xuất phát từ tên tiếng Nhật của series Warriors, đã trở thành từ dùng để gọi các tựa game được tạo ra với cùng một công thức như trên.
audio_00007|Thì kết thúc này quen lắm.|Thì kết thúc này quen lắm.
audio_00008|Cậu có nhìn thấy không?|Cậu có nhìn thấy không?
audio_00009|Nhìn từng người dân, từng ngôi nhà bị phá mà lòng tôi đau đớn.|Nhìn từng người dân, từng ngôi nhà bị phá mà lòng tôi đau đớn.
audio_00010|Đại tá Trần Đình Hưng, Phó Chỉ huy trưởng, Tham mưu trưởng, Bộ Chỉ huy quân sự tỉnh.|Đại tá Trần Đình Hưng, Phó Chỉ huy trưởng, Tham mưu trưởng, Bộ Chỉ huy quân sự tỉnh.
audio_00011|Trong bầu không khí náo nhiệt của giảp hát, hùng thủ rút khẩu súng ra, ông Derringer 44 ly, dí sát đầu tổng thống mà ná đạn.|Trong bầu không khí náo nhiệt của giảp hát, hùng thủ rút khẩu súng ra, ông Derringer 44 ly, dí sát đầu tổng thống mà ná đạn.
audio_00012|Một, một ngày hãy làm tốt vài điều mình muốn làm.|Một, một ngày hãy làm tốt vài điều mình muốn làm.
audio_00013|Kế hoạch là vậy nhưng cả Pháp lẫn Tây Ban Nha vẫn chưa xác định được nơi nào phù hợp để mở màn chiến dịch.|Kế hoạch là vậy nhưng cả Pháp lẫn Tây Ban Nha vẫn chưa xác định được nơi nào phù hợp để mở màn chiến dịch.
audio_00014|Bà cho rằng các cuộc xung đột giữa Hồi giáo và Phật giáo không phải là một cuộc thanh lọc sắc tộc như giới chức quốc tế nhận định.|Bà cho rằng các cuộc xung đột giữa Hồi giáo và Phật giáo không phải là một cuộc thanh lọc sắc tộc như giới chức quốc tế nhận định.
audio_00015|Tết là dịp mọi người háo hức đón chào một năm mới với nhiều hy vọng và mong ước.|Tết là dịp mọi người háo hức đón chào một năm mới với nhiều hy vọng và mong ước.
audio_00016|Ám sát kẻ thù của quốc gia.|Ám sát kẻ thù của quốc gia.
audio_00017|Xếp trồi lên và gợi ý bạn.|Xếp trồi lên và gợi ý bạn.
audio_00018|Những thay đổi đó bây giờ cũng được marketing là những thay đổi lớn và đột phá mỗi năm.|Những thay đổi đó bây giờ cũng được marketing là những thay đổi lớn và đột phá mỗi năm.
audio_00019|Hãy gạt bỏ chúng qua hẳn một bên, rồi chuẩn bị vun đắp thói quen sống trong những ngăn tàu đóng chặt kín.|Hãy gạt bỏ chúng qua hẳn một bên, rồi chuẩn bị vun đắp thói quen sống trong những ngăn tàu đóng chặt kín.
audio_00020|Mà bước chân bối rối.|Mà bước chân bối rối.
audio_00021|Bảo đi chơi cũng không.|Bảo đi chơi cũng không.
audio_00022|Đầu tiên là do đồng yên liên tục mất giá trong năm 2023, làm xói mòn lợi nhuận xuất khẩu.|Đầu tiên là do đồng yên liên tục mất giá trong năm 2023, làm xói mòn lợi nhuận xuất khẩu.
audio_00023|Năm 2015, Việt Nam chọn hệ thống tiên lửa Spider làm hệ thống tiên lửa phòng không tầm trung mới.|Năm 2015, Việt Nam chọn hệ thống tiên lửa Spider làm hệ thống tiên lửa phòng không tầm trung mới.
audio_00024|Trong những năm gần đây, Starbucks đã tăng giá các sản phẩm của mình để đối phó với lãng phát và chi phí lao động tăng cao.|Trong những năm gần đây, Starbucks đã tăng giá các sản phẩm của mình để đối phó với lãng phát và chi phí lao động tăng cao.
audio_00025|Như vậy, thật ra sát xuất để ô tô ở cửa 1 và cửa 3 không phải là bằng nhau.|Như vậy, thật ra sát xuất để ô tô ở cửa 1 và cửa 3 không phải là bằng nhau.
audio_00026|Kiểm soát cảm xúc thực chất là một quá trình đánh giá lại bản thân, để tìm thấy tự do, thoát khỏi sự cuốn hút của chính bản ngã.|Kiểm soát cảm xúc thực chất là một quá trình đánh giá lại bản thân, để tìm thấy tự do, thoát khỏi sự cuốn hút của chính bản ngã.
audio_00027|Thứ hai, trong khẩu vũ khí có nòng còn bảy viên.|Thứ hai, trong khẩu vũ khí có nòng còn bảy viên.
audio_00028|Trước đó, phóng viên thông tấn xã Việt Nam đã đưa tin trong giờ ra chơi tiết 2, nam sinh lớp 10 trường Trung học Phổ thông Đào Duy Từ bất ngờ rơi từ tầng 4 của nhà trường và bị đa chấn thương.|Trước đó, phóng viên thông tấn xã Việt Nam đã đưa tin trong giờ ra chơi tiết 2, nam sinh lớp 10 trường Trung học Phổ thông Đào Duy Từ bất ngờ rơi từ tầng 4 của nhà trường và bị đa chấn thương.
audio_00029|Với giá cao hơn đá thị trường.|Với giá cao hơn đá thị trường.
audio_00030|Chiến thuật này đã kích cầu việc mua rượu, và ngay sau đó, ông bán được một số lượng rượu lớn từ những người khách đó.|Chiến thuật này đã kích cầu việc mua rượu, và ngay sau đó, ông bán được một số lượng rượu lớn từ những người khách đó.
audio_00031|Khỏi tâm trạng tiêu cực.|Khỏi tâm trạng tiêu cực.
audio_00032|Để bảo vệ mình, Đài Loan có thể tận dụng nguồn lực mà họ đang có để thiết lập một khu vực cấm nhằm ngăn chặn hải quân của PLA từ việc xâm nhập vào phía đông của đảo.|Để bảo vệ mình, Đài Loan có thể tận dụng nguồn lực mà họ đang có để thiết lập một khu vực cấm nhằm ngăn chặn hải quân của PLA từ việc xâm nhập vào phía đông của đảo.
audio_00033|Nga giặt hoài không ra.|Nga giặt hoài không ra.
audio_00034|Mọi chuyện không chỉ dừng lại ở đó.|Mọi chuyện không chỉ dừng lại ở đó.
audio_00035|Sáng hôm sau, Lacey nhận ra rằng cô đã không nhận được tin tức gì từ Tony hay Victoria cả đêm.|Sáng hôm sau, Lacey nhận ra rằng cô đã không nhận được tin tức gì từ Tony hay Victoria cả đêm.
audio_00036|Vì vậy mà những chuyên binh nửa người nửa mái của Liên Xô đã không được sử dụng.|Vì vậy mà những chuyên binh nửa người nửa mái của Liên Xô đã không được sử dụng.
audio_00037|Nhưng Steve đã cho thấy cách thức những nguyên lý này phối hợp hoạt động giúp Amazon mở rộng quy mô không giống như bất kỳ công ty nào khác.|Nhưng Steve đã cho thấy cách thức những nguyên lý này phối hợp hoạt động giúp Amazon mở rộng quy mô không giống như bất kỳ công ty nào khác.
audio_00038|Nhưng vẫn có sự sống trong điều kiện khắc nghiệt này.|Nhưng vẫn có sự sống trong điều kiện khắc nghiệt này.
audio_00039|TV có không hình hiển thị sắc nét nhờ độ phân giải 4K và công nghệ bộ xử lý Crystal 4K.|TV có không hình hiển thị sắc nét nhờ độ phân giải 4K và công nghệ bộ xử lý Crystal 4K.
audio_00040|Còn hiện tại, tôi nghĩ rằng đó là 100% công việc.|Còn hiện tại, tôi nghĩ rằng đó là 100% công việc.
audio_00041|Cho hết hành lá vào, khuấy đều lên.|Cho hết hành lá vào, khuấy đều lên.
audio_00042|Ví dụ 2, tính trung bình của dãy số.|Ví dụ 2, tính trung bình của dãy số.
audio_00043|Justin bỗng chốc vụt sáng thành ngôi sao toàn cầu.|Justin bỗng chốc vụt sáng thành ngôi sao toàn cầu.
audio_00044|Đó là các anh chị hãy tạm đừng xem như đây là một cái khóa học theo kiểu bình thường, mà hãy xem như nó là một cái hành trình mà tôi sẽ cùng đồng hành với các anh chị trong khoảng 6 tháng tới.|Đó là các anh chị hãy tạm đừng xem như đây là một cái khóa học theo kiểu bình thường, mà hãy xem như nó là một cái hành trình mà tôi sẽ cùng đồng hành với các anh chị trong khoảng 6 tháng tới.
audio_00045|Ông ta vì thế tìm cách thương lượng với triều đình Huế nhưng bất thẳng.|Ông ta vì thế tìm cách thương lượng với triều đình Huế nhưng bất thẳng.
audio_00046|Để mà nếu mà cấp cho mình thì rủi bên kia khiếu nại sao?|Để mà nếu mà cấp cho mình thì rủi bên kia khiếu nại sao?
audio_00047|Hãy cùng bắt đầu nhá!|Hãy cùng bắt đầu nhá!
audio_00048|Giờ thổi lửa rồi.|Giờ thổi lửa rồi.
audio_00049|Hãy để cho những cơn gió của lòng nhiệt thanh quét qua mình.|Hãy để cho những cơn gió của lòng nhiệt thanh quét qua mình.
audio_00050|Anh ta cũng làm như vậy ở tầng 2 và lên đến nóc nhà.|Anh ta cũng làm như vậy ở tầng 2 và lên đến nóc nhà.
audio_00051|Bước đầu tiên là chữ cái ai.|Bước đầu tiên là chữ cái ai.
audio_00052|Nếu anh không làm như thế này, thì em sẽ như thế này như thế kia.|Nếu anh không làm như thế này, thì em sẽ như thế này như thế kia.
audio_00053|Bởi một thông điệp sẽ trở nên vô nghĩa.|Bởi một thông điệp sẽ trở nên vô nghĩa.
audio_00054|Hơi chát chát, hơi chua chua một chút.|Hơi chát chát, hơi chua chua một chút.
audio_00055|Casey đã rất nghiêm túc.|Casey đã rất nghiêm túc.
audio_00056|Sẽ nhìn thấy nó hơi như nâu vàng như vầy nè.|Sẽ nhìn thấy nó hơi như nâu vàng như vầy nè.
audio_00057|Thầy không chỉ mang đến những bài học thú vị, đầy tính trải nghiệm, mà còn rất quan tâm đến học sinh.|Thầy không chỉ mang đến những bài học thú vị, đầy tính trải nghiệm, mà còn rất quan tâm đến học sinh.
audio_00058|Còn không thì mèo sẽ không bao giờ cảm thấy buồn chán.|Còn không thì mèo sẽ không bao giờ cảm thấy buồn chán.
audio_00059|Vinh đã vào bên trong sư khấu rồi, khán giả và ekip đã có mặt đầy đủ để sẵn sàng cho buổi biểu diễn của các chị đẹp.|Vinh đã vào bên trong sư khấu rồi, khán giả và ekip đã có mặt đầy đủ để sẵn sàng cho buổi biểu diễn của các chị đẹp.
audio_00060|Điều này chỉ càm làm chắc chắn thêm những gì mà chúng ta đã nói với nhau từ trước.|Điều này chỉ càm làm chắc chắn thêm những gì mà chúng ta đã nói với nhau từ trước.
audio_00061|Lý do vẫn còn đang được tranh luận, nhưng hầu hết các nhà khoa học tin rằng nó liên quan đến sự căng thẳng khi bắt đầu một tuần làm việc mới, hoặc những thay đổi trong chu kỳ ngủ thức của chúng ta.|Lý do vẫn còn đang được tranh luận, nhưng hầu hết các nhà khoa học tin rằng nó liên quan đến sự căng thẳng khi bắt đầu một tuần làm việc mới, hoặc những thay đổi trong chu kỳ ngủ thức của chúng ta.
audio_00062|Chắc chắn rồi, nếu bạn chuẩn bị du hành vào vũ trụ, một trong những điều đầu tiên mà bạn nghĩ đến sẽ là bộ đồ du hành vũ trụ của mình.|Chắc chắn rồi, nếu bạn chuẩn bị du hành vào vũ trụ, một trong những điều đầu tiên mà bạn nghĩ đến sẽ là bộ đồ du hành vũ trụ của mình.
audio_00063|Chúng ta cãi lộn, chúng ta bực bội, chúng ta không hạnh phúc với nhau vì một khởi nguồn tử tế.|Chúng ta cãi lộn, chúng ta bực bội, chúng ta không hạnh phúc với nhau vì một khởi nguồn tử tế.
audio_00064|Alfred Jarry 1873-1907 hợp những nhà văn đổi tiếng như.|Alfred Jarry 1873-1907 hợp những nhà văn đổi tiếng như.
audio_00065|Đến hết tháng 11 năm 2023, tỷ lệ giải ngân vốn đầu tư công đạt trên 67% kế hoạch vốn giao.|Đến hết tháng 11 năm 2023, tỷ lệ giải ngân vốn đầu tư công đạt trên 67% kế hoạch vốn giao.
audio_00066|Mày tính chơi với tao đúng không? Ngon thì đánh thử coi.|Mày tính chơi với tao đúng không? Ngon thì đánh thử coi.
audio_00067|Chết rồi.|Chết rồi.
audio_00068|Mọi thứ đều kinh khủng mà.|Mọi thứ đều kinh khủng mà.
audio_00069|Đó là để đối mặt với thế giới lạnh lùng, tàn khốc này, chứ không phải là để phàn nàn về cái thời đại khoan dung vĩ đại đó.|Đó là để đối mặt với thế giới lạnh lùng, tàn khốc này, chứ không phải là để phàn nàn về cái thời đại khoan dung vĩ đại đó.
audio_00070|Sau đó tôi lại mồi trài mọi người đánh bót để hít ké.|Sau đó tôi lại mồi trài mọi người đánh bót để hít ké.
audio_00071|Gia nhập đường đua kinh dị bằng một kịch bản truyền thể từ bộ truyện tranh Taste of Horror được đăng tải trên nền tảng Naver Webtoon, lấy cảm hứng từ truyền thuyết đô thị của sứ Hàn.|Gia nhập đường đua kinh dị bằng một kịch bản truyền thể từ bộ truyện tranh Taste of Horror được đăng tải trên nền tảng Naver Webtoon, lấy cảm hứng từ truyền thuyết đô thị của sứ Hàn.
audio_00072|Tiếp đến là mỗi người sẽ được 1 bát súp miso.|Tiếp đến là mỗi người sẽ được 1 bát súp miso.
audio_00073|Đây là những vận động viên luyện tập và thi đấu chuyên nghiệp để chinh chiến các giải chạy lớn khắp thế giới.|Đây là những vận động viên luyện tập và thi đấu chuyên nghiệp để chinh chiến các giải chạy lớn khắp thế giới.
audio_00074|Em biết là tầm quan trọng của nó rồi.|Em biết là tầm quan trọng của nó rồi.
audio_00075|Về cơ bản là cách tiếp cận theo cảm xúc đối với quá trình ra quyết định.|Về cơ bản là cách tiếp cận theo cảm xúc đối với quá trình ra quyết định.
audio_00076|Để không khí ngày Tết trọn vẹn và đủ đầy, các gia đình người Mường thường gói rất nhiều các loại bánh truyền thống như bánh ống, bánh ốc, bánh uây, bánh nẳng, bánh dày và bánh trưng ống là loại bánh không thể thiếu.|Để không khí ngày Tết trọn vẹn và đủ đầy, các gia đình người Mường thường gói rất nhiều các loại bánh truyền thống như bánh ống, bánh ốc, bánh uây, bánh nẳng, bánh dày và bánh trưng ống là loại bánh không thể thiếu.
audio_00077|Người Mỹ đổ lỗi cho người Tây Ban Nha và bắt đầu một cuộc chiến tranh.|Người Mỹ đổ lỗi cho người Tây Ban Nha và bắt đầu một cuộc chiến tranh.
audio_00078|Hoặc là tùy theo nhà mình ăn ít thì cho ít.|Hoặc là tùy theo nhà mình ăn ít thì cho ít.
audio_00079|Video này rất ngắn, nên bạn hãy xem đến hết để không bỏ qua bất kỳ thông tin nào các bạn nhé.|Video này rất ngắn, nên bạn hãy xem đến hết để không bỏ qua bất kỳ thông tin nào các bạn nhé.
audio_00080|Sau khi cho tất cả các nguyên liệu vào hết thì bây giờ mình sẽ quậy lên cho nó tan gia vị và cuối cùng là mình cho cái phần ngò rí vào và mình sẽ nấu.|Sau khi cho tất cả các nguyên liệu vào hết thì bây giờ mình sẽ quậy lên cho nó tan gia vị và cuối cùng là mình cho cái phần ngò rí vào và mình sẽ nấu.
audio_00081|Giả tăng tính minh bạch.|Giả tăng tính minh bạch.
audio_00082|Nhưng chúng sẽ không xảy ra nếu như chúng ta không cho phép.|Nhưng chúng sẽ không xảy ra nếu như chúng ta không cho phép.
audio_00083|Cậu ta đang bị treo lên và toàn bộ phần thân dưới đã biến mất.|Cậu ta đang bị treo lên và toàn bộ phần thân dưới đã biến mất.
audio_00084|Và ngoài ra thì máy cũng sẽ được trang bị bảo mật khá là kỹ càng như là bảo mật vào ngân tay như mình đã nói ở trên nè.|Và ngoài ra thì máy cũng sẽ được trang bị bảo mật khá là kỹ càng như là bảo mật vào ngân tay như mình đã nói ở trên nè.
audio_00085|Thì chúng ta sẽ chẳng bao giờ tìm thấy được.|Thì chúng ta sẽ chẳng bao giờ tìm thấy được.
audio_00086|Kẻ mà suốt thời gian qua Huo Huo lo lắng chạy ngược chạy xuôi tìm kiếm, lại luôn ở gần ngay trước mắt.|Kẻ mà suốt thời gian qua Huo Huo lo lắng chạy ngược chạy xuôi tìm kiếm, lại luôn ở gần ngay trước mắt.
audio_00087|Trong những năm qua, tỉnh Hòa Bình đã tập trung nguồn lực ưu tiên phát triển đồng bộ hạ tầng giao thông, đặc biệt là giao thông kết nối vùng và các dự án giao thông trọng điểm, tạo đột phá phát triển kinh tế xã hội của tỉnh.|Trong những năm qua, tỉnh Hòa Bình đã tập trung nguồn lực ưu tiên phát triển đồng bộ hạ tầng giao thông, đặc biệt là giao thông kết nối vùng và các dự án giao thông trọng điểm, tạo đột phá phát triển kinh tế xã hội của tỉnh.
audio_00088|Thế là xong, chúng ta đã làm được 1 chiếc kính lúp tự chế từ nước và bóng đèn.|Thế là xong, chúng ta đã làm được 1 chiếc kính lúp tự chế từ nước và bóng đèn.
audio_00089|Thê La đóng vai trò tạo đi búp lên người đối phương do búp có lợi của kẻ thù.|Thê La đóng vai trò tạo đi búp lên người đối phương do búp có lợi của kẻ thù.
audio_00090|Anh hắng giọng.|Anh hắng giọng.
audio_00091|Và 1 muỗng cà phê tiêu luôn.|Và 1 muỗng cà phê tiêu luôn.
audio_00092|Lúc khoảng 2 giờ 20 phút sáng ngày thứ Bảy hay 8 tháng 11, tôi thức giấc vì nghe thấy mảnh kính vỡ rất mạnh.|Lúc khoảng 2 giờ 20 phút sáng ngày thứ Bảy hay 8 tháng 11, tôi thức giấc vì nghe thấy mảnh kính vỡ rất mạnh.
audio_00093|Chúc các bạn có những bữa cơm gia đình thật ngon miệng nha.|Chúc các bạn có những bữa cơm gia đình thật ngon miệng nha.
audio_00094|Srimad Bhagavad Gita xuất hiện trong Mahabharata một trong hai sử thi thiên liêng vĩ đại của Ấn Độ.|Srimad Bhagavad Gita xuất hiện trong Mahabharata một trong hai sử thi thiên liêng vĩ đại của Ấn Độ.
audio_00095|Bằng cách thì các bạn sẽ kết nối iPhone này vào máy tính thông qua cái dây cáp đúng không?|Bằng cách thì các bạn sẽ kết nối iPhone này vào máy tính thông qua cái dây cáp đúng không?
audio_00096|Để từ đó ông ta làm việc cho mình.|Để từ đó ông ta làm việc cho mình.
audio_00097|Khởi động.|Khởi động.
audio_00098|Thêm vào đó, dạ dây là một cơ quan linh hoạt.|Thêm vào đó, dạ dây là một cơ quan linh hoạt.
audio_00099|Số trang đánh dấu có liền mạch hay không để mà đảm bảo không có bị người ta chừa trống thì người ta có thể điền thông tin vào.|Số trang đánh dấu có liền mạch hay không để mà đảm bảo không có bị người ta chừa trống thì người ta có thể điền thông tin vào.
audio_00100|Người cha luôn ôm nỗi hận thù với những kẻ liên quan tới cái chết tức tưởi của con trai.|Người cha luôn ôm nỗi hận thù với những kẻ liên quan tới cái chết tức tưởi của con trai.
audio_00101|Để từ đó, chúng ta được trận vẹn sống cuộc đời theo cái cách riêng của mình.|Để từ đó, chúng ta được trận vẹn sống cuộc đời theo cái cách riêng của mình.
audio_00102|Có lúc thì lời thoại lại hiện đại quá, hơi là quẻ.|Có lúc thì lời thoại lại hiện đại quá, hơi là quẻ.
audio_00103|Phòng tẩy não.|Phòng tẩy não.
audio_00104|Cùng phương pháp phòng ngừa ung thư hiệu quả hơn.|Cùng phương pháp phòng ngừa ung thư hiệu quả hơn.
audio_00105|Cái bố cuộc chương trình kỳ này nó hơi lạ lạ chút xíu, tại vì phần đầu á, tôi sẽ dành một cái quãng thời gian để mà gọi là confession, gọi là thú tội.|Cái bố cuộc chương trình kỳ này nó hơi lạ lạ chút xíu, tại vì phần đầu á, tôi sẽ dành một cái quãng thời gian để mà gọi là confession, gọi là thú tội.
audio_00106|Thôi tôi về phòng đây. Gặp lại anh sau.|Thôi tôi về phòng đây. Gặp lại anh sau.
audio_00107|Thực hành chánh niệm.|Thực hành chánh niệm.
audio_00108|Thằng chắc họ nhà ta có lẽ hợp với cô đây.|Thằng chắc họ nhà ta có lẽ hợp với cô đây.
audio_00109|Để chỉ còn 1 lớp rất mỏng trên chổi.|Để chỉ còn 1 lớp rất mỏng trên chổi.
audio_00110|Cô Cái ơi! Cô Cái!|Cô Cái ơi! Cô Cái!
audio_00111|Thì cả hai lao vào mua sắm trên mạng.|Thì cả hai lao vào mua sắm trên mạng.
audio_00112|Mỗi bên công ty liên quan đều đưa ra những lý do, những cái cớ để không cứu 4 thợ lặn bị mắc kẹt.|Mỗi bên công ty liên quan đều đưa ra những lý do, những cái cớ để không cứu 4 thợ lặn bị mắc kẹt.
audio_00113|Thật ra nhồi nó tới mấy chục phút đó.|Thật ra nhồi nó tới mấy chục phút đó.
audio_00114|Ví dụ anh em mình có thể biết được là bài đọc bổ trợ này.|Ví dụ anh em mình có thể biết được là bài đọc bổ trợ này.
audio_00115|Khách hàng của họ cũng hài lòng hơn.|Khách hàng của họ cũng hài lòng hơn.
audio_00116|Nó gắn phết hơn cái tình thân của gia đình, xã hội.|Nó gắn phết hơn cái tình thân của gia đình, xã hội.
audio_00117|Người máy cầm gậy tỏa hiệp rằng nếu Stray không tấn công người máy khác thì nó sẽ được phép di chuyển trong khu vực này.|Người máy cầm gậy tỏa hiệp rằng nếu Stray không tấn công người máy khác thì nó sẽ được phép di chuyển trong khu vực này.
audio_00118|Từ gốc là Convoy.|Từ gốc là Convoy.
audio_00119|Dù bạn là một người chạy hay một huấn luyện viên, hãy cứ hạnh phúc với những gì mình đang có và tận dụng những điều mình sở hữu tới mức tối đa.|Dù bạn là một người chạy hay một huấn luyện viên, hãy cứ hạnh phúc với những gì mình đang có và tận dụng những điều mình sở hữu tới mức tối đa.
audio_00120|Đó là những câu hỏi lớn nhất xoay quanh những diễn biến hiện tại diễn ra ở God Valley 38 năm trước, với hình ảnh Garling hồi trẻ, một bản sao với khuôn mặt như đúc ra từ một khuôn so với Shanks.|Đó là những câu hỏi lớn nhất xoay quanh những diễn biến hiện tại diễn ra ở God Valley 38 năm trước, với hình ảnh Garling hồi trẻ, một bản sao với khuôn mặt như đúc ra từ một khuôn so với Shanks.
audio_00121|Cô làm cho cháu 1 bát bún đi.|Cô làm cho cháu 1 bát bún đi.
audio_00122|Đó là lần thứ ba tôi thắp nhan độc xuất không phải dịp Tết.|Đó là lần thứ ba tôi thắp nhan độc xuất không phải dịp Tết.
audio_00123|Xét về lý thuyết cộng hưởng, hóa ra những nhận thức này rất cao minh.|Xét về lý thuyết cộng hưởng, hóa ra những nhận thức này rất cao minh.
audio_00124|Đến tận năm 1979, chính phủ Trung Quốc trong nỗ lực kiểm soát sự bùng nổ dân số đã ban hành chính sách một con.|Đến tận năm 1979, chính phủ Trung Quốc trong nỗ lực kiểm soát sự bùng nổ dân số đã ban hành chính sách một con.
audio_00125|Bayonetta đang dạo phố trên xe gồm Enzo, thì đột nhiên một cô gái bí ẩn rơi trên trời xuống đi kèm với một cơn sóng thần xuất hiện ngay bờ biển.|Bayonetta đang dạo phố trên xe gồm Enzo, thì đột nhiên một cô gái bí ẩn rơi trên trời xuống đi kèm với một cơn sóng thần xuất hiện ngay bờ biển.
audio_00126|Có mệt mỏi tới đâu cũng đừng ca thán.|Có mệt mỏi tới đâu cũng đừng ca thán.
audio_00127|Chương trình Định hướng hướng nghiệp nằm trong dự án 3E, Hệ sinh thái giáo dục tới việc làm chọn đời của Tín Phát Group.|Chương trình Định hướng hướng nghiệp nằm trong dự án 3E, Hệ sinh thái giáo dục tới việc làm chọn đời của Tín Phát Group.
audio_00128|Chứ không hề có ý định hỏi thăm hay hẹn hò đi chơi gì.|Chứ không hề có ý định hỏi thăm hay hẹn hò đi chơi gì.
audio_00129|Hoặc là cách thứ hai là cô vẫn giữ nguyên cái đống bài đạo hàm tích phân kia nhưng cô cho các bạn nhiều cái bài bất ảnh thức ra.|Hoặc là cách thứ hai là cô vẫn giữ nguyên cái đống bài đạo hàm tích phân kia nhưng cô cho các bạn nhiều cái bài bất ảnh thức ra.
audio_00130|Một người bạn cũ thông thái của tôi, tiến sĩ Stuart Henderson-Briggs, đã tin tưởng quảng cáo một cách nhiệt thành như sau.|Một người bạn cũ thông thái của tôi, tiến sĩ Stuart Henderson-Briggs, đã tin tưởng quảng cáo một cách nhiệt thành như sau.
audio_00131|Nhưng mà vấn đề là CPU và GPU thì nó không chuyên cho việc xử lý AI.|Nhưng mà vấn đề là CPU và GPU thì nó không chuyên cho việc xử lý AI.
audio_00132|Đó là tôi không có ý coi thường chuyện là có được một cái công việc, có cơm ăn, áo mặt.|Đó là tôi không có ý coi thường chuyện là có được một cái công việc, có cơm ăn, áo mặt.
audio_00133|Khơi thông lại các mạch máu.|Khơi thông lại các mạch máu.
audio_00134|Khi bánh xe đang quay, ta đặt ngay nó xuống mặt bàn và buông tay ra.|Khi bánh xe đang quay, ta đặt ngay nó xuống mặt bàn và buông tay ra.
audio_00135|Cái sai lầm thứ nhất, đó chính là anh em chủ động quá nhiều.|Cái sai lầm thứ nhất, đó chính là anh em chủ động quá nhiều.
audio_00136|Trong khi những nhà thầu khác có doanh số bán hàng gần như hoàn toàn phụ thuộc vào phê duyệt của chính phủ.|Trong khi những nhà thầu khác có doanh số bán hàng gần như hoàn toàn phụ thuộc vào phê duyệt của chính phủ.
audio_00137|Và nếu thấy chương trình thú vị, xin hãy dành một like để ủng hộ chúng tôi nhé.|Và nếu thấy chương trình thú vị, xin hãy dành một like để ủng hộ chúng tôi nhé.
audio_00138|Bảo là Hoàng hậu sai làm tiệc sinh nhật.|Bảo là Hoàng hậu sai làm tiệc sinh nhật.
audio_00139|Nếu các bạn gặp trường hợp là quá lười kẻ cái bảng tháng ô ô thì ri khuyên là nên xài cái template này.|Nếu các bạn gặp trường hợp là quá lười kẻ cái bảng tháng ô ô thì ri khuyên là nên xài cái template này.
audio_00140|Tất cả những gì bây giờ mà người dân mong chờ là một bản án thích đáng dành cho kẻ giết người.|Tất cả những gì bây giờ mà người dân mong chờ là một bản án thích đáng dành cho kẻ giết người.
audio_00141|Bạn Thộn thì khả năng nhìn của bạn ấy rất là yếu. Đó.|Bạn Thộn thì khả năng nhìn của bạn ấy rất là yếu. Đó.
audio_00142|Nhưng tôi vẫn tiếp tục.|Nhưng tôi vẫn tiếp tục.
audio_00143|Đức tưởng như chiến thắng đã nằm trong tầm tay.|Đức tưởng như chiến thắng đã nằm trong tầm tay.
audio_00144|Asakawa, một phóng viên đang hào hức vì danh vọng lao vào cuộc truy tìm dấu vết.|Asakawa, một phóng viên đang hào hức vì danh vọng lao vào cuộc truy tìm dấu vết.
audio_00145|Phụ huynh có con học ở trường mầm non chờ thông tin từ lực lượng chức năng, nhiều người dân xung quanh cũng đến theo dõi, nghe ngóng.|Phụ huynh có con học ở trường mầm non chờ thông tin từ lực lượng chức năng, nhiều người dân xung quanh cũng đến theo dõi, nghe ngóng.
audio_00146|Huyện Bình Lục tổ chức khai mạc Hội Khỏe Phụ Đồng lần thứ 7 năm 2024, dự có lãnh đạo Sở Giáo dục và Đào tạo, Sở Văn hóa, Thể thao và Du lịch, lãnh đạo Huyện Bình Lục.|Huyện Bình Lục tổ chức khai mạc Hội Khỏe Phụ Đồng lần thứ 7 năm 2024, dự có lãnh đạo Sở Giáo dục và Đào tạo, Sở Văn hóa, Thể thao và Du lịch, lãnh đạo Huyện Bình Lục.
audio_00147|Tướng Thanh trả lời.|Tướng Thanh trả lời.
audio_00148|Có rất nhiều ví dụ về nhà lãnh đạo với tư duy cố định được Carol phân tích làm sáng tỏa trong cuốn sách.|Có rất nhiều ví dụ về nhà lãnh đạo với tư duy cố định được Carol phân tích làm sáng tỏa trong cuốn sách.
audio_00149|New York hiện tại đã văn minh hơn rất nhiều chính nó của 50 năm trước, và những tác phẩm như Taxi Driver đã góp một phần không nhỏ trong sự thành công đó.|New York hiện tại đã văn minh hơn rất nhiều chính nó của 50 năm trước, và những tác phẩm như Taxi Driver đã góp một phần không nhỏ trong sự thành công đó.
audio_00150|Miếng bánh bột lọc trong suốt, dai dai, cùng nhân tôm thịt đậm đà, sẽ là một món ăn ngon khó cưỡng.|Miếng bánh bột lọc trong suốt, dai dai, cùng nhân tôm thịt đậm đà, sẽ là một món ăn ngon khó cưỡng.
audio_00151|Ta sẽ cắt bớt phần ngọn và góc đi, sau đó tách lá dừa ra khỏi gân cứng để có được hai tán lá đều nhau như bạn thấy.|Ta sẽ cắt bớt phần ngọn và góc đi, sau đó tách lá dừa ra khỏi gân cứng để có được hai tán lá đều nhau như bạn thấy.
audio_00152|Vì khi tôi thử kiểm tra kỹ hơn với một số minigame khác, thì mọi chuyện đúng thật là như vậy.|Vì khi tôi thử kiểm tra kỹ hơn với một số minigame khác, thì mọi chuyện đúng thật là như vậy.
audio_00153|Để khắc họa rõ hơn vấn đề này thì Dung có miêu tả khi con người được đặt trong một môi trường xã hội, bao gồm tất cả những tương tác giữa người với người, chúng ta sẽ bị tác động bởi một tập hợp rất nhiều những yếu tố đến từ môi trường đó.|Để khắc họa rõ hơn vấn đề này thì Dung có miêu tả khi con người được đặt trong một môi trường xã hội, bao gồm tất cả những tương tác giữa người với người, chúng ta sẽ bị tác động bởi một tập hợp rất nhiều những yếu tố đến từ môi trường đó.
audio_00154|Mình có thể dùng bột mì số 8 hoặc là bột mì đa dụng đều được.|Mình có thể dùng bột mì số 8 hoặc là bột mì đa dụng đều được.
audio_00155|Thì cái bệnh này nó liên quan đến xương khớp.|Thì cái bệnh này nó liên quan đến xương khớp.
audio_00156|Và ngày càng nhạy bén.|Và ngày càng nhạy bén.
audio_00157|Xấu thế này mà cũng để được à!|Xấu thế này mà cũng để được à!
audio_00158|Mà để cái nước mắm mình để lâu hơn thì cái bí quyết nấu rất là quan trọng.|Mà để cái nước mắm mình để lâu hơn thì cái bí quyết nấu rất là quan trọng.
audio_00159|Tuy nhiên đến đây lại có một vấn đề khiến tôi khá mâu thuẫn khi đặt giả thuyết.|Tuy nhiên đến đây lại có một vấn đề khiến tôi khá mâu thuẫn khi đặt giả thuyết.
audio_00160|Vâng, công việc cũng đỡ các bác ạ. Em về lần này tranh thủ nghỉ ngơi cũng được khoảng một tuần.|Vâng, công việc cũng đỡ các bác ạ. Em về lần này tranh thủ nghỉ ngơi cũng được khoảng một tuần.
audio_00161|Asuka nói với Nina là đừng báo với cảnh sát về việc tên áo đen vì chưa có đủ chứng cứ.|Asuka nói với Nina là đừng báo với cảnh sát về việc tên áo đen vì chưa có đủ chứng cứ.
audio_00162|Quả là đã có một vài sai lầm.|Quả là đã có một vài sai lầm.
audio_00163|Người biết thật sự là như vậy.|Người biết thật sự là như vậy.
audio_00164|Hannibal đã chia sẻ với Will Graham về người em gái đã khuất, Misha.|Hannibal đã chia sẻ với Will Graham về người em gái đã khuất, Misha.
audio_00165|Tại vì những cái viên chè mình cũng đã luộc chín rồi đó các bạn.|Tại vì những cái viên chè mình cũng đã luộc chín rồi đó các bạn.
audio_00166|Ở khu Taito.|Ở khu Taito.
audio_00167|Tức là chúng không có xương sống mà chỉ có rụn, nhưng mà bọn này lại sống trên cạn.|Tức là chúng không có xương sống mà chỉ có rụn, nhưng mà bọn này lại sống trên cạn.
audio_00168|Ngày hôm sau, khi đang trên đường quay trở về cái hang hôm trước thì lại có cơn mưa sờ lam.|Ngày hôm sau, khi đang trên đường quay trở về cái hang hôm trước thì lại có cơn mưa sờ lam.
audio_00169|Mỗi câu chuyện đều mang lại những chi tiết riêng biệt và đặc sắc.|Mỗi câu chuyện đều mang lại những chi tiết riêng biệt và đặc sắc.
audio_00170|Buộc cô phải nói cho hắn biết mật khẩu để gõ cửa.|Buộc cô phải nói cho hắn biết mật khẩu để gõ cửa.
audio_00171|Nguyên lý này được Epictetus nhắc đi nhắc lại trong những tác phẩm của mình.|Nguyên lý này được Epictetus nhắc đi nhắc lại trong những tác phẩm của mình.
audio_00172|Qua kính một cửa hàng rượu, anh thấy một người đàn ông mặc chỉnh tề, đang mua một chai rượu.|Qua kính một cửa hàng rượu, anh thấy một người đàn ông mặc chỉnh tề, đang mua một chai rượu.
audio_00173|Là da bánh mặc đó hả?|Là da bánh mặc đó hả?
audio_00174|Theo dõi bò và gấu từ đầu đến giờ, lúc nào cũng xem rồi like rồi chăm chỉ comment mà cha bao giờ được lên TV.|Theo dõi bò và gấu từ đầu đến giờ, lúc nào cũng xem rồi like rồi chăm chỉ comment mà cha bao giờ được lên TV.
audio_00175|Chiếc vòi này vô dụng, không có gì để gắn nó vào. Những người bạn nên chọn chiếc cút này và dùng đất để dập lửa.|Chiếc vòi này vô dụng, không có gì để gắn nó vào. Những người bạn nên chọn chiếc cút này và dùng đất để dập lửa.
audio_00176|Chúng xin đưa em gái tôi đi chơi.|Chúng xin đưa em gái tôi đi chơi.
audio_00177|Bố mẹ già rồi.|Bố mẹ già rồi.
audio_00178|Quay sang hỏi con gái muốn đi du lịch ở đâu, thì con bé hồn nhiên bảo.|Quay sang hỏi con gái muốn đi du lịch ở đâu, thì con bé hồn nhiên bảo.
audio_00179|Dưới áp lực ấy, để níu giữ, và phát triển hết suy nghĩ đó là điều gần như không thể.|Dưới áp lực ấy, để níu giữ, và phát triển hết suy nghĩ đó là điều gần như không thể.
audio_00180|Cá này là cô bán.|Cá này là cô bán.
audio_00181|Theo đó, anh ta sẽ được quay trở về đất liền để điều trị.|Theo đó, anh ta sẽ được quay trở về đất liền để điều trị.
audio_00182|Lọc nước có 2 tác dụng chính.|Lọc nước có 2 tác dụng chính.
audio_00183|Ông khẳng định bởi những dân tộc khác đã có nhà nước nên người Do Thái cũng nên như vậy.|Ông khẳng định bởi những dân tộc khác đã có nhà nước nên người Do Thái cũng nên như vậy.
audio_00184|Xin thật lòng cảm ơn tất cả sự đóng góp.|Xin thật lòng cảm ơn tất cả sự đóng góp.
audio_00185|Thay một đường ống hẹp thẳng đứng.|Thay một đường ống hẹp thẳng đứng.
audio_00186|Với việc các quỹ Bitcoin ETF đã vượt bốc 27,5 tỷ đô vượt qua các quỹ ETF bạc và tiến gần đến mức 90 tỷ đô la do các quỹ ETF vàng nắm giữ.|Với việc các quỹ Bitcoin ETF đã vượt bốc 27,5 tỷ đô vượt qua các quỹ ETF bạc và tiến gần đến mức 90 tỷ đô la do các quỹ ETF vàng nắm giữ.
audio_00187|Ví dụ tất cả những cái động tác của người này.|Ví dụ tất cả những cái động tác của người này.
audio_00188|Trước tiềm năm mới, mời bạn ngồi lại, chuẩn bị bỏng ngô và cùng mình điểm lại 5 sự kiện thú vị nhất năm 2023.|Trước tiềm năm mới, mời bạn ngồi lại, chuẩn bị bỏng ngô và cùng mình điểm lại 5 sự kiện thú vị nhất năm 2023.
audio_00189|Ăn rất là hao.|Ăn rất là hao.
audio_00190|Nếu bạn nhìn thấy một người phụ nữ có thể bạn đang cảm thấy mình như một quả chanh đã bị vắt kiệt sức cả về tinh thần lẫn thể chất.|Nếu bạn nhìn thấy một người phụ nữ có thể bạn đang cảm thấy mình như một quả chanh đã bị vắt kiệt sức cả về tinh thần lẫn thể chất.
audio_00191|Chính là con bò mà chúng ta đang ẩn dụ đó.|Chính là con bò mà chúng ta đang ẩn dụ đó.
audio_00192|Chính vì thế mà trong đầu của anh chỉ nghĩ rằng đời tao còn cái gì để mất ở đâu.|Chính vì thế mà trong đầu của anh chỉ nghĩ rằng đời tao còn cái gì để mất ở đâu.
audio_00193|Khi bước ra khỏi bữa lễ mọi người đều khỏe khoắn, tươi mới cảm thấy trẻ trung hơn tràn đầy nhựa sống hơn.|Khi bước ra khỏi bữa lễ mọi người đều khỏe khoắn, tươi mới cảm thấy trẻ trung hơn tràn đầy nhựa sống hơn.
audio_00194|Nhìn người chồng đứng trước mặt.|Nhìn người chồng đứng trước mặt.
audio_00195|Anh thấy.|Anh thấy.
audio_00196|Vừa mở cửa, đào tỉnh đã nhìn thấy cha cô đang hú hí với một phụ nữ lạ trên giường.|Vừa mở cửa, đào tỉnh đã nhìn thấy cha cô đang hú hí với một phụ nữ lạ trên giường.
audio_00197|Và thật ngạc nhiên, tôi thấy mình như bay bổng.|Và thật ngạc nhiên, tôi thấy mình như bay bổng.
audio_00198|Trong 40 năm tiếp theo.|Trong 40 năm tiếp theo.
audio_00199|Bố khỉ. Sao thằng Nô thính hơn cái chó thế.|Bố khỉ. Sao thằng Nô thính hơn cái chó thế.
audio_00200|Và bắt buộc mà bạn phải đóng thuế nếu như bạn là công ty.|Và bắt buộc mà bạn phải đóng thuế nếu như bạn là công ty.
audio_00201|Nó là cái cơ hội nó chèn ép, nó không cho cái thoát lua của mạch máu ở vùng chậu về.|Nó là cái cơ hội nó chèn ép, nó không cho cái thoát lua của mạch máu ở vùng chậu về.
audio_00202|Bởi viết Rell không có vẻ quan tâm.|Bởi viết Rell không có vẻ quan tâm.
audio_00203|Sau đó thì mình cũng...|Sau đó thì mình cũng...
audio_00204|Ví dụ cụ thể là đây, một binh lính Ukraine vẫy tay ra ký hiệu đầu hàng.|Ví dụ cụ thể là đây, một binh lính Ukraine vẫy tay ra ký hiệu đầu hàng.
audio_00205|Mình làm món cho gia đình.|Mình làm món cho gia đình.
audio_00206|Theo như mình hiểu, thì nếu như các quốc gia phương Tây tịch thu 300 tỷ đô la của Nga, đây sẽ là một bước đi tất tài.|Theo như mình hiểu, thì nếu như các quốc gia phương Tây tịch thu 300 tỷ đô la của Nga, đây sẽ là một bước đi tất tài.
audio_00207|Đúng không ạ.|Đúng không ạ.
audio_00208|Nó khởi nguồn từ cú tát vào mặt Jane trong trận cãi vã.|Nó khởi nguồn từ cú tát vào mặt Jane trong trận cãi vã.
audio_00209|Bất lực trên giường mình.|Bất lực trên giường mình.
audio_00210|Dầu muốn hay không.|Dầu muốn hay không.
audio_00211|Đã được kích hoạt.|Đã được kích hoạt.
audio_00212|Một số người có khả năng thu hút đối tác, khách hàng hay thân chủ, tương tự như Nam Châm thu hút các mẫu sắt thép.|Một số người có khả năng thu hút đối tác, khách hàng hay thân chủ, tương tự như Nam Châm thu hút các mẫu sắt thép.
audio_00213|Sẽ làm cho bé thêm hăng hái.|Sẽ làm cho bé thêm hăng hái.
audio_00214|Chúng tôi không và không thể có những kế hoạch như vậy, nhưng người Mỹ thì có.|Chúng tôi không và không thể có những kế hoạch như vậy, nhưng người Mỹ thì có.
audio_00215|Nắng đung chót nón mưa dầm tả tơi.|Nắng đung chót nón mưa dầm tả tơi.
audio_00216|Các nhà quản lý quỹ phòng hộ thường tùy ý áp dụng hoặc không áp dụng chiêu thức này.|Các nhà quản lý quỹ phòng hộ thường tùy ý áp dụng hoặc không áp dụng chiêu thức này.
audio_00217|Bây giờ thì xin chào tạm biệt và hẹn gặp lại.|Bây giờ thì xin chào tạm biệt và hẹn gặp lại.
audio_00218|Mỗi ngày tiếp xúc được rất nhiều nhân tài, quản lại trong triều.|Mỗi ngày tiếp xúc được rất nhiều nhân tài, quản lại trong triều.
audio_00219|Nhắn tin mấy tiếng sau mới rep thôi.|Nhắn tin mấy tiếng sau mới rep thôi.
audio_00220|Nhân dịp này, 14 tập thể và 17 cá nhân, vinh dự được nhận bằng khen của Chủ tịch Ủy ban ngư dân tỉnh Gia Lai vì đã có thành tích xuất sắc trong phong trào thi đua Gia Lai chung tay xây dựng nông thôn mới giai đoạn 2021-2023.|Nhân dịp này, 14 tập thể và 17 cá nhân, vinh dự được nhận bằng khen của Chủ tịch Ủy ban ngư dân tỉnh Gia Lai vì đã có thành tích xuất sắc trong phong trào thi đua Gia Lai chung tay xây dựng nông thôn mới giai đoạn 2021-2023.
audio_00221|Còn bây giờ thì chúng ta bắt đầu với video thôi.|Còn bây giờ thì chúng ta bắt đầu với video thôi.
audio_00222|Ồ, đây rồi.|Ồ, đây rồi.
audio_00223|Tớ tin vào chuyện tâm linh.|Tớ tin vào chuyện tâm linh.
audio_00224|Khi Ben nghĩ rằng hắn ta hoàn toàn bị đánh bại.|Khi Ben nghĩ rằng hắn ta hoàn toàn bị đánh bại.
audio_00225|Sau khi để nguội thì mình có thể để tủ lạnh.|Sau khi để nguội thì mình có thể để tủ lạnh.
audio_00226|Sau bài thuyết trình dài 41 phút vào đúng 9h41 sáng.|Sau bài thuyết trình dài 41 phút vào đúng 9h41 sáng.
audio_00227|Sau đó thì mình sẽ cuộn chặt sai lại.|Sau đó thì mình sẽ cuộn chặt sai lại.
audio_00228|Thay vào đó là các sản phẩm thân thiện với môi trường.|Thay vào đó là các sản phẩm thân thiện với môi trường.
audio_00229|Người muốn làm đại dự, trước tiên hãy trú trọng tầm nhìn.|Người muốn làm đại dự, trước tiên hãy trú trọng tầm nhìn.
audio_00230|Là cựu sinh viên khoá 54 của khoa Kinh tế, Trường Đại học Hàng hải Việt Nam, làm việc tại doanh nghiệp Logistics được gần 5 năm, chị Mai Thị Thủy có thể đáp ứng được yêu cầu về chuyên môn công việc.|Là cựu sinh viên khoá 54 của khoa Kinh tế, Trường Đại học Hàng hải Việt Nam, làm việc tại doanh nghiệp Logistics được gần 5 năm, chị Mai Thị Thủy có thể đáp ứng được yêu cầu về chuyên môn công việc.
audio_00231|Một con đường dành cho những người nông dân nghèo khổ có thể vùng lên khỏi chủ nghĩa thực dân.|Một con đường dành cho những người nông dân nghèo khổ có thể vùng lên khỏi chủ nghĩa thực dân.
audio_00232|Nhấn mạnh sự suy giảm về tiện ích trực tiếp và mức độ tương tác của nền tảng.|Nhấn mạnh sự suy giảm về tiện ích trực tiếp và mức độ tương tác của nền tảng.
audio_00233|Một năm sau ngày bà mất.|Một năm sau ngày bà mất.
audio_00234|Hoặc bạn cũng có thể kết hợp tên thương hiệu với đặc điểm cá nhân, tính cách hoặc sở thích cá nhân.|Hoặc bạn cũng có thể kết hợp tên thương hiệu với đặc điểm cá nhân, tính cách hoặc sở thích cá nhân.
audio_00235|Vấn đề là không có chính phủ nào của nước nào có thể tạo ra việc làm cả.|Vấn đề là không có chính phủ nào của nước nào có thể tạo ra việc làm cả.
audio_00236|Cứ coi như cái sự chán đời là bóng tối đi.|Cứ coi như cái sự chán đời là bóng tối đi.
audio_00237|Tôi đã miền mai tìm kiếm thêm, nhưng mọi thứ suốt cuộc đều khớp vừa phẳng với một hoặc vài nguyên lý thuộc 14 nguyên lý đó thôi.|Tôi đã miền mai tìm kiếm thêm, nhưng mọi thứ suốt cuộc đều khớp vừa phẳng với một hoặc vài nguyên lý thuộc 14 nguyên lý đó thôi.
audio_00238|Chính vì vậy, quả thật là một thiếu sót lớn khi bàn đến sức mạnh tổng thể của một cộ chiến xa mà lại bỏ qua khả năng phòng thủ của nó.|Chính vì vậy, quả thật là một thiếu sót lớn khi bàn đến sức mạnh tổng thể của một cộ chiến xa mà lại bỏ qua khả năng phòng thủ của nó.
audio_00239|Điều này khiến cho lý tưởng của cô khó có thể thực hiện được mục tiêu của mình.|Điều này khiến cho lý tưởng của cô khó có thể thực hiện được mục tiêu của mình.
audio_00240|Nếu như không nhận được phản hồi thì chúng ta sẽ không thể biết được là mình đã làm đúng ở đâu và đã làm sai ở đâu.|Nếu như không nhận được phản hồi thì chúng ta sẽ không thể biết được là mình đã làm đúng ở đâu và đã làm sai ở đâu.
audio_00241|Không khí nóng hơn có thể giữ nhiều hơi ẩm hơn.|Không khí nóng hơn có thể giữ nhiều hơi ẩm hơn.
audio_00242|Hai ông cháu cùng nhau đi về làng.|Hai ông cháu cùng nhau đi về làng.
audio_00243|Trong bóng tối, Toại nói cái gì đó mà Toàn không nghe thấy.|Trong bóng tối, Toại nói cái gì đó mà Toàn không nghe thấy.
audio_00244|Mình cho vào bát 80g sô-cô-la trắng.|Mình cho vào bát 80g sô-cô-la trắng.
audio_00245|Coi như quăng.|Coi như quăng.
audio_00246|Có lẽ khác biệt lớn nhất giữa hai loài chỉ là đôi cánh to khỏe mà thôi.|Có lẽ khác biệt lớn nhất giữa hai loài chỉ là đôi cánh to khỏe mà thôi.
audio_00247|Tôi vội gọi cho bố mẹ vợ kể hết sự việc, kêu họ là không cho Huệ vô nhà, để em đưa con trở về xin lỗi tôi.|Tôi vội gọi cho bố mẹ vợ kể hết sự việc, kêu họ là không cho Huệ vô nhà, để em đưa con trở về xin lỗi tôi.
audio_00248|Nhưng dầu có bị đầy xuống địa ngục ta cũng khó ngồi chung bàn ăn lần nữa với bà mẹ kế người Zansky của nó.|Nhưng dầu có bị đầy xuống địa ngục ta cũng khó ngồi chung bàn ăn lần nữa với bà mẹ kế người Zansky của nó.
audio_00249|Đó là lúc chú ý vô thức làm việc.|Đó là lúc chú ý vô thức làm việc.
audio_00250|Tại vì đơn giản.|Tại vì đơn giản.
audio_00251|Câu hỏi cuối cùng mà mình khuyên các bạn nên tự đặt cho bản thân mình trước khi các bạn có ý định học công nghệ động tin.|Câu hỏi cuối cùng mà mình khuyên các bạn nên tự đặt cho bản thân mình trước khi các bạn có ý định học công nghệ động tin.
audio_00252|Tại sao con làm thế.|Tại sao con làm thế.
audio_00253|Điều này khiến cậu bé rất cảm kích vì cậu rất muốn được gặp cha mẹ của mình.|Điều này khiến cậu bé rất cảm kích vì cậu rất muốn được gặp cha mẹ của mình.
audio_00254|Bạn có thể bắt đầu bằng việc nhập các nguyên liệu cần thiết như ngũ cốc, granola, hạt giống, mật ong, và sau đó thực hiện theo các công thức sẵn có trên mạng.|Bạn có thể bắt đầu bằng việc nhập các nguyên liệu cần thiết như ngũ cốc, granola, hạt giống, mật ong, và sau đó thực hiện theo các công thức sẵn có trên mạng.
audio_00255|Các bạn nhìn cái miếng thịt gà nè, rất là ngon.|Các bạn nhìn cái miếng thịt gà nè, rất là ngon.
audio_00256|Ủng hộ nó rất là dữ luôn.|Ủng hộ nó rất là dữ luôn.
audio_00257|Trung ương đoàn cũng chỉ đạo các cấp tiếp tục huy động nguồn lực để có thêm các hoạt động chăm lo, đồng hành với thanh thiếu nhi, người lao động khó khăn trong dịp Tết nguyên đáng.|Trung ương đoàn cũng chỉ đạo các cấp tiếp tục huy động nguồn lực để có thêm các hoạt động chăm lo, đồng hành với thanh thiếu nhi, người lao động khó khăn trong dịp Tết nguyên đáng.
audio_00258|Jeff đã cùng gia đình chuyển tới nơi ở mới. Cha của anh được thăng chức và họ nghĩ rằng nên chuyển tới nơi thích hợp hơn. Jeff và anh trai Liu không có gì để phàn nàn. Nơi này tốt hơn nơi ở cũ nhiều. Sẽ có gì chờ đón họ.|Jeff đã cùng gia đình chuyển tới nơi ở mới. Cha của anh được thăng chức và họ nghĩ rằng nên chuyển tới nơi thích hợp hơn. Jeff và anh trai Liu không có gì để phàn nàn. Nơi này tốt hơn nơi ở cũ nhiều. Sẽ có gì chờ đón họ.
audio_00259|Đến đây chắc nhiều người sẽ nghĩ, bố mình sản hả?|Đến đây chắc nhiều người sẽ nghĩ, bố mình sản hả?
audio_00260|Từ máu nó sẽ lưu chuyển toàn bộ trong cơ thể.|Từ máu nó sẽ lưu chuyển toàn bộ trong cơ thể.
audio_00261|Thực tế được ghi nhận qua các nghiên cứu về sự bất thường của não bộ cho thấy chính những sự bất thường này dường như mới là cơ chế gây ra sự dối loạn.|Thực tế được ghi nhận qua các nghiên cứu về sự bất thường của não bộ cho thấy chính những sự bất thường này dường như mới là cơ chế gây ra sự dối loạn.
audio_00262|Tuy nhiên thì nói lý thuyết là một chuyện để có thể hiểu sâu hơn về cái chức năng này thì chúng ta cũng cần phải kết hợp với cái việc quan sát trực tiếp ngoài thực tế và nhận biết những cái biểu hiện thường thấy.|Tuy nhiên thì nói lý thuyết là một chuyện để có thể hiểu sâu hơn về cái chức năng này thì chúng ta cũng cần phải kết hợp với cái việc quan sát trực tiếp ngoài thực tế và nhận biết những cái biểu hiện thường thấy.
audio_00263|Sao mày không tìm tao?|Sao mày không tìm tao?
audio_00264|Nàng tiếp tục đẩy lùi cám dỗ của sự nghỉ ngơi.|Nàng tiếp tục đẩy lùi cám dỗ của sự nghỉ ngơi.
audio_00265|Khao khát tình yêu và khao khát làm giàu luôn là hai đề tài hấp dẫn nhất đối với con người.|Khao khát tình yêu và khao khát làm giàu luôn là hai đề tài hấp dẫn nhất đối với con người.
audio_00266|Melissa và tôi uống thêm vài ly nữa, rồi đi ra ngoài để vào xe.|Melissa và tôi uống thêm vài ly nữa, rồi đi ra ngoài để vào xe.
audio_00267|Thông tin kịp thời nội dung 201 văn bản chỉ đạo điều hành của Trung ương của tỉnh trên sóng phát thanh truyền hình và trang thông tin điện tử.|Thông tin kịp thời nội dung 201 văn bản chỉ đạo điều hành của Trung ương của tỉnh trên sóng phát thanh truyền hình và trang thông tin điện tử.
audio_00268|Mỗi xu hướng thương mại điện tử sẽ phù hợp với một loại sản phẩm hoặc dịch vụ cụ thể hơn.|Mỗi xu hướng thương mại điện tử sẽ phù hợp với một loại sản phẩm hoặc dịch vụ cụ thể hơn.
audio_00269|Bên cạnh những lời khuyên bổ ích về vấn đề này, cuốn sách cũng chỉ ra những vấn đề đạo đức mà các doanh nghiệp đang mắc phải.|Bên cạnh những lời khuyên bổ ích về vấn đề này, cuốn sách cũng chỉ ra những vấn đề đạo đức mà các doanh nghiệp đang mắc phải.
audio_00270|Có lẽ chỉ cần một lần nữa thôi là tôi có thể thoát ra khỏi đây.|Có lẽ chỉ cần một lần nữa thôi là tôi có thể thoát ra khỏi đây.
audio_00271|Xin kính chào tạm biệt và hẹn gặp lại.|Xin kính chào tạm biệt và hẹn gặp lại.
audio_00272|Tỷ lệ người trong độ tuổi lao động ở Trung Quốc đã giảm từ 70,1% trong năm 2010 xuống còn 61,3% vào năm 2023, với hơn 44 triệu lao động đã mất đi trong hơn một thập kỷ vừa qua.|Tỷ lệ người trong độ tuổi lao động ở Trung Quốc đã giảm từ 70,1% trong năm 2010 xuống còn 61,3% vào năm 2023, với hơn 44 triệu lao động đã mất đi trong hơn một thập kỷ vừa qua.
audio_00273|Thêm nữa, mỗi và mọi tháng bao gồm một quan điểm triết lý đặc thù mà có thể được dùng để hướng dẫn những hành động của chúng ta.|Thêm nữa, mỗi và mọi tháng bao gồm một quan điểm triết lý đặc thù mà có thể được dùng để hướng dẫn những hành động của chúng ta.
audio_00274|Bất kể trời mưa, hay nóng như đổ lửa, cho dù tôi phát điên, tôi buồn bã, tôi ốm, hay tôi có bài kiểm tra vào ngày mai.|Bất kể trời mưa, hay nóng như đổ lửa, cho dù tôi phát điên, tôi buồn bã, tôi ốm, hay tôi có bài kiểm tra vào ngày mai.
audio_00275|Bất cứ ai đảm trách bán một thứ gì đó cho xã hội đều phải chịu trách nhiệm cho hành vi của mình.|Bất cứ ai đảm trách bán một thứ gì đó cho xã hội đều phải chịu trách nhiệm cho hành vi của mình.
audio_00276|Thậm chí là rất nhiều người ủng hộ mình.|Thậm chí là rất nhiều người ủng hộ mình.
audio_00277|Chính cái thấy của ta mới là quan trọng.|Chính cái thấy của ta mới là quan trọng.
audio_00278|Các bạn chim mang các viên kẹo đủ màu sắc.|Các bạn chim mang các viên kẹo đủ màu sắc.
audio_00279|Vì có rất nhiều cách kiếm tiền trên thị trường và cách nào cũng có lý của nó.|Vì có rất nhiều cách kiếm tiền trên thị trường và cách nào cũng có lý của nó.
audio_00280|Đến khi cấp bách.|Đến khi cấp bách.
audio_00281|Phải thương mẹ. Phải cố nên người. Tự khuyến khích thế rồi. Tôi lìa bỏ các bạn bè hư hỏng. Tôi chia thị giờ làm việc. Buổi sáng 4 giờ ở dạ lữ viện lên nhà báo.|Phải thương mẹ. Phải cố nên người. Tự khuyến khích thế rồi. Tôi lìa bỏ các bạn bè hư hỏng. Tôi chia thị giờ làm việc. Buổi sáng 4 giờ ở dạ lữ viện lên nhà báo.
audio_00282|Bố mẹ cô bé rất ngạc nhiên.|Bố mẹ cô bé rất ngạc nhiên.
audio_00283|Thời cờ lập thành tích đã đến.|Thời cờ lập thành tích đã đến.
audio_00284|Không đẻ được thì cô đừng mong được nuôi cháu tôi.|Không đẻ được thì cô đừng mong được nuôi cháu tôi.
audio_00285|Có vẻ như chiến thuật này đang hoạt động khá hiệu quả.|Có vẻ như chiến thuật này đang hoạt động khá hiệu quả.
audio_00286|Đây thịt thì các bạn cũng thấy là cái độ mềm rất là mềm luôn ha.|Đây thịt thì các bạn cũng thấy là cái độ mềm rất là mềm luôn ha.
audio_00287|Rồi bất chợt, đèn điện ở đồn cảnh sát và trong toàn bộ thị trấn đồng loạt vụt tắt.|Rồi bất chợt, đèn điện ở đồn cảnh sát và trong toàn bộ thị trấn đồng loạt vụt tắt.
audio_00288|Và mình cũng sẽ làm tương tự như lúc nãy nha.|Và mình cũng sẽ làm tương tự như lúc nãy nha.
audio_00289|Mày nói hay lắm nhóc.|Mày nói hay lắm nhóc.
audio_00290|Hai tác phẩm này đều được viết trong thời kỳ loạn lạc đầy tính hoang tàn và mang trợ, khi mà những giá trị đạo đức bị băng hoại triệt để và những lời nói của tiền nhân chỉ là gió thoảng qua tai.|Hai tác phẩm này đều được viết trong thời kỳ loạn lạc đầy tính hoang tàn và mang trợ, khi mà những giá trị đạo đức bị băng hoại triệt để và những lời nói của tiền nhân chỉ là gió thoảng qua tai.
audio_00291|Điều này mà xảy ra thì sẽ vô cùng phiền phức.|Điều này mà xảy ra thì sẽ vô cùng phiền phức.
audio_00292|Lau chùi nhà cửa hay đồ đạc tuy mệt, nhưng đó là khoảng thời gian không phải nghĩ ngợi gì, chỉ chuyên tâm dọn dẹp.|Lau chùi nhà cửa hay đồ đạc tuy mệt, nhưng đó là khoảng thời gian không phải nghĩ ngợi gì, chỉ chuyên tâm dọn dẹp.
audio_00293|Thiết bị tăng thông lượng được cắm vào máy dệt, Tamley trở về nguyên vẹn, còn các nhánh thời gian đã bắt đầu bệ lại thành cuộn.|Thiết bị tăng thông lượng được cắm vào máy dệt, Tamley trở về nguyên vẹn, còn các nhánh thời gian đã bắt đầu bệ lại thành cuộn.
audio_00294|Và nó cũng là cơ quan cực kỳ quan trọng.|Và nó cũng là cơ quan cực kỳ quan trọng.
audio_00295|Mình bắt đầu nghĩ theo cái khía cảnh.|Mình bắt đầu nghĩ theo cái khía cảnh.
audio_00296|Ví dụ như là phải chọn cái kiểu tóc nào rồi cái màu tóc ra sao.|Ví dụ như là phải chọn cái kiểu tóc nào rồi cái màu tóc ra sao.
audio_00297|Chi tiết nội dung sẽ có trong chương trình Thời sự 19h45 tối nay. Mời quý vị và các bạn chú ý đón xem.|Chi tiết nội dung sẽ có trong chương trình Thời sự 19h45 tối nay. Mời quý vị và các bạn chú ý đón xem.
audio_00298|Tại sao trong nhiều công việc cô lại xin ứng tuyển làm caddy golf.|Tại sao trong nhiều công việc cô lại xin ứng tuyển làm caddy golf.
audio_00299|Ngoài ra trong các nhiệm vụ tấn công với vai trò trinh sát tầm xa chân không, các máy bay này cũng giữ nhiệm vụ tối mật xác định các mục tiêu về mặt thời gian thực định chính xác.|Ngoài ra trong các nhiệm vụ tấn công với vai trò trinh sát tầm xa chân không, các máy bay này cũng giữ nhiệm vụ tối mật xác định các mục tiêu về mặt thời gian thực định chính xác.
audio_00300|Mấy cái kính mà rẻ rẻ đấy.|Mấy cái kính mà rẻ rẻ đấy.
audio_00301|Hoặc cũng có thể anh ta hơi lơ đẳng và quên mất thời gian.|Hoặc cũng có thể anh ta hơi lơ đẳng và quên mất thời gian.
audio_00302|Mà thực ra nghĩ lại thì có vẻ thời điểm hơi đúng quá thì phải.|Mà thực ra nghĩ lại thì có vẻ thời điểm hơi đúng quá thì phải.
audio_00303|Cái con chatbot này bây giờ nó hot gần như là hot nhất thế giới luôn.|Cái con chatbot này bây giờ nó hot gần như là hot nhất thế giới luôn.
audio_00304|Bánh sẽ được làm với yến mạch, bột nguyên cám và không dùng đường nên cũng sẽ tốt hơn cho sức khỏe so với bánh quy thông thường.|Bánh sẽ được làm với yến mạch, bột nguyên cám và không dùng đường nên cũng sẽ tốt hơn cho sức khỏe so với bánh quy thông thường.
audio_00305|Cái slung có 200-300 xị à.|Cái slung có 200-300 xị à.
audio_00306|Chính bố, bằng tấm lòng, đã thường xuyên thúc giục để tôi vượt qua sự trì hoãn trong quá trình thực hiện quyển sách.|Chính bố, bằng tấm lòng, đã thường xuyên thúc giục để tôi vượt qua sự trì hoãn trong quá trình thực hiện quyển sách.
audio_00307|Nhưng không mang lại niềm vui, ý nghĩa cho cuộc sống.|Nhưng không mang lại niềm vui, ý nghĩa cho cuộc sống.
audio_00308|Miếng trầu nên nghệ phu thê.|Miếng trầu nên nghệ phu thê.
audio_00309|Theo cán bộ này, nguyên nhân là do khách hàng dùng nước quên khóa vòi để nước chảy ra ngoài.|Theo cán bộ này, nguyên nhân là do khách hàng dùng nước quên khóa vòi để nước chảy ra ngoài.
audio_00310|Cái này để làm gì vậy bố.|Cái này để làm gì vậy bố.
audio_00311|Từ ngày biết nói, Edward đã được bố cho làm quen với các con số, đầu tiên là từ 1 đến 100, và ông nhanh chóng học được cách đếm, từ khi 3 tuổi, Edward đã luôn yêu thích việc học hỏi thông qua thí nghiệm và khám phá cách thế giới vận hành.|Từ ngày biết nói, Edward đã được bố cho làm quen với các con số, đầu tiên là từ 1 đến 100, và ông nhanh chóng học được cách đếm, từ khi 3 tuổi, Edward đã luôn yêu thích việc học hỏi thông qua thí nghiệm và khám phá cách thế giới vận hành.
audio_00312|Vai trò của đào tạo và phát triển nhân lực trong việc triển khai công nghệ.|Vai trò của đào tạo và phát triển nhân lực trong việc triển khai công nghệ.
audio_00313|Mình tự hỏi có phải sống hiền lành quá nên dễ bị bắt nạt không?|Mình tự hỏi có phải sống hiền lành quá nên dễ bị bắt nạt không?
audio_00314|Bị ném ra ngơ ngác giữa đời sống.|Bị ném ra ngơ ngác giữa đời sống.
audio_00315|Cái dạng thứ 2 đó là dạng mà chúng ta sát khuẩn vết thương nè, chúng ta sốt miệng, thì nó là cái dạng gọi là can thiết bị y tế, thì nó sẽ thuộc một cái dạng khác nữa.|Cái dạng thứ 2 đó là dạng mà chúng ta sát khuẩn vết thương nè, chúng ta sốt miệng, thì nó là cái dạng gọi là can thiết bị y tế, thì nó sẽ thuộc một cái dạng khác nữa.
audio_00316|Bởi trong những ngày đầu tiên đi làm, nhóm của bạn sẽ chẳng có lấy một xu dính túi.|Bởi trong những ngày đầu tiên đi làm, nhóm của bạn sẽ chẳng có lấy một xu dính túi.
audio_00317|Từ đó, hai anh em sẽ chạy trốn khỏi thị trấn hiểu lánh này.|Từ đó, hai anh em sẽ chạy trốn khỏi thị trấn hiểu lánh này.
audio_00318|Nắm được bốn khuyến hướng.|Nắm được bốn khuyến hướng.
audio_00319|Có chuyện gì mà hai người lại kéo nhau tới tận đây làm ẩm mỹ lên thế hả?|Có chuyện gì mà hai người lại kéo nhau tới tận đây làm ẩm mỹ lên thế hả?
audio_00320|Phân lập có nghĩa là tìm kiếm các cá thể vi rút.|Phân lập có nghĩa là tìm kiếm các cá thể vi rút.
audio_00321|Khi âm nhạc lan rộng khắp nơi nó bắt đầu ảnh hưởng đến toàn bộ người dân Springfield.|Khi âm nhạc lan rộng khắp nơi nó bắt đầu ảnh hưởng đến toàn bộ người dân Springfield.
audio_00322|Bởi lẽ, quý phi và hoàng hậu đều đã nắm nằng chui, gia đình của A Nhược đều đang nằm trong tay họ.|Bởi lẽ, quý phi và hoàng hậu đều đã nắm nằng chui, gia đình của A Nhược đều đang nằm trong tay họ.
audio_00323|Hãy cùng đi tìm lời giải đáp ngay trong video ngày hôm nay.|Hãy cùng đi tìm lời giải đáp ngay trong video ngày hôm nay.
audio_00324|Dạ, con chào cha.|Dạ, con chào cha.
audio_00325|Đó là trong thực tế thì mô hình 3 đã áp dụng khi mà nhiều tổ chức thì giả định đó là lợi suất của tài sản thì tuân theo phân phối chuẩn.|Đó là trong thực tế thì mô hình 3 đã áp dụng khi mà nhiều tổ chức thì giả định đó là lợi suất của tài sản thì tuân theo phân phối chuẩn.
audio_00326|Và bây giờ.|Và bây giờ.
audio_00327|Khi các bạn phát hiện một cây hoa lan đã bị khô héo và rễ đã bị hư, việc cần làm là chúng ta sẽ không tưới nước cho những cây hoa lan này, vì sẽ tạo điều kiện cho di khuẩn và nấm phát triển rất nhanh.|Khi các bạn phát hiện một cây hoa lan đã bị khô héo và rễ đã bị hư, việc cần làm là chúng ta sẽ không tưới nước cho những cây hoa lan này, vì sẽ tạo điều kiện cho di khuẩn và nấm phát triển rất nhanh.
audio_00328|Tiết lộ vũ khí hiệu quả của Ukraina khiến Nga đứng ngồi không yên.|Tiết lộ vũ khí hiệu quả của Ukraina khiến Nga đứng ngồi không yên.
audio_00329|Và bắt tay vào hành động trước.|Và bắt tay vào hành động trước.
audio_00330|Và khi đó các bạn có thể đi ngủ sau đó một cách dễ dàng cũng rất nhiều.|Và khi đó các bạn có thể đi ngủ sau đó một cách dễ dàng cũng rất nhiều.
audio_00331|Xương trở lên giòn hơn, xương sống bị đè nén.|Xương trở lên giòn hơn, xương sống bị đè nén.
audio_00332|Nhà báo hỏi Mel về cách thức giết người của cô ta và lý do vì sao cô ta lại muốn trả lời phỏng vấn sau 3 năm không nói một lời nào.|Nhà báo hỏi Mel về cách thức giết người của cô ta và lý do vì sao cô ta lại muốn trả lời phỏng vấn sau 3 năm không nói một lời nào.
audio_00333|Sau quá trình tốt nghiệp đại học thì em có xin học việc tại quân khu 5.|Sau quá trình tốt nghiệp đại học thì em có xin học việc tại quân khu 5.
audio_00334|Cái người đang khám cho mình. Đang yêu cầu mình cởi quần. Cái người sắp soi từng ngốc ngách trong đít mình đó là Chris. Hồi đại học của mình. Trời ơi. Chắc là ông không nhớ mình đâu ha. Nhớ làm sao được.|Cái người đang khám cho mình. Đang yêu cầu mình cởi quần. Cái người sắp soi từng ngốc ngách trong đít mình đó là Chris. Hồi đại học của mình. Trời ơi. Chắc là ông không nhớ mình đâu ha. Nhớ làm sao được.
audio_00335|Nhưng thực chất là.|Nhưng thực chất là.
audio_00336|Sau đó nóng lại để làm nóng lò.|Sau đó nóng lại để làm nóng lò.
audio_00337|Chiều hôm đó thì tôi xây một cái máy farm mía nhỏ 2 tầng.|Chiều hôm đó thì tôi xây một cái máy farm mía nhỏ 2 tầng.
audio_00338|Mình muốn lan tỏa tới tất cả các bạn 6 bí quyết để nâng cao sự tự tin mình đã áp dụng và thực sự hiệu quả.|Mình muốn lan tỏa tới tất cả các bạn 6 bí quyết để nâng cao sự tự tin mình đã áp dụng và thực sự hiệu quả.
audio_00339|Và do đầu con nhện này cũng rất thấp nên cách nhảy lên lan can vẫn hiệu quả để chống lại sinh vật này.|Và do đầu con nhện này cũng rất thấp nên cách nhảy lên lan can vẫn hiệu quả để chống lại sinh vật này.
audio_00340|Đó là thời khắc mà cái lò lửa ban đầu có nhiệt độ 100.000 tỷ tỷ tỷ độ thì vật chất sẽ diễn biến như thế nào?|Đó là thời khắc mà cái lò lửa ban đầu có nhiệt độ 100.000 tỷ tỷ tỷ độ thì vật chất sẽ diễn biến như thế nào?
audio_00341|Migi vẫn hoàn toàn khỏe mạnh dù chỉ ở trên cánh tay phải.|Migi vẫn hoàn toàn khỏe mạnh dù chỉ ở trên cánh tay phải.
audio_00342|Ông ấy đã làm đau mẹ, cứu với.|Ông ấy đã làm đau mẹ, cứu với.
audio_00343|Về hình ảnh này, cư dân cổ xưa ở Mexico đã khắc sự kiện này vào đá.|Về hình ảnh này, cư dân cổ xưa ở Mexico đã khắc sự kiện này vào đá.
audio_00344|Ngược lại, phần lớn Bắc Âu khi ấy bị nhấn chim bởi những tảng băng dày khiến những khu vực rộng lớn không thể ở được.|Ngược lại, phần lớn Bắc Âu khi ấy bị nhấn chim bởi những tảng băng dày khiến những khu vực rộng lớn không thể ở được.
audio_00345|Nền nhiệt độ trung bình các tháng tiếp tục duy trì ở mức cao hơn so với trung bình nhiều năm, từ 0,5-1 độ.|Nền nhiệt độ trung bình các tháng tiếp tục duy trì ở mức cao hơn so với trung bình nhiều năm, từ 0,5-1 độ.
audio_00346|Bên trong của Miss Marger.|Bên trong của Miss Marger.
audio_00347|Rồi. Hẹo rồi. Không được rồi. Đấy còn khác rồi. Ok. Ra với chị nè em yêu.|Rồi. Hẹo rồi. Không được rồi. Đấy còn khác rồi. Ok. Ra với chị nè em yêu.
audio_00348|Chẳng những thế, chúng còn phải được cập nhật thường xuyên nữa.|Chẳng những thế, chúng còn phải được cập nhật thường xuyên nữa.
audio_00349|Tiếp tục đặt trứng vào một cái tô khác.|Tiếp tục đặt trứng vào một cái tô khác.
audio_00350|Nem nướng sẽ giòn, ngon, mìm mà không bị khô.|Nem nướng sẽ giòn, ngon, mìm mà không bị khô.
audio_00351|Defler trả lời.|Defler trả lời.
audio_00352|Nhưng mà vị ăn ok nhá.|Nhưng mà vị ăn ok nhá.
audio_00353|Khỏi phải giới thiệu dài dòng, hãy bắt đầu ngay với câu chuyện.|Khỏi phải giới thiệu dài dòng, hãy bắt đầu ngay với câu chuyện.
audio_00354|Nhu cầu người bệnh cần ghép tạng ở Việt Nam là rất lớn, lên đến hàng chục ngàn cả mỗi năm.|Nhu cầu người bệnh cần ghép tạng ở Việt Nam là rất lớn, lên đến hàng chục ngàn cả mỗi năm.
audio_00355|Nếu tiếp tục dậm chân với lạm phát như hiện tại, nói qua một chút về stagflation, thì đây là hiện tượng nền kinh tế suy thoái đi kèm với đó là lạm phát cao, tỷ lệ thất nghiệp cũng tăng cao theo.|Nếu tiếp tục dậm chân với lạm phát như hiện tại, nói qua một chút về stagflation, thì đây là hiện tượng nền kinh tế suy thoái đi kèm với đó là lạm phát cao, tỷ lệ thất nghiệp cũng tăng cao theo.
audio_00356|Mỗi cái quyết định của bạn là đều để đưa công ty đi tiếp lên một cái bước gần hơn nữa tới những cái dự định của bạn.|Mỗi cái quyết định của bạn là đều để đưa công ty đi tiếp lên một cái bước gần hơn nữa tới những cái dự định của bạn.
audio_00357|Khả năng nhìn thấu vấn đề.|Khả năng nhìn thấu vấn đề.
audio_00358|Tất cả chúng ta đều cần phát triển tính linh hoạt từ đó có khả năng biến đổi phong cách giao tiếp điều chỉnh nó khi nói chuyện với những người khác biệt với mình.|Tất cả chúng ta đều cần phát triển tính linh hoạt từ đó có khả năng biến đổi phong cách giao tiếp điều chỉnh nó khi nói chuyện với những người khác biệt với mình.
audio_00359|Nhưng mà thông minh như thế thì thường sống không lâu lắm đâu mẹ.|Nhưng mà thông minh như thế thì thường sống không lâu lắm đâu mẹ.
audio_00360|Thì màu xanh á.|Thì màu xanh á.
audio_00361|Và theo tình toán của người dân, nếu giá lợn hơi từ 55.000 đồng một kg trở lên, người dân mới có lãi.|Và theo tình toán của người dân, nếu giá lợn hơi từ 55.000 đồng một kg trở lên, người dân mới có lãi.
audio_00362|Và liệu tương lai sẽ có sự thay đổi hay không?|Và liệu tương lai sẽ có sự thay đổi hay không?
audio_00363|Thứ hai là cho nó giòn ngon hơn.|Thứ hai là cho nó giòn ngon hơn.
audio_00364|Ây vậy mà dường như tình yêu với điện ảnh của nhà làm phim 80 tuổi vẫn chưa bao giờ cạn kiệt.|Ây vậy mà dường như tình yêu với điện ảnh của nhà làm phim 80 tuổi vẫn chưa bao giờ cạn kiệt.
audio_00365|Quốc hội Ukraine vẫn đang xem xét dự luật kéo rộng độ tuổi nhập ngũ cùng với việc đưa phụ nữ vào diện quân dịch khi mà quân đội Ukraine đang cần bổ sung gấp thêm 500.000 binh sĩ.|Quốc hội Ukraine vẫn đang xem xét dự luật kéo rộng độ tuổi nhập ngũ cùng với việc đưa phụ nữ vào diện quân dịch khi mà quân đội Ukraine đang cần bổ sung gấp thêm 500.000 binh sĩ.
audio_00366|Và chắc là không chỉ có một mình mình để ý rằng Match 7 đang tạo dáng đặc trưng của Kiana phải không?|Và chắc là không chỉ có một mình mình để ý rằng Match 7 đang tạo dáng đặc trưng của Kiana phải không?
audio_00367|Đó thì đó là một độc quyền giữa Samsung và Wacom họ làm việc với nhau.|Đó thì đó là một độc quyền giữa Samsung và Wacom họ làm việc với nhau.
audio_00368|Còn bây giờ thì bắt đầu ngay thôi nào. Let's go!|Còn bây giờ thì bắt đầu ngay thôi nào. Let's go!
audio_00369|Tôi cũng tin rằng bằng cách nào đó nếu có thể rút linh hồn khỏi cơ thể, xếp chúng đứng cạnh nhau để so sánh thì sự giống nhau đó sẽ khiến bạn ngạc nhiên.|Tôi cũng tin rằng bằng cách nào đó nếu có thể rút linh hồn khỏi cơ thể, xếp chúng đứng cạnh nhau để so sánh thì sự giống nhau đó sẽ khiến bạn ngạc nhiên.
audio_00370|Lừa đảo chuyên nghiệp nên những đối tượng này thậm chí còn tự trang bị cho mình những tấm thẻ giả của một tổ chức từ thiện để dụ dỗ người dân.|Lừa đảo chuyên nghiệp nên những đối tượng này thậm chí còn tự trang bị cho mình những tấm thẻ giả của một tổ chức từ thiện để dụ dỗ người dân.
audio_00371|Sau bữa tiệc, ai cũng về nhà.|Sau bữa tiệc, ai cũng về nhà.
audio_00372|Hai cậu kia đi tắm sông phải không?|Hai cậu kia đi tắm sông phải không?
audio_00373|Ba vô viện giữa lão ba ở.|Ba vô viện giữa lão ba ở.
audio_00374|Về thương tâm lý không thể nào lành nếu nó có chứa chấp mãi hận thù.|Về thương tâm lý không thể nào lành nếu nó có chứa chấp mãi hận thù.
audio_00375|Khoảng 98% tất cả các sinh vật từng tồn tại trên hành tinh của chúng ta đã biến mất trong quá trình lịch sử trái đất.|Khoảng 98% tất cả các sinh vật từng tồn tại trên hành tinh của chúng ta đã biến mất trong quá trình lịch sử trái đất.
audio_00376|Với việc mô tả được một phân tử có khả năng má hóa, một lý thuyết thống nhất về sinh học đã có được chỗ đứng vững chắc, cung cấp một nền tảng đơn giản nhưng phổ quát cho sự sống.|Với việc mô tả được một phân tử có khả năng má hóa, một lý thuyết thống nhất về sinh học đã có được chỗ đứng vững chắc, cung cấp một nền tảng đơn giản nhưng phổ quát cho sự sống.
audio_00377|Bà đã suy luận kiểu gì để làm ra được cái kế hoạch ngu học này vậy.|Bà đã suy luận kiểu gì để làm ra được cái kế hoạch ngu học này vậy.
audio_00378|Cũng như, hòn đảo này vẫn là cảng vận chuyển bận rộn hàng đầu thế giới.|Cũng như, hòn đảo này vẫn là cảng vận chuyển bận rộn hàng đầu thế giới.
audio_00379|Và cũng từ đó, con người thường có xu hướng vĩ đại hóa những thất bại của mình.|Và cũng từ đó, con người thường có xu hướng vĩ đại hóa những thất bại của mình.
audio_00380|Khi người dân cần bảo vệ thì họ rừng rưng, khi người dân bị oan uồng thì họ làm mọi cách để gắn tội.|Khi người dân cần bảo vệ thì họ rừng rưng, khi người dân bị oan uồng thì họ làm mọi cách để gắn tội.
audio_00381|Và cũng tại đây muốn làm điều này thì tương đối dễ dàng bởi vì cảnh sát sẽ không can thiệp vào cuộc sống riêng tư của công dân trừ khi có những lý do đặc biệt như phạm tội hoặc tai nạn.|Và cũng tại đây muốn làm điều này thì tương đối dễ dàng bởi vì cảnh sát sẽ không can thiệp vào cuộc sống riêng tư của công dân trừ khi có những lý do đặc biệt như phạm tội hoặc tai nạn.
audio_00382|Các công ty khai thác đã bán hàng trăm triệu đô la Bitcoin trong tuần qua.|Các công ty khai thác đã bán hàng trăm triệu đô la Bitcoin trong tuần qua.
audio_00383|Còn khi thất bại, rất nhiều doanh nghiệp của các nhà sản xuất ban đầu chỉ có được kết quả rất khiêm tốn, thậm chí là thua lỗ.|Còn khi thất bại, rất nhiều doanh nghiệp của các nhà sản xuất ban đầu chỉ có được kết quả rất khiêm tốn, thậm chí là thua lỗ.
audio_00384|Linh rủ các đối tượng tại huyện Bình Xuyên và thông qua Nguyễn Văn Kiên, rủ nhóm 5 thanh niên ở thành phố Phúc Yên và các huyện Sóc Sơn, Mê Linh, Hà Nội đi lên Vinh Yên đánh nhau với Hoàng.|Linh rủ các đối tượng tại huyện Bình Xuyên và thông qua Nguyễn Văn Kiên, rủ nhóm 5 thanh niên ở thành phố Phúc Yên và các huyện Sóc Sơn, Mê Linh, Hà Nội đi lên Vinh Yên đánh nhau với Hoàng.
audio_00385|Và đây là kiểu Mai đã phơi khô rồi nè.|Và đây là kiểu Mai đã phơi khô rồi nè.
audio_00386|Khi cô biết chắc chắn kẻ thù sẽ tiến vào căn nhà khi số lượng các thành viên giảm dần, nên Erin đã đặt bẫy.|Khi cô biết chắc chắn kẻ thù sẽ tiến vào căn nhà khi số lượng các thành viên giảm dần, nên Erin đã đặt bẫy.
audio_00387|Này Liên Xô, chúng ta đã thống nhất ở giữa sông Ussuri là biên giới đúng chứ?|Này Liên Xô, chúng ta đã thống nhất ở giữa sông Ussuri là biên giới đúng chứ?
audio_00388|Rồi Molly bắt đầu đau đớn ở hai chân khiến cô dần dần không thể đi lại.|Rồi Molly bắt đầu đau đớn ở hai chân khiến cô dần dần không thể đi lại.
audio_00389|Còn không hợp lý thì vui vẻ bỏ qua ha.|Còn không hợp lý thì vui vẻ bỏ qua ha.
audio_00390|Hiện tại, trụ sở chính của Thái Market là ở Đà Nẵng, tuy nhiên anh Hoàng cũng có những quản lý cấp chung ở TP.HCM và Hà Nội.|Hiện tại, trụ sở chính của Thái Market là ở Đà Nẵng, tuy nhiên anh Hoàng cũng có những quản lý cấp chung ở TP.HCM và Hà Nội.
audio_00391|Từng chiếc lá hình trái tim xòe rộng, che phủ đến gần hai phần ba thân cây.|Từng chiếc lá hình trái tim xòe rộng, che phủ đến gần hai phần ba thân cây.
audio_00392|Thật sự luôn.|Thật sự luôn.
audio_00393|Thấy tôi nhìn.|Thấy tôi nhìn.
audio_00394|Gấp đôi là 1 thứ rất là khó trong dài hạn rồi.|Gấp đôi là 1 thứ rất là khó trong dài hạn rồi.
audio_00395|Có cả tiếng cười rinh rích.|Có cả tiếng cười rinh rích.
audio_00396|Và hắn trước.|Và hắn trước.
audio_00397|Số xe máy còn lại sau buổi sáng là.|Số xe máy còn lại sau buổi sáng là.
audio_00398|Như thế là.|Như thế là.
audio_00399|Sau đó, thông tin này được chia sẻ lan truyền rộng rãi trên mạng, gây hoang mang dư luận.|Sau đó, thông tin này được chia sẻ lan truyền rộng rãi trên mạng, gây hoang mang dư luận.
audio_00400|Bộ phim này đã nhận được đánh giá cao khi đề cập đến cuộc chiến không phân biệt chủng tộc.|Bộ phim này đã nhận được đánh giá cao khi đề cập đến cuộc chiến không phân biệt chủng tộc.
audio_00401|Có giả thuyết cho rằng, đám huss được vũ trang như soldier hay stalker chính là một phần trong quân đội của ông.|Có giả thuyết cho rằng, đám huss được vũ trang như soldier hay stalker chính là một phần trong quân đội của ông.
audio_00402|Ám ảnh của các hộ là nhiều lúc vào bữa ăn hay giờ đi ngủ, cũng phải hứng chịu mùi hôi từ chạy heo.|Ám ảnh của các hộ là nhiều lúc vào bữa ăn hay giờ đi ngủ, cũng phải hứng chịu mùi hôi từ chạy heo.
audio_00403|Ông này sao?|Ông này sao?
audio_00404|Cô nàng xinh đẹp luôn mặc chiếc váy đen đặc trưng và những trồng hộp MS màu cam này gây sốt với cách bán sản phẩm thần tốc trong chớp mắt.|Cô nàng xinh đẹp luôn mặc chiếc váy đen đặc trưng và những trồng hộp MS màu cam này gây sốt với cách bán sản phẩm thần tốc trong chớp mắt.
audio_00405|Rồi tương tự như vầy Phượng sẽ cắt cho đến hết.|Rồi tương tự như vầy Phượng sẽ cắt cho đến hết.
audio_00406|Sở Cảnh sát Tô Châu tuyên bố kết thúc vụ án với nhận định rằng Nhạm Kiều đã say rượu và trượt chân ngã xuống đất, tử vong.|Sở Cảnh sát Tô Châu tuyên bố kết thúc vụ án với nhận định rằng Nhạm Kiều đã say rượu và trượt chân ngã xuống đất, tử vong.
audio_00407|Đó không phải là một câu hỏi vô căn cứ.|Đó không phải là một câu hỏi vô căn cứ.
audio_00408|Bởi vì hiện tại tôi gần như không sống nổi như thế này.|Bởi vì hiện tại tôi gần như không sống nổi như thế này.
audio_00409|Trực thăng cảnh sát là phương tiện duy nhất trong game mà mỗi khi phá hủy, anh em sẽ nhận được thêm tiền, cụ thể là 250 đô cho mỗi lần Tommy bắn rơi được một chiếc trực thăng.|Trực thăng cảnh sát là phương tiện duy nhất trong game mà mỗi khi phá hủy, anh em sẽ nhận được thêm tiền, cụ thể là 250 đô cho mỗi lần Tommy bắn rơi được một chiếc trực thăng.
audio_00410|Chuyện gì sẽ xảy ra nếu những cạm bẫy của cậu bé Kevin trong Ở Nhà Một Mình bước ra ngoài đời thật?|Chuyện gì sẽ xảy ra nếu những cạm bẫy của cậu bé Kevin trong Ở Nhà Một Mình bước ra ngoài đời thật?
audio_00411|Cửa hàng có hợp đồng với vài công ty nên phải mang cơm cho họ trước 12h.|Cửa hàng có hợp đồng với vài công ty nên phải mang cơm cho họ trước 12h.
audio_00412|Các bạn có thể nhìn thấy nhá.|Các bạn có thể nhìn thấy nhá.
audio_00413|Bạn Đỗ Hồng Ngọc ạ.|Bạn Đỗ Hồng Ngọc ạ.
audio_00414|Tôi không có hương thú với chuyện học hành.|Tôi không có hương thú với chuyện học hành.
audio_00415|Giống như là trong bài hát Always With Me của bộ phim điện ảnh hoạt hình vô cùng ý nghĩa đạt giải Oscar có viết rằng.|Giống như là trong bài hát Always With Me của bộ phim điện ảnh hoạt hình vô cùng ý nghĩa đạt giải Oscar có viết rằng.
audio_00416|Nỗ lực để kiếm thật nhiều tiền trong một khoảng thời gian ngắn thường tiêm ẩn nhiều mối đe dọa, bởi khi đó chúng ta phải đánh cực một cách liều lĩnh vào cổ phiếu hoặc những tài sản có sự biến động liên tục về giá.|Nỗ lực để kiếm thật nhiều tiền trong một khoảng thời gian ngắn thường tiêm ẩn nhiều mối đe dọa, bởi khi đó chúng ta phải đánh cực một cách liều lĩnh vào cổ phiếu hoặc những tài sản có sự biến động liên tục về giá.
audio_00417|Xét về tuyến nhân vật, có lẽ khá nhiều bất đồng khi tớ dành lời khen cho phim.|Xét về tuyến nhân vật, có lẽ khá nhiều bất đồng khi tớ dành lời khen cho phim.
audio_00418|Có đối tượng đàn em của bà Trùm Kim Anh có lần đi lấy ma túy trong rừng bị dính bẫy heo rừng của dân phải đi cấp cứu.|Có đối tượng đàn em của bà Trùm Kim Anh có lần đi lấy ma túy trong rừng bị dính bẫy heo rừng của dân phải đi cấp cứu.
audio_00419|Nhiều khi đây là một loại thơ mới.|Nhiều khi đây là một loại thơ mới.
audio_00420|Mọi người đều sợ thất bại.|Mọi người đều sợ thất bại.
audio_00421|Một khi chúng dừng lại, chúng sẽ thoái hóa và chết.|Một khi chúng dừng lại, chúng sẽ thoái hóa và chết.
audio_00422|Mặc dù bên trong ruột có màu vàng nhẹ nhưng còn cứng, giòn chứ không có mềm nha.|Mặc dù bên trong ruột có màu vàng nhẹ nhưng còn cứng, giòn chứ không có mềm nha.
audio_00423|Ở đó, nó không bị tách trời khỏi sự hiện hữu.|Ở đó, nó không bị tách trời khỏi sự hiện hữu.
audio_00424|Dành thời gian cho 3 hoạt động buổi sáng.|Dành thời gian cho 3 hoạt động buổi sáng.
audio_00425|Không biết rằng khi theo dõi bộ phim, có ai muốn Jenny và Bradley về với nhau hay không?|Không biết rằng khi theo dõi bộ phim, có ai muốn Jenny và Bradley về với nhau hay không?
audio_00426|Chỉ cần chút xíu thời gian thôi.|Chỉ cần chút xíu thời gian thôi.
audio_00427|Hôm qua con mơ thấy con ngồi đối diện với một người. Hình như đó là một thầy giáo dạy chơi cờ. Ở giữa con và người ấy là một bàn cờ vây. Có lẽ giấc mơ muốn nói rằng nếu chơi cờ vây thì con có thể hồi phục trí nhớ chăng?|Hôm qua con mơ thấy con ngồi đối diện với một người. Hình như đó là một thầy giáo dạy chơi cờ. Ở giữa con và người ấy là một bàn cờ vây. Có lẽ giấc mơ muốn nói rằng nếu chơi cờ vây thì con có thể hồi phục trí nhớ chăng?
audio_00428|Biến đầu tiên là driver.|Biến đầu tiên là driver.
audio_00429|Đừng có hiểu lầm với tôi.|Đừng có hiểu lầm với tôi.
audio_00430|Hay nói cách khác, chúng ta nên và có thể sống lâu hơn một cách khỏe mạnh.|Hay nói cách khác, chúng ta nên và có thể sống lâu hơn một cách khỏe mạnh.
audio_00431|Nếu chỉ có vậy thì chẳng phải trò chơi này đơn thuần là một casua game thôi sao?|Nếu chỉ có vậy thì chẳng phải trò chơi này đơn thuần là một casua game thôi sao?
audio_00432|Thế nhưng mà mình cứ phải ăn trong nồi ngồi trong chó.|Thế nhưng mà mình cứ phải ăn trong nồi ngồi trong chó.
audio_00433|Quay lại cái này, Lá Hương hát 60 giây, bạn chọn món nào.|Quay lại cái này, Lá Hương hát 60 giây, bạn chọn món nào.
audio_00434|Giúp.|Giúp.
audio_00435|May mắn là Canyoport sẽ gợi ý cho bạn rất nhiều cách hay để giải phóng chính mình.|May mắn là Canyoport sẽ gợi ý cho bạn rất nhiều cách hay để giải phóng chính mình.
audio_00436|Cô ta, một nữ đồng nghiệp thân thiện mà thi thoảng tôi tiếp xúc.|Cô ta, một nữ đồng nghiệp thân thiện mà thi thoảng tôi tiếp xúc.
audio_00437|Hiện nay, lan hồ điệp là giống hoa rất được thị trường ưa chuộng, nhất là vào mỗi dịp lễ Tết.|Hiện nay, lan hồ điệp là giống hoa rất được thị trường ưa chuộng, nhất là vào mỗi dịp lễ Tết.
audio_00438|Chị có thể điều chỉnh theo ý thích của mình.|Chị có thể điều chỉnh theo ý thích của mình.
audio_00439|Rốt cuộc.|Rốt cuộc.
audio_00440|Tớ đã có cách.|Tớ đã có cách.
audio_00441|Giá của nguyên liệu phục vụ sản xuất cũng đã tăng.|Giá của nguyên liệu phục vụ sản xuất cũng đã tăng.
audio_00442|Hẹn các bạn trong số lần sau.|Hẹn các bạn trong số lần sau.
audio_00443|Những con đường vững chắc đã không thể chống chọi nổi trước cơn thịnh độ của trận động đất.|Những con đường vững chắc đã không thể chống chọi nổi trước cơn thịnh độ của trận động đất.
audio_00444|Mặc dù cái phân khúc giá của nó hơi cao là khoảng 30 triệu đồng, nhưng mà á, mọi thứ trên con máy này mình đánh giá là rất là tốt luôn nha.|Mặc dù cái phân khúc giá của nó hơi cao là khoảng 30 triệu đồng, nhưng mà á, mọi thứ trên con máy này mình đánh giá là rất là tốt luôn nha.
audio_00445|Ngô Đình Diệm muốn thay đổi điều này.|Ngô Đình Diệm muốn thay đổi điều này.
audio_00446|Hệ thống lung sa giữ một vai trò đặc biệt trong việc kết nối chúng ta với những kiếp trước.|Hệ thống lung sa giữ một vai trò đặc biệt trong việc kết nối chúng ta với những kiếp trước.
audio_00447|Em hiểu vì anh thương em, nên anh mới xuất sẵn như thế.|Em hiểu vì anh thương em, nên anh mới xuất sẵn như thế.
audio_00448|Tuy nhiên, để nhận xét một cách công tâm, khi khai thác những thiếu sót mà phim còn tồn tại thì phim sẽ xứng đáng với số điểm khá, 6,5 chất 10.|Tuy nhiên, để nhận xét một cách công tâm, khi khai thác những thiếu sót mà phim còn tồn tại thì phim sẽ xứng đáng với số điểm khá, 6,5 chất 10.
audio_00449|Thì giờ mình quốc cái này trước đi ha.|Thì giờ mình quốc cái này trước đi ha.
audio_00450|Ban đầu, ngôi đền này được xây để thờ thần bảo tồn Vishnu của Hindu giáo.|Ban đầu, ngôi đền này được xây để thờ thần bảo tồn Vishnu của Hindu giáo.
audio_00451|Nhưng thực chất khả năng học hỏi và tiếp thu của cậu hết sức tuyệt vời.|Nhưng thực chất khả năng học hỏi và tiếp thu của cậu hết sức tuyệt vời.
audio_00452|Nó không phải một thiết bị bạn có thể cầm nắm, đo đạt và phân tích.|Nó không phải một thiết bị bạn có thể cầm nắm, đo đạt và phân tích.
audio_00453|À, ngoài ra nội dung ở bên kênh đấy tôi sẽ cố gắng là không nói bậy nhá.|À, ngoài ra nội dung ở bên kênh đấy tôi sẽ cố gắng là không nói bậy nhá.
audio_00454|Thì như vậy khi mà nướng nó không có bị cháy.|Thì như vậy khi mà nướng nó không có bị cháy.
audio_00455|Làm sao mà trở tay kịp được.|Làm sao mà trở tay kịp được.
audio_00456|Để nghe phần còn lại, bạn có thể mua sách nói trực tiếp hoặc mua bằng thẻ sách khi đăng ký gói cước hội viên cao cấp của Phonos.|Để nghe phần còn lại, bạn có thể mua sách nói trực tiếp hoặc mua bằng thẻ sách khi đăng ký gói cước hội viên cao cấp của Phonos.
audio_00457|Thế thì ngài hãy trả lời ta xem một năm có mấy mùa?|Thế thì ngài hãy trả lời ta xem một năm có mấy mùa?
audio_00458|Thời gian qua, công tác giảm nghèo bền vững luôn được huyện Tam Dương chú trọng triển khai bằng nhiều giải pháp thiết thực hiệu quả, từng bước cải thiện, nâng cao chất lượng đời sống cho người dân, góp phần đảm bảo an sinh xã hội trên địa bàn huyện.|Thời gian qua, công tác giảm nghèo bền vững luôn được huyện Tam Dương chú trọng triển khai bằng nhiều giải pháp thiết thực hiệu quả, từng bước cải thiện, nâng cao chất lượng đời sống cho người dân, góp phần đảm bảo an sinh xã hội trên địa bàn huyện.
audio_00459|Bên cạnh đó, radar của X-2 là loại mảng pha điện tử chủ động ESA kết hợp với cảm biến tần số vô tuyến đa chức năng được thiết kế nhằm đạt độ linh hoạt ở phổ rộng.|Bên cạnh đó, radar của X-2 là loại mảng pha điện tử chủ động ESA kết hợp với cảm biến tần số vô tuyến đa chức năng được thiết kế nhằm đạt độ linh hoạt ở phổ rộng.
audio_00460|Với phần cân nặng của em màn hình này á, sẽ là 2,8kg khi mà không có chân đế.|Với phần cân nặng của em màn hình này á, sẽ là 2,8kg khi mà không có chân đế.
audio_00461|Một bước tiệc rượu trên khoang hạng nhất của tàu Titanic.|Một bước tiệc rượu trên khoang hạng nhất của tàu Titanic.
audio_00462|Thế là hết đời chó sói.|Thế là hết đời chó sói.
audio_00463|Chắc là yêu lắm ấy nhờ.|Chắc là yêu lắm ấy nhờ.
audio_00464|Nóng không?|Nóng không?
audio_00465|Con nhớ những trưa hè ngủ cùng ngoại, mặc dù những đứa cháu khác không thích được ngủ cạnh ngoại.|Con nhớ những trưa hè ngủ cùng ngoại, mặc dù những đứa cháu khác không thích được ngủ cạnh ngoại.
audio_00466|Mặc dù vậy, nói thì dễ, còn làm mới khó.|Mặc dù vậy, nói thì dễ, còn làm mới khó.
audio_00467|Chúng cũng phát thảo những tư tưởng mới nhất trong khoa học não bộ, sinh học, công nghệ và tâm lý học về hiệu suất.|Chúng cũng phát thảo những tư tưởng mới nhất trong khoa học não bộ, sinh học, công nghệ và tâm lý học về hiệu suất.
audio_00468|Tinh khiết, về cụng lõi lọc chức năng, máy được trang bị cả lõi tạo nước kim và lõi Hyrosen.|Tinh khiết, về cụng lõi lọc chức năng, máy được trang bị cả lõi tạo nước kim và lõi Hyrosen.
audio_00469|Nhưng khi ấy, tôi đã quá háo hức muốn tự mình làm việc và kiếm tiền.|Nhưng khi ấy, tôi đã quá háo hức muốn tự mình làm việc và kiếm tiền.
audio_00470|Cảm ơn Renevere.|Cảm ơn Renevere.
audio_00471|Thì mình sẽ đem đi rửa sạch lại với nước đi.|Thì mình sẽ đem đi rửa sạch lại với nước đi.
audio_00472|Thì theo cái logic thông thường, lẽ ra là tôi đang rất kiệt quệ về tinh thần rồi.|Thì theo cái logic thông thường, lẽ ra là tôi đang rất kiệt quệ về tinh thần rồi.
audio_00473|Trước đây, Trung Quốc đã nhiều lần thể hiện sức mạnh ngang ngược của mình ở Biển Đông và các khu vực xung quanh Đài Loan.|Trước đây, Trung Quốc đã nhiều lần thể hiện sức mạnh ngang ngược của mình ở Biển Đông và các khu vực xung quanh Đài Loan.
audio_00474|Thế rồi trên sân khấu, Linh hỏi tên tuổi và rồi tung luôn liên hoàn cước 18 chiêu bạc học cuộc sống để uống nắng thái độ làm người của anh nhà báo nọ.|Thế rồi trên sân khấu, Linh hỏi tên tuổi và rồi tung luôn liên hoàn cước 18 chiêu bạc học cuộc sống để uống nắng thái độ làm người của anh nhà báo nọ.
audio_00475|Mỹ phải ép các nước khác bằng một thứ gì đó mà họ không thể nào dứt ra được và đó chính là dầu mỏ và sự ra đời của Petrodata.|Mỹ phải ép các nước khác bằng một thứ gì đó mà họ không thể nào dứt ra được và đó chính là dầu mỏ và sự ra đời của Petrodata.
audio_00476|Thuy thoảng vẫn thường ghé thăm cảng vào dịp lễ Tết, nhưng đa số thời gian họ đều tỉnh tâm tu tiên tại Tuyệt Vân Gián.|Thuy thoảng vẫn thường ghé thăm cảng vào dịp lễ Tết, nhưng đa số thời gian họ đều tỉnh tâm tu tiên tại Tuyệt Vân Gián.
audio_00477|Rồi vỡ lòng học ngay cái chữ Tây vào.|Rồi vỡ lòng học ngay cái chữ Tây vào.
audio_00478|Thế nhưng thôi, đến rồi thì cứ gặp nói chuyện xem sao.|Thế nhưng thôi, đến rồi thì cứ gặp nói chuyện xem sao.
audio_00479|Mình mất gấp đôi luôn.|Mình mất gấp đôi luôn.
audio_00480|Từ đó sẽ giúp xây dựng một cộng đồng nghe nhạc thú vị, cởi mở, thoải mái và các nghệ sĩ cũng bởi thế mà hoạt động năng nổ và tích cực hơn.|Từ đó sẽ giúp xây dựng một cộng đồng nghe nhạc thú vị, cởi mở, thoải mái và các nghệ sĩ cũng bởi thế mà hoạt động năng nổ và tích cực hơn.
audio_00481|Và thú thật, cá nhân mình đã chẳng hiểu nổi chuyện gì vừa xảy ra trong lần xem đầu tiên.|Và thú thật, cá nhân mình đã chẳng hiểu nổi chuyện gì vừa xảy ra trong lần xem đầu tiên.
audio_00482|Vào nhanh qua rồi mình nêm luôn.|Vào nhanh qua rồi mình nêm luôn.
audio_00483|Tại vì nếu mà tôi đặt là mình cần đi thêm 15 phút nữa.|Tại vì nếu mà tôi đặt là mình cần đi thêm 15 phút nữa.
audio_00484|Họ có thể thấy ai đó giúp một người già qua đường không?|Họ có thể thấy ai đó giúp một người già qua đường không?
audio_00485|Cha của Phil là một thám tử.|Cha của Phil là một thám tử.
audio_00486|Minh nhìn ra thì là Văn, bạn học rất thân của Minh, ở trên phố đến chơi.|Minh nhìn ra thì là Văn, bạn học rất thân của Minh, ở trên phố đến chơi.
audio_00487|Điều này là nền tảng cho sự mạnh mẽ ở các bé trai.|Điều này là nền tảng cho sự mạnh mẽ ở các bé trai.
audio_00488|Phan Hùng Thắng đã trực tiếp chiếm đoạt và chỉ đạo Võ Thị Văn Trương, Trần Thị Thắm xuất hóa đơn để bán 26 chiếc xe mô tô nhưng không nộp tiền về công ty mà chiếm đoạt với tổng số tiền hơn 1 tỷ đồng.|Phan Hùng Thắng đã trực tiếp chiếm đoạt và chỉ đạo Võ Thị Văn Trương, Trần Thị Thắm xuất hóa đơn để bán 26 chiếc xe mô tô nhưng không nộp tiền về công ty mà chiếm đoạt với tổng số tiền hơn 1 tỷ đồng.
audio_00489|Nhiều năm đã qua, chúng tôi không còn trẻ, thế mà chúng tôi chẳng giành dụng được gì cả.|Nhiều năm đã qua, chúng tôi không còn trẻ, thế mà chúng tôi chẳng giành dụng được gì cả.
audio_00490|Nhưng cái việc tỏ tình là cái việc anh em bắt buộc phải làm ở ngoài đời.|Nhưng cái việc tỏ tình là cái việc anh em bắt buộc phải làm ở ngoài đời.
audio_00491|Thì tất cả như các bạn đã biết là cái phân tích tài chính này, cái việc mà trade này nó là một cái hành động, nó cần một cái sự bền bỉ.|Thì tất cả như các bạn đã biết là cái phân tích tài chính này, cái việc mà trade này nó là một cái hành động, nó cần một cái sự bền bỉ.
audio_00492|Mọi thứ sẽ không dễ dàng như vậy được.|Mọi thứ sẽ không dễ dàng như vậy được.
audio_00493|Từ những người nổi tiếng.|Từ những người nổi tiếng.
audio_00494|Nó đơn giản là một con số đo lường không hơn không kém.|Nó đơn giản là một con số đo lường không hơn không kém.
audio_00495|Tôi chia sẻ với bạn bè và người thân phương pháp này.|Tôi chia sẻ với bạn bè và người thân phương pháp này.
audio_00496|Và khi những kẻ đó không đạt được thứ họ muốn, họ sẽ có những hành động quá khích, thậm chí chuyển hướng sang công kích, miệt thị, chửi rủa và tấn công idol.|Và khi những kẻ đó không đạt được thứ họ muốn, họ sẽ có những hành động quá khích, thậm chí chuyển hướng sang công kích, miệt thị, chửi rủa và tấn công idol.
audio_00497|Bộ Phát triển Kinh tế Nga đánh giá Châu Phi có nguồn tài nguyên phong phú.|Bộ Phát triển Kinh tế Nga đánh giá Châu Phi có nguồn tài nguyên phong phú.
audio_00498|Mình cảm giác là mình thích được nói chuyện.|Mình cảm giác là mình thích được nói chuyện.
audio_00499|Bên ấy tôi làm xong rồi, chỉ ngay kia thì gieo được hạt thôi.|Bên ấy tôi làm xong rồi, chỉ ngay kia thì gieo được hạt thôi.
audio_00500|Nhưng mà em hông có thấm được clip này.|Nhưng mà em hông có thấm được clip này.
audio_00501|Dĩ nhiên có khi cũng chưa so được với anh giám đốc kinh doanh.|Dĩ nhiên có khi cũng chưa so được với anh giám đốc kinh doanh.
audio_00502|Mê quá à.|Mê quá à.
audio_00503|Thì có thể sẽ ấm ức.|Thì có thể sẽ ấm ức.
audio_00504|Và cãi phả của chúng ta.|Và cãi phả của chúng ta.
audio_00505|Thông tin không được phía Nga xác nhận.|Thông tin không được phía Nga xác nhận.
audio_00506|Mình cảm thấy là như thế.|Mình cảm thấy là như thế.
audio_00507|Ở dưới cả cây cỏ, sang gu.|Ở dưới cả cây cỏ, sang gu.
audio_00508|Vậy thì rõ ràng người tiền sử chẳng có lý do gì để đi săn một con người khi nó vừa khó vừa cung cấp ít năng lượng cả, nên là họ lựa chọn ăn bò, ăn lợn hơn là ăn người.|Vậy thì rõ ràng người tiền sử chẳng có lý do gì để đi săn một con người khi nó vừa khó vừa cung cấp ít năng lượng cả, nên là họ lựa chọn ăn bò, ăn lợn hơn là ăn người.
audio_00509|Thông qua môi trường và hoàn cảnh.|Thông qua môi trường và hoàn cảnh.
audio_00510|Cái gì mà đáng sợ vậy?|Cái gì mà đáng sợ vậy?
audio_00511|Họ vẫn duy trì lãi suất cực kỳ thấp để có thể hỗ trợ cho nền kinh tế.|Họ vẫn duy trì lãi suất cực kỳ thấp để có thể hỗ trợ cho nền kinh tế.
audio_00512|Hay ở thế kỷ 21 người ta gọi chỗ này là nước Nam Phi đó.|Hay ở thế kỷ 21 người ta gọi chỗ này là nước Nam Phi đó.
audio_00513|Cũng tương tự như vậy sự chuẩn bị kỹ lưỡng chính là nền tảng quan trọng.|Cũng tương tự như vậy sự chuẩn bị kỹ lưỡng chính là nền tảng quan trọng.
audio_00514|Mạnh hơn nhiều ấy chứ.|Mạnh hơn nhiều ấy chứ.
audio_00515|Đấy là tất cả những điều tôi muốn, đấy là tất cả những điều tôi hiểu.|Đấy là tất cả những điều tôi muốn, đấy là tất cả những điều tôi hiểu.
audio_00516|Cô phân tích những phản hồi.|Cô phân tích những phản hồi.
audio_00517|Ở quê hồi xưa các bạn.|Ở quê hồi xưa các bạn.
audio_00518|Theo lời Belle, Mickey tìm tới nơi ở của Ursula, nhưng bằng tầm ảnh hưởng của mình, hồi thành công thao túng Mickey sẽ cho anh ta cơ hội bước chân vào giới điện ảnh, cũng như bắt anh khai ra về nguồn gốc của Muse.|Theo lời Belle, Mickey tìm tới nơi ở của Ursula, nhưng bằng tầm ảnh hưởng của mình, hồi thành công thao túng Mickey sẽ cho anh ta cơ hội bước chân vào giới điện ảnh, cũng như bắt anh khai ra về nguồn gốc của Muse.
audio_00519|Một cuộc đời mà trong đó họ sống như vật trưng bậy. Và một cuộc đời khác cuộc đời thật mà họ không cho ai nhìn thấy. Thậm chí bản thân họ cũng sợ nhìn thấy cuộc đời đó.|Một cuộc đời mà trong đó họ sống như vật trưng bậy. Và một cuộc đời khác cuộc đời thật mà họ không cho ai nhìn thấy. Thậm chí bản thân họ cũng sợ nhìn thấy cuộc đời đó.
audio_00520|Một số do muốn thoát khỏi vòng kiềm tỏa của các tổ chức lớn, số khác bị buộc thôi việc.|Một số do muốn thoát khỏi vòng kiềm tỏa của các tổ chức lớn, số khác bị buộc thôi việc.
audio_00521|Nhưng thuật thức của cô không chỉ dừng lại ở việc thay thế quần áo với khả năng thao túng bầu trời.|Nhưng thuật thức của cô không chỉ dừng lại ở việc thay thế quần áo với khả năng thao túng bầu trời.
audio_00522|Nên ri để trên hình ăn uống cho nó nhẹ bớt nha.|Nên ri để trên hình ăn uống cho nó nhẹ bớt nha.
audio_00523|Sống trên đời cũng thế.|Sống trên đời cũng thế.
audio_00524|Điều này đã giúp ông thực hiện thành công ước mơ thay đổi cái nhìn của người Trung Quốc về sản phẩm nối địa.|Điều này đã giúp ông thực hiện thành công ước mơ thay đổi cái nhìn của người Trung Quốc về sản phẩm nối địa.
audio_00525|Ở hiện tại.|Ở hiện tại.
audio_00526|Nho không hẹn.|Nho không hẹn.
audio_00527|Nếu đây là việc cần phải làm.|Nếu đây là việc cần phải làm.
audio_00528|Và mặc dù là mà một cái vẻ ngoài nó có phần cá tính, có phần hơi cuôn ngọc chút xíu, nhưng mà nó cũng không có quá là mạnh mẽ, nên là các bạn nữ, các bạn nam đều sử dụng được rất là ok, rất là ổn phả luôn.|Và mặc dù là mà một cái vẻ ngoài nó có phần cá tính, có phần hơi cuôn ngọc chút xíu, nhưng mà nó cũng không có quá là mạnh mẽ, nên là các bạn nữ, các bạn nam đều sử dụng được rất là ok, rất là ổn phả luôn.
audio_00529|Lũ người da đỏ đem Franklin và Chicory nhốt vào hầm ngục.|Lũ người da đỏ đem Franklin và Chicory nhốt vào hầm ngục.
audio_00530|Vì hiện tại tôi cũng có nguồn thu nhập từ quán online. Anh nghe xong thì gật ngù. Bảo cố gắng sắp xếp thời gian. Vì Lương ở đây rất ổn.|Vì hiện tại tôi cũng có nguồn thu nhập từ quán online. Anh nghe xong thì gật ngù. Bảo cố gắng sắp xếp thời gian. Vì Lương ở đây rất ổn.
audio_00531|Các công trình cá nhân là một điểm đặc trưng tự hình thành từ bên trong chúng ta, chứ không phải là thứ được trao cho chúng ta thông qua con đường di truyền hoặc xã hội.|Các công trình cá nhân là một điểm đặc trưng tự hình thành từ bên trong chúng ta, chứ không phải là thứ được trao cho chúng ta thông qua con đường di truyền hoặc xã hội.
audio_00532|Nói thêm, Max Beerbohm, sinh năm 1872, mất năm 1956, là nhà văn, nhà thơ trào phúng, nhà biếm họa người Anh.|Nói thêm, Max Beerbohm, sinh năm 1872, mất năm 1956, là nhà văn, nhà thơ trào phúng, nhà biếm họa người Anh.
audio_00533|Và 10,6 tỷ này, chúng ta chia cho 372 tỷ đô.|Và 10,6 tỷ này, chúng ta chia cho 372 tỷ đô.
audio_00534|Ngăn cản bạn chú ý đến những mối quan hệ quan trọng nhất của mình?|Ngăn cản bạn chú ý đến những mối quan hệ quan trọng nhất của mình?
audio_00535|Nhưng mà kệ. Có ai biết đâu.|Nhưng mà kệ. Có ai biết đâu.
audio_00536|Có đúng không?|Có đúng không?
audio_00537|Chỗ này theo như các chú ấy nói là có thể có 10 người lên mà chưa sập luôn đó.|Chỗ này theo như các chú ấy nói là có thể có 10 người lên mà chưa sập luôn đó.
audio_00538|Cháu đã hình lành như một con cừu non.|Cháu đã hình lành như một con cừu non.
audio_00539|Họ có minh bạch hay không?|Họ có minh bạch hay không?
audio_00540|Saikaku đã sáng tạo ra một phong cách hiện thực châm biếm đầy chất thơ để có thể miêu tả cả phương diện vui thú lẫn buồn phiền của cõi phủ thế.|Saikaku đã sáng tạo ra một phong cách hiện thực châm biếm đầy chất thơ để có thể miêu tả cả phương diện vui thú lẫn buồn phiền của cõi phủ thế.
audio_00541|Trước nói đến nội dung thì một trong những lý do khiến cho bộ phim Napoleon gây tranh cãi đến như vậy chính là trong giai đoạn tiền kỳ và quảng bá của phim.|Trước nói đến nội dung thì một trong những lý do khiến cho bộ phim Napoleon gây tranh cãi đến như vậy chính là trong giai đoạn tiền kỳ và quảng bá của phim.
audio_00542|Chúng là những công trình tiêu biểu nhất của toàn khu di tích.|Chúng là những công trình tiêu biểu nhất của toàn khu di tích.
audio_00543|Chỉ với việc hiểu từ kiềm chế, chưa chắc bạn có thể kiềm chế được bản thân.|Chỉ với việc hiểu từ kiềm chế, chưa chắc bạn có thể kiềm chế được bản thân.
audio_00544|Giải phóng miền Nam, thống nhất đất nước.|Giải phóng miền Nam, thống nhất đất nước.
audio_00545|Bà cụ nói, già đã phải đi bộ gần 3 giờ đồng hồ để được nhìn tận mắt cái đèn điện.|Bà cụ nói, già đã phải đi bộ gần 3 giờ đồng hồ để được nhìn tận mắt cái đèn điện.
audio_00546|Họ đi ra ngoài hành lang.|Họ đi ra ngoài hành lang.
audio_00547|AM lúc này đã có mặt tại nhà kỹ sư.|AM lúc này đã có mặt tại nhà kỹ sư.
audio_00548|Tôi mang theo súng và rìu quay trở lại chỗ của bọn cướp, chờ một tên dưới lầu đi ngủ.|Tôi mang theo súng và rìu quay trở lại chỗ của bọn cướp, chờ một tên dưới lầu đi ngủ.
audio_00549|Tại vì đấy là quyền lựa chọn của các bạn.|Tại vì đấy là quyền lựa chọn của các bạn.
audio_00550|Tràn đầy năng lượng và hứng khởi cho một ngày mới.|Tràn đầy năng lượng và hứng khởi cho một ngày mới.
audio_00551|Nhưng thái độ này là lợi bất cập hại.|Nhưng thái độ này là lợi bất cập hại.
audio_00552|Họ có một cô con gái, và cuối cùng là một cậu con trai.|Họ có một cô con gái, và cuối cùng là một cậu con trai.
audio_00553|Kịp leo lên đỉnh đồi nên thoát chết.|Kịp leo lên đỉnh đồi nên thoát chết.
audio_00554|Rồi mình cũng cho luôn cái phần ớt nha.|Rồi mình cũng cho luôn cái phần ớt nha.
audio_00555|Trước khi rời khỏi hoàng cung một cách bình thản đối mặt với cái chết, Vô Danh đã nói với tần vương rằng.|Trước khi rời khỏi hoàng cung một cách bình thản đối mặt với cái chết, Vô Danh đã nói với tần vương rằng.
audio_00556|Mọi người khen ông Cài, sáng ra.|Mọi người khen ông Cài, sáng ra.
audio_00557|Hiện tại, toàn trại giam A2 có 32 trường hợp phạm nhân nhiễm HIV, được điều trị ARV, tất cả đều đạt kết quả tốt.|Hiện tại, toàn trại giam A2 có 32 trường hợp phạm nhân nhiễm HIV, được điều trị ARV, tất cả đều đạt kết quả tốt.
audio_00558|Đó là cái gì các bạn?|Đó là cái gì các bạn?
audio_00559|Không như Claudende, người đã để lộ rất rõ ràng, khẩu súng sẽ chính là một phần trong bộ chiêu thức của cô.|Không như Claudende, người đã để lộ rất rõ ràng, khẩu súng sẽ chính là một phần trong bộ chiêu thức của cô.
audio_00560|Nó đã kéo dài trong một thời gian và theo một số cách khác nhau từ những gì họ cảm nhận được khi hẹn họ với đối phương.|Nó đã kéo dài trong một thời gian và theo một số cách khác nhau từ những gì họ cảm nhận được khi hẹn họ với đối phương.
audio_00561|Vì nó có khả năng là track ba cái vòng ấy.|Vì nó có khả năng là track ba cái vòng ấy.
audio_00562|Khi có nam châm được đặt lên chúng.|Khi có nam châm được đặt lên chúng.
audio_00563|Các bác anh chị em mình nhớ đăng ký kênh để không bỏ lỡ bất cứ video nào của mình khuyên chia sẻ.|Các bác anh chị em mình nhớ đăng ký kênh để không bỏ lỡ bất cứ video nào của mình khuyên chia sẻ.
audio_00564|Shadow Company sẽ hiểm trợ từ trên không.|Shadow Company sẽ hiểm trợ từ trên không.
audio_00565|Tại vì Việt Nam thì con trai 1m7.|Tại vì Việt Nam thì con trai 1m7.
audio_00566|Nhưng mà khi làm bánh nhỏ thì mình sẽ càng nên làm cho nhân được nhỏ hơn để nó không bị dời dạc.|Nhưng mà khi làm bánh nhỏ thì mình sẽ càng nên làm cho nhân được nhỏ hơn để nó không bị dời dạc.
audio_00567|Mà đã rời.|Mà đã rời.
audio_00568|Nên Minh quyết định tối nay.|Nên Minh quyết định tối nay.
audio_00569|Còn chữ này hàm ý điều gì?|Còn chữ này hàm ý điều gì?
audio_00570|Tổng thể của máy thì sẽ có khối lượng khoảng 1,5kg và khi mà tháo ra thành máy cầm tay thì nó còn nhẹ hơn nữa cho nên lúc dùng thì mình sẽ không bị mỏi tay.|Tổng thể của máy thì sẽ có khối lượng khoảng 1,5kg và khi mà tháo ra thành máy cầm tay thì nó còn nhẹ hơn nữa cho nên lúc dùng thì mình sẽ không bị mỏi tay.
audio_00571|Nó không đơn giản như vẻ bề ngoài.|Nó không đơn giản như vẻ bề ngoài.
audio_00572|Các hình vẽ như vậy được lập đi lập lại.|Các hình vẽ như vậy được lập đi lập lại.
audio_00573|Phần chanh này thì mình sẽ luộc trong vòng là 4 phút nha.|Phần chanh này thì mình sẽ luộc trong vòng là 4 phút nha.
audio_00574|Bởi nếu gây hấn.|Bởi nếu gây hấn.
audio_00575|Nguồn gốc ấy gắn kết dòng máu chảy trong mỗi con người Việt.|Nguồn gốc ấy gắn kết dòng máu chảy trong mỗi con người Việt.
audio_00576|Các bạn gặp một bạn nữ các bạn hãy nói là.|Các bạn gặp một bạn nữ các bạn hãy nói là.
audio_00577|Đây thực sự là điều không tưởng đối với nhiều bậc cha mẹ hiện nay.|Đây thực sự là điều không tưởng đối với nhiều bậc cha mẹ hiện nay.
audio_00578|Chiếc xe tăng do Mỹ sản xuất được cho là đã bị máy bay không người lái tự sát và ít nhất một quả đạn từ súng phóng lựu chống tăng nhắm chúng.|Chiếc xe tăng do Mỹ sản xuất được cho là đã bị máy bay không người lái tự sát và ít nhất một quả đạn từ súng phóng lựu chống tăng nhắm chúng.
audio_00579|Các bộ phận của người ta đẹp là đẹp ở cái hồn.|Các bộ phận của người ta đẹp là đẹp ở cái hồn.
audio_00580|Đã thuyết domino vào hoàn cảnh này.|Đã thuyết domino vào hoàn cảnh này.
audio_00581|Tuy nhiên, những điều kỳ lạ vẫn xảy ra.|Tuy nhiên, những điều kỳ lạ vẫn xảy ra.
audio_00582|Mặc cho người khác càng ngăn.|Mặc cho người khác càng ngăn.
audio_00583|Nhiều người nghĩ rằng những quy tắc KPI, tức là chỉ số đo lường hiệu quả công việc, deadline, thời hạn hoàn tất công việc, những lý thuyết, biểu đồ mà các xếp đặt ra sẽ giúp cho nhân viên của họ làm việc hiệu quả.|Nhiều người nghĩ rằng những quy tắc KPI, tức là chỉ số đo lường hiệu quả công việc, deadline, thời hạn hoàn tất công việc, những lý thuyết, biểu đồ mà các xếp đặt ra sẽ giúp cho nhân viên của họ làm việc hiệu quả.
audio_00584|Quý đem những lời Lộc nói với mình nói lại cho Thượng nghe thì Thượng nói.|Quý đem những lời Lộc nói với mình nói lại cho Thượng nghe thì Thượng nói.
audio_00585|La sau đó biết được người kéo cậu vào cây là một thần lùng tên là Bertrand.|La sau đó biết được người kéo cậu vào cây là một thần lùng tên là Bertrand.
audio_00586|Chúng ta có thể cố gắng giảm thiểu tác động của những thay đổi đã cũng như sẽ xảy ra.|Chúng ta có thể cố gắng giảm thiểu tác động của những thay đổi đã cũng như sẽ xảy ra.
audio_00587|Tôi lại trốn mắt.|Tôi lại trốn mắt.
audio_00588|Qua hai lần được công nhận, Kiên Giang có tổng cộng 24 xã thị trấn là xã an toàn khu và dùng an toàn khu.|Qua hai lần được công nhận, Kiên Giang có tổng cộng 24 xã thị trấn là xã an toàn khu và dùng an toàn khu.
audio_00589|Đây nó sẽ là những cái nền, để từ đó chính các anh chị sẽ có cho mình những cái định hướng.|Đây nó sẽ là những cái nền, để từ đó chính các anh chị sẽ có cho mình những cái định hướng.
audio_00590|Những sáng kiến tài chính là nhân tố không thể thiếu được trong bước tiến của loài người từ mức sống khốn khổ lên những đỉnh cao huy hoàng của sự thịnh vượng vật chất mà nhiều người hôm nay được hưởng.|Những sáng kiến tài chính là nhân tố không thể thiếu được trong bước tiến của loài người từ mức sống khốn khổ lên những đỉnh cao huy hoàng của sự thịnh vượng vật chất mà nhiều người hôm nay được hưởng.
audio_00591|Mọi loại thú săn mồ đều sẽ phải chạy trốn khỏi cơn mưa, tìm chỗ để nghỉ ngơi và chờ đợi.|Mọi loại thú săn mồ đều sẽ phải chạy trốn khỏi cơn mưa, tìm chỗ để nghỉ ngơi và chờ đợi.
audio_00592|Thì khai thác đá của mình rơi vào 14,4 trên dây.|Thì khai thác đá của mình rơi vào 14,4 trên dây.
audio_00593|Những nguyên tắc căn bản của lãnh đạo bản thân hiệu quả.|Những nguyên tắc căn bản của lãnh đạo bản thân hiệu quả.
audio_00594|Ở một diễn biến khác, Charlotte cùng Hanover bỏ trốn sau khi bí mật bị bại lộ.|Ở một diễn biến khác, Charlotte cùng Hanover bỏ trốn sau khi bí mật bị bại lộ.
audio_00595|Chẳng có quy định hay theo dõi gì cả.|Chẳng có quy định hay theo dõi gì cả.
audio_00596|Bây giờ chúng ta hãy bàn luận một cách không nghiêm túc nào.|Bây giờ chúng ta hãy bàn luận một cách không nghiêm túc nào.
audio_00597|Anh Hưng đâu chị?|Anh Hưng đâu chị?
audio_00598|Thôi tùy cha, con cũng chẳng nghĩ được cách nào hay hơn cả.|Thôi tùy cha, con cũng chẳng nghĩ được cách nào hay hơn cả.
audio_00599|Những người có mặt trong đoạn ghi âm đã thảo luận về khả năng.|Những người có mặt trong đoạn ghi âm đã thảo luận về khả năng.
audio_00600|Tội này quả thật là tội lớn nhất trong số các tội.|Tội này quả thật là tội lớn nhất trong số các tội.
audio_00601|Mấy trò chơi camp này thú vị ghê.|Mấy trò chơi camp này thú vị ghê.
audio_00602|Hoàn toàn không hay biết rằng mình chỉ đang say mê một nhan sắc được chính sửa nhiều lần, và đằng sau nó là một kẻ sát nhân.|Hoàn toàn không hay biết rằng mình chỉ đang say mê một nhan sắc được chính sửa nhiều lần, và đằng sau nó là một kẻ sát nhân.
audio_00603|Tốt hơn là nằm xuống và thiếp đi.|Tốt hơn là nằm xuống và thiếp đi.
audio_00604|Những gì cố Thủ tướng Anh Winston Churchill nói hơn 70 năm trước lại ua về.|Những gì cố Thủ tướng Anh Winston Churchill nói hơn 70 năm trước lại ua về.
audio_00605|Bạn có thể ngạc nhiên khi biết.|Bạn có thể ngạc nhiên khi biết.
audio_00606|Bộ kinh nghiệm.|Bộ kinh nghiệm.
audio_00607|Những biểu hiện xấu xí trên khuôn mặt của họ.|Những biểu hiện xấu xí trên khuôn mặt của họ.
audio_00608|Lượng bơ mình có thể dùng giao động từ 100-250g.|Lượng bơ mình có thể dùng giao động từ 100-250g.
audio_00609|Vậy nên, trong tương lai, đây sẽ là một chủ đề thú vị bởi lý thuyết trò chơi xuất hiện ở mọi nơi, bọi ngóc ngách trong đời sống.|Vậy nên, trong tương lai, đây sẽ là một chủ đề thú vị bởi lý thuyết trò chơi xuất hiện ở mọi nơi, bọi ngóc ngách trong đời sống.
audio_00610|Và câu chuyện hôm nay tôi đem đến cho anh em cũng liên quan đến một anh chàng phục vụ ngoài giờ.|Và câu chuyện hôm nay tôi đem đến cho anh em cũng liên quan đến một anh chàng phục vụ ngoài giờ.
audio_00611|Các bạn thấy Ri theo kiểu khái thực dụng như nãy giờ toàn nói mấy cái gì dễ phối không à.|Các bạn thấy Ri theo kiểu khái thực dụng như nãy giờ toàn nói mấy cái gì dễ phối không à.
audio_00612|Các hình thức đó có thể bao gồm bạo hành thân thể mức độ nhẹ tới trung bình, bạo hành tình dục ngầm hoặc ít dấu hiệu để nhận ra, ngược đái tình cảm và tâm thần, bỏ bê trẻ, thờ ơ hay cản trở sự phát triển tinh thần hoặc tâm linh.|Các hình thức đó có thể bao gồm bạo hành thân thể mức độ nhẹ tới trung bình, bạo hành tình dục ngầm hoặc ít dấu hiệu để nhận ra, ngược đái tình cảm và tâm thần, bỏ bê trẻ, thờ ơ hay cản trở sự phát triển tinh thần hoặc tâm linh.
audio_00613|Tiếp theo, hãy đánh giá các yếu tố khác như là tình trạng khu dân cư, sự phát triển của khu vực và nguồn khách hàng tiềm năng.|Tiếp theo, hãy đánh giá các yếu tố khác như là tình trạng khu dân cư, sự phát triển của khu vực và nguồn khách hàng tiềm năng.
audio_00614|Vậy theo quy luật này, thì 15 năm nữa, vào năm 2024, liệu sẽ có một sao trồi nữa hay không?|Vậy theo quy luật này, thì 15 năm nữa, vào năm 2024, liệu sẽ có một sao trồi nữa hay không?
audio_00615|Vì chỉ có một điều không thay đổi.|Vì chỉ có một điều không thay đổi.
audio_00616|Chính vì thế, con người đã bắt đầu bước vào thời đại đề chế.|Chính vì thế, con người đã bắt đầu bước vào thời đại đề chế.
audio_00617|Thay vì không chia sẻ điều gì, thử tự đặt câu hỏi.|Thay vì không chia sẻ điều gì, thử tự đặt câu hỏi.
audio_00618|Nhưng điều đó không đồng nghĩa với việc ông không thể thất bại.|Nhưng điều đó không đồng nghĩa với việc ông không thể thất bại.
audio_00619|Đúng vậy, ít nhất là cho tới khi 2023 kết thúc.|Đúng vậy, ít nhất là cho tới khi 2023 kết thúc.
audio_00620|Thôi rồi.|Thôi rồi.
audio_00621|Đây rồi, máu, hảy quá.|Đây rồi, máu, hảy quá.
audio_00622|Lý do mà Mitsuki quyết định trở thành một ca sĩ là để thực hiện lời hứa với Eiji Sakurai, một cậu bé 16 tuổi mà cô đã gặp ở cô nhì viện, rằng khi nào gặp lại thì cả hai sẽ ngày càng tiến gần và chạm tới ước mơ của họ.|Lý do mà Mitsuki quyết định trở thành một ca sĩ là để thực hiện lời hứa với Eiji Sakurai, một cậu bé 16 tuổi mà cô đã gặp ở cô nhì viện, rằng khi nào gặp lại thì cả hai sẽ ngày càng tiến gần và chạm tới ước mơ của họ.
audio_00623|Ông có thể đọc bất cứ lúc nào.|Ông có thể đọc bất cứ lúc nào.
audio_00624|Lại còn được bảo hành 12 tháng thôi mà.|Lại còn được bảo hành 12 tháng thôi mà.
audio_00625|Do nhà quá bé, không có diện tích để làm cầu thang, nên ông Kỳ chỉ có thể làm một chiếc thang nhỏ như thế này để sử dụng trong sinh hoạt hàng ngày.|Do nhà quá bé, không có diện tích để làm cầu thang, nên ông Kỳ chỉ có thể làm một chiếc thang nhỏ như thế này để sử dụng trong sinh hoạt hàng ngày.
audio_00626|Bất cứ khi nào chúng ta nghe thấy ai đó nói rằng việc này đều là do anh cả, tất cả đều là lỗi của anh, thì còi báo động trong não của chúng ta liền kêu lên ngay lập tức.|Bất cứ khi nào chúng ta nghe thấy ai đó nói rằng việc này đều là do anh cả, tất cả đều là lỗi của anh, thì còi báo động trong não của chúng ta liền kêu lên ngay lập tức.
audio_00627|Khi nhìn lướt qua dòng này, nhiều người sẽ chú ý đến con số đầu tiên, số 4, nhưng sau đó sự chú ý của họ sẽ không còn được tốt như lúc đầu nữa.|Khi nhìn lướt qua dòng này, nhiều người sẽ chú ý đến con số đầu tiên, số 4, nhưng sau đó sự chú ý của họ sẽ không còn được tốt như lúc đầu nữa.
audio_00628|Cửa toa cuối cùng trông rất sang trọng bật mở.|Cửa toa cuối cùng trông rất sang trọng bật mở.
audio_00629|Trên bước đường phiêu lưu mạo hiểm.|Trên bước đường phiêu lưu mạo hiểm.
audio_00630|Nếu bạn làm việc theo mục tiêu của mình, thì mục tiêu sẽ đi theo bạn.|Nếu bạn làm việc theo mục tiêu của mình, thì mục tiêu sẽ đi theo bạn.
audio_00631|Tam quỷ nhanh chí đã dùng thứ nước mà lão ăn mày đã đưa để hất vào mặt thập nương, khiến cho bà ta suy yếu.|Tam quỷ nhanh chí đã dùng thứ nước mà lão ăn mày đã đưa để hất vào mặt thập nương, khiến cho bà ta suy yếu.
audio_00632|Họ đang buông bỏ thái độ bướng bỉnh, cuồng tính trước đây.|Họ đang buông bỏ thái độ bướng bỉnh, cuồng tính trước đây.
audio_00633|Và tập trung cho những vấn đề lớn.|Và tập trung cho những vấn đề lớn.
audio_00634|Nhưng khi tôi đến.|Nhưng khi tôi đến.
audio_00635|Khi chúng dạy thị và trưởng thành sau này.|Khi chúng dạy thị và trưởng thành sau này.
audio_00636|Do căn nhà chật hẹp.|Do căn nhà chật hẹp.
audio_00637|Nếu có ai nói với núi này.|Nếu có ai nói với núi này.
audio_00638|Và tiếp tục cất bước với bài học đó.|Và tiếp tục cất bước với bài học đó.
audio_00639|Ông tạo dựng cho mình hình ảnh của một nhà lãnh đạo gần gũi với nhân dân, binh lính, một nhà lãnh đạo thời chiến bằng cách luôn mặc chiếc áo xanh ô lưu trong mọi bối cảnh xuất hiện.|Ông tạo dựng cho mình hình ảnh của một nhà lãnh đạo gần gũi với nhân dân, binh lính, một nhà lãnh đạo thời chiến bằng cách luôn mặc chiếc áo xanh ô lưu trong mọi bối cảnh xuất hiện.
audio_00640|Tiếc thế, rắn không có độc, chứ có, thì có phải bây giờ cụ đã thực hiện được ước mơ bấy lâu này của mình rồi không?|Tiếc thế, rắn không có độc, chứ có, thì có phải bây giờ cụ đã thực hiện được ước mơ bấy lâu này của mình rồi không?
audio_00641|Nhưng bao giờ chúng tôi cũng phải để sẵn 5 lá cờ.|Nhưng bao giờ chúng tôi cũng phải để sẵn 5 lá cờ.
audio_00642|Một cá nhân giàu có lớn lên khi lạm phát tăng cao sẽ có quan điểm tài chính khác với người sở hữu số tài sản tương tự trong thời kỳ vật giá bình ổn.|Một cá nhân giàu có lớn lên khi lạm phát tăng cao sẽ có quan điểm tài chính khác với người sở hữu số tài sản tương tự trong thời kỳ vật giá bình ổn.
audio_00643|Tuy nhiên với cây nến ngày và cây nến đóng của ngày hôm 6 là cây nến xanh và mức độ tăng của nó rất là mạnh như các bạn nhìn thấy ở trong thời điểm này.|Tuy nhiên với cây nến ngày và cây nến đóng của ngày hôm 6 là cây nến xanh và mức độ tăng của nó rất là mạnh như các bạn nhìn thấy ở trong thời điểm này.
audio_00644|Rất là dễ làm. Nhưng mà nó hướng lại chỗ bộ tài nguyên, chỗ tập đoàn.|Rất là dễ làm. Nhưng mà nó hướng lại chỗ bộ tài nguyên, chỗ tập đoàn.
audio_00645|Em cần phải cho mình thoải mái hơn.|Em cần phải cho mình thoải mái hơn.
audio_00646|Nhưng chúng tôi cũng đã đến đây rồi.|Nhưng chúng tôi cũng đã đến đây rồi.
audio_00647|Theo đánh giá của Sở Công Thương, dịp trước, trong và sau Tết Nguyên đán, thị trường hàng hóa trên địa bàn tỉnh khá rồi rào, phong phú, giá cả ổn định, không có hiện tượng khan hàng, sốt giá.|Theo đánh giá của Sở Công Thương, dịp trước, trong và sau Tết Nguyên đán, thị trường hàng hóa trên địa bàn tỉnh khá rồi rào, phong phú, giá cả ổn định, không có hiện tượng khan hàng, sốt giá.
audio_00648|Cô ấy sắp tới Phoenix.|Cô ấy sắp tới Phoenix.
audio_00649|Rồi từ khi nhóc em mình đủ tuổi đi học, mình cũng nhận luôn trách nhiệm đưa đón nó, đằng nào cũng cùng một cung đường đi học, nên chẳng có mất công mất sức mất thời gian cho lắm.|Rồi từ khi nhóc em mình đủ tuổi đi học, mình cũng nhận luôn trách nhiệm đưa đón nó, đằng nào cũng cùng một cung đường đi học, nên chẳng có mất công mất sức mất thời gian cho lắm.
audio_00650|Shigenori Siga khi đó cũng đã phải từ chức để nhận trách nhiệm về cuộc khủng hoảng.|Shigenori Siga khi đó cũng đã phải từ chức để nhận trách nhiệm về cuộc khủng hoảng.
audio_00651|Cô thì chạy xuống để văn xin Usobuki ngừng ngay nhiệm vụ.|Cô thì chạy xuống để văn xin Usobuki ngừng ngay nhiệm vụ.
audio_00652|Sẽ là cái tròi canh trâu tró nhất.|Sẽ là cái tròi canh trâu tró nhất.
audio_00653|Và bây giờ nhìn lại thì yeah.|Và bây giờ nhìn lại thì yeah.
audio_00654|Nhưng bạn sẽ phải học cách sử dụng nó, phải hiểu nó để có thể vận dụng vào tất cả các lĩnh vực của cuộc sống.|Nhưng bạn sẽ phải học cách sử dụng nó, phải hiểu nó để có thể vận dụng vào tất cả các lĩnh vực của cuộc sống.
audio_00655|Đó là bước thứ 2.|Đó là bước thứ 2.
audio_00656|Nguyên Phong, Ninh Thuận, U17 Khánh Hòa, Star Kids, hay các trang truyền lửa cho bóng đá trên mạng xã hội.|Nguyên Phong, Ninh Thuận, U17 Khánh Hòa, Star Kids, hay các trang truyền lửa cho bóng đá trên mạng xã hội.
audio_00657|Thêm một lần nữa, người mẹ được Ben Ben cứu giúp, không rõ kết cục của Ben Ben ra sao, nhưng tin tôi đi, nó vẫn sẽ sống khỏe ở phần 7 mà thôi.|Thêm một lần nữa, người mẹ được Ben Ben cứu giúp, không rõ kết cục của Ben Ben ra sao, nhưng tin tôi đi, nó vẫn sẽ sống khỏe ở phần 7 mà thôi.
audio_00658|Tôi nhớ mồm một cảnh mẹ tôi cắt vị cá chuồng làm sạch bụng cá rồi cho củ nén tỏi hành ớt củ nghệ vào gối giả cho nát xong nhét vào bụng cá sau đó gọc con cá làm đôi bắt chảo lên chiên vàng cả hai mặt.|Tôi nhớ mồm một cảnh mẹ tôi cắt vị cá chuồng làm sạch bụng cá rồi cho củ nén tỏi hành ớt củ nghệ vào gối giả cho nát xong nhét vào bụng cá sau đó gọc con cá làm đôi bắt chảo lên chiên vàng cả hai mặt.
audio_00659|Hiện Nga là quốc gia chịu nhiều lệnh áp đặt trừng phạt nhất trên thế giới, hơn 13.000 hạn chế được áp đặt, nhiều hơn số biện pháp trừng phạt áp đặt với cả Iran, Cuba và Triều Tiên cộng lại.|Hiện Nga là quốc gia chịu nhiều lệnh áp đặt trừng phạt nhất trên thế giới, hơn 13.000 hạn chế được áp đặt, nhiều hơn số biện pháp trừng phạt áp đặt với cả Iran, Cuba và Triều Tiên cộng lại.
audio_00660|Anh Đà quyết định sẽ để anh Su đi mua bánh dưa lưới 300 Yên để mình có tem.|Anh Đà quyết định sẽ để anh Su đi mua bánh dưa lưới 300 Yên để mình có tem.
audio_00661|Từ khi nhận được nguồn vốn xoay vòng, chị đầu tư phân bó cho trồng trọt, mua con giống để chăn nuôi.|Từ khi nhận được nguồn vốn xoay vòng, chị đầu tư phân bó cho trồng trọt, mua con giống để chăn nuôi.
audio_00662|Có cái túi.|Có cái túi.
audio_00663|Thậm chí là họ sẽ chuẩn bị luôn cho chúng ta.|Thậm chí là họ sẽ chuẩn bị luôn cho chúng ta.
audio_00664|Phía bên kia cái ống là một cây vít bị rỉ.|Phía bên kia cái ống là một cây vít bị rỉ.
audio_00665|Thứ không thuộc quyền kiểm soát của chúng ta.|Thứ không thuộc quyền kiểm soát của chúng ta.
audio_00666|Các bé đã bồi dưỡng được tình yêu thiên nhiên.|Các bé đã bồi dưỡng được tình yêu thiên nhiên.
audio_00667|Họ cười về những chuyện quá khứ và nói về những chuyện tương lai.|Họ cười về những chuyện quá khứ và nói về những chuyện tương lai.
audio_00668|Cho nên khi bạn cứ gian lận như vậy nhiều quá.|Cho nên khi bạn cứ gian lận như vậy nhiều quá.
audio_00669|Cũng là một cái hay để mình luyện thập.|Cũng là một cái hay để mình luyện thập.
audio_00670|Bị can Quang khai nhận, khi nhận đưa số tiền 70 triệu đồng từ Hoa thì Quang đã đưa một cán bộ cảnh sát giao thông thuộc tổ tuần tra đặc biệt.|Bị can Quang khai nhận, khi nhận đưa số tiền 70 triệu đồng từ Hoa thì Quang đã đưa một cán bộ cảnh sát giao thông thuộc tổ tuần tra đặc biệt.
audio_00671|Chúng ta có thể vác cái thân xác này đến.|Chúng ta có thể vác cái thân xác này đến.
audio_00672|Điều đó cũng sẽ giúp cho được các doanh nghiệp đi lại trong công việc cũng như là mua, bán các nguyên liệu, vật liệu cũng như là sản phẩm hàng hóa của mình.|Điều đó cũng sẽ giúp cho được các doanh nghiệp đi lại trong công việc cũng như là mua, bán các nguyên liệu, vật liệu cũng như là sản phẩm hàng hóa của mình.
audio_00673|Giữa hai vế.|Giữa hai vế.
audio_00674|Và trong cái nhóm buổi của mình ấy có khoảng 3-40 người gì đó.|Và trong cái nhóm buổi của mình ấy có khoảng 3-40 người gì đó.
audio_00675|Cuốn sách này tập trung vào nội dung cốt lõi rằng hiệu suất của một nhà quản lý chính là hiệu suất của đơn vị mà người đó dẫn dắt.|Cuốn sách này tập trung vào nội dung cốt lõi rằng hiệu suất của một nhà quản lý chính là hiệu suất của đơn vị mà người đó dẫn dắt.
audio_00676|Mấy con cá là mỡ.|Mấy con cá là mỡ.
audio_00677|Ta còn biết nền văn minh Empire sử dụng một loại chất lỏng màu trắng làm năng lượng thông qua việc những viên đạn và lõi năng lượng đều chứa loại chất lỏng này.|Ta còn biết nền văn minh Empire sử dụng một loại chất lỏng màu trắng làm năng lượng thông qua việc những viên đạn và lõi năng lượng đều chứa loại chất lỏng này.
audio_00678|Ngoài ra thì các cặp sinh đôi cũng là nạn nhân của mabiki.|Ngoài ra thì các cặp sinh đôi cũng là nạn nhân của mabiki.
audio_00679|Sao Liên Hoa lại đặc biệt quan tâm tới Minh Chí như vậy?|Sao Liên Hoa lại đặc biệt quan tâm tới Minh Chí như vậy?
audio_00680|Anh có muốn lập công chuộc tội không?|Anh có muốn lập công chuộc tội không?
audio_00681|Nếu như không kiểm soát được ngọn đồi, thì họ cũng không thể kiểm soát được gì cả.|Nếu như không kiểm soát được ngọn đồi, thì họ cũng không thể kiểm soát được gì cả.
audio_00682|Ngoài ra nếu thấy video này thực sự hữu ích, bạn có thể gửi tặng ekip thực hiện một ly cà phê bằng nút Super 10 hình trái tim ngay bên dưới.|Ngoài ra nếu thấy video này thực sự hữu ích, bạn có thể gửi tặng ekip thực hiện một ly cà phê bằng nút Super 10 hình trái tim ngay bên dưới.
audio_00683|Riêng các chủ tiệm vàng và chủ tiệm cầm đồ, trong thời gian này, nếu có người bán vàng hay cầm cố vàng, thì chú ý kỹ đặc điểm người bán hoặc cầm cố, nếu có nghi vấn báo ngay cho Cơ quan Chức năng.|Riêng các chủ tiệm vàng và chủ tiệm cầm đồ, trong thời gian này, nếu có người bán vàng hay cầm cố vàng, thì chú ý kỹ đặc điểm người bán hoặc cầm cố, nếu có nghi vấn báo ngay cho Cơ quan Chức năng.
audio_00684|Có lẽ bác của mình cũng như nhiều người khác đã bị đầu độc bởi những liều thuốc rẻ tiền ấy.|Có lẽ bác của mình cũng như nhiều người khác đã bị đầu độc bởi những liều thuốc rẻ tiền ấy.
audio_00685|Hiện tại khóa học của chúng ta đang ở trong những ngày cuối của giai đoạn ghi danh và dự kiến khóa học sẽ bắt đầu bước vào những bài giảng đầu tiên vào cuối tuần tới.|Hiện tại khóa học của chúng ta đang ở trong những ngày cuối của giai đoạn ghi danh và dự kiến khóa học sẽ bắt đầu bước vào những bài giảng đầu tiên vào cuối tuần tới.
audio_00686|Hầu hết các lớp huấn luyện.|Hầu hết các lớp huấn luyện.
audio_00687|Mỗi góc sân, mỗi bụi hoa đều được các giáo viên, học sinh của nhà trường chăm chút.|Mỗi góc sân, mỗi bụi hoa đều được các giáo viên, học sinh của nhà trường chăm chút.
audio_00688|Bạn hãy chọn những khu vực gần khu dân cư, khu vực có nhiều người qua lại, giao thông thuận tiện, tốt nhất là gần chợ, tránh xa đối thủ một chút thì càng tốt cho việc buôn bán hoa quả của bạn thuận tiện hơn.|Bạn hãy chọn những khu vực gần khu dân cư, khu vực có nhiều người qua lại, giao thông thuận tiện, tốt nhất là gần chợ, tránh xa đối thủ một chút thì càng tốt cho việc buôn bán hoa quả của bạn thuận tiện hơn.
audio_00689|Nhật hất cảng Pháp và tiến hành các biện pháp khắc nghiệt để phục vụ chiến tranh thế giới thứ hai mà Pháp xích Nhật tham gia.|Nhật hất cảng Pháp và tiến hành các biện pháp khắc nghiệt để phục vụ chiến tranh thế giới thứ hai mà Pháp xích Nhật tham gia.
audio_00690|Chứ ở trong cái cung này thì, mãi mãi chỉ là cung nữ thôi.|Chứ ở trong cái cung này thì, mãi mãi chỉ là cung nữ thôi.
audio_00691|Đại học Iowa nơi nhà nghiên cứu này làm việc trong thời gian thực hiện nghiên cứu quái vật đã chính thức liên tục xin lỗi.|Đại học Iowa nơi nhà nghiên cứu này làm việc trong thời gian thực hiện nghiên cứu quái vật đã chính thức liên tục xin lỗi.
audio_00692|Hồi đó, tôi về quê ăn Tết.|Hồi đó, tôi về quê ăn Tết.
audio_00693|Nói chung là tụi em là thương chị thiệt.|Nói chung là tụi em là thương chị thiệt.
audio_00694|Lúc bây giờ, tinh thần của cán bộ, chiến sĩ rất hồ hỏi.|Lúc bây giờ, tinh thần của cán bộ, chiến sĩ rất hồ hỏi.
audio_00695|Với bức ảnh trên một hành tinh như trái đất.|Với bức ảnh trên một hành tinh như trái đất.
audio_00696|Loài hoa này thường nở vào mùa xuân và mùa đông.|Loài hoa này thường nở vào mùa xuân và mùa đông.
audio_00697|Sau thế chế chiến thứ nhất, các quốc gia đã cố gắng phục hồi lại hệ thống bản vị vàng thế nhưng nó đã sụp đổ hoàn toàn trong cuộc đại khủng hoảng những năm 30.|Sau thế chế chiến thứ nhất, các quốc gia đã cố gắng phục hồi lại hệ thống bản vị vàng thế nhưng nó đã sụp đổ hoàn toàn trong cuộc đại khủng hoảng những năm 30.
audio_00698|Theo dự tính, quân đội Đế Tàm Đế Chế đã huy động 12 sư đoàn thiết giáp và 5 sư đoàn bộ binh cơ giới, bao gồm gần 800.000 binh sĩ và 3.000 xe tăng lẫn pháo tự hành, chiếm đến 70% lực lượng thiết giáp của họ ở mặt trận phía đông.|Theo dự tính, quân đội Đế Tàm Đế Chế đã huy động 12 sư đoàn thiết giáp và 5 sư đoàn bộ binh cơ giới, bao gồm gần 800.000 binh sĩ và 3.000 xe tăng lẫn pháo tự hành, chiếm đến 70% lực lượng thiết giáp của họ ở mặt trận phía đông.
audio_00699|Lần này bọn tôi tới để trao trả con tin và có lời đề nghị hợp tác giao thương với thành phố của ngài.|Lần này bọn tôi tới để trao trả con tin và có lời đề nghị hợp tác giao thương với thành phố của ngài.
audio_00700|Để nắm được vấn đề, chắc chắn ta phải trả lời được những câu hỏi nền tảng về tâm lý.|Để nắm được vấn đề, chắc chắn ta phải trả lời được những câu hỏi nền tảng về tâm lý.
audio_00701|Và trong tháng Halloween tràn ngập màu sắc kinh dị này, thay vì chọn một bộ phim kinh dị có câu chuyện hư ảo kỳ bí, mình đã chọn xem Puss in Boots The Last Wish, và ngay lập tức, mình đã say mê cách Death xuất hiện và đối đầu với Mèo đi Hìa.|Và trong tháng Halloween tràn ngập màu sắc kinh dị này, thay vì chọn một bộ phim kinh dị có câu chuyện hư ảo kỳ bí, mình đã chọn xem Puss in Boots The Last Wish, và ngay lập tức, mình đã say mê cách Death xuất hiện và đối đầu với Mèo đi Hìa.
audio_00702|Họ mượn thầy về chứ ta yềm quỷ.|Họ mượn thầy về chứ ta yềm quỷ.
audio_00703|Hay có thể gọi chung hai phần này nó là nguồn vốn.|Hay có thể gọi chung hai phần này nó là nguồn vốn.
audio_00704|Mặc dù vậy, những rủi ro khiến họ lo lắng lại rất khác biệt so với những rủi ro mà hầu hết các tổ chức kinh doanh ngày nay quan ngại.|Mặc dù vậy, những rủi ro khiến họ lo lắng lại rất khác biệt so với những rủi ro mà hầu hết các tổ chức kinh doanh ngày nay quan ngại.
audio_00705|Ta hoàn toàn có thể thay đổi hệ thống bản đồ trong video tới.|Ta hoàn toàn có thể thay đổi hệ thống bản đồ trong video tới.
audio_00706|Trong khi đó, nông dân Pháp tuyên bố sẽ không nhượng bộ.|Trong khi đó, nông dân Pháp tuyên bố sẽ không nhượng bộ.
audio_00707|Sáng ngày 10 tháng 10 năm 1954, Thiếu tướng Vương Thừa Vũ cùng bác sĩ Trần Duy Hưng dẫn đầu đoàn xe diễu hành đầu tiên, cùng với những lời tung hô khắp thủ đô Hà Nội chào đón ngày giải phóng.|Sáng ngày 10 tháng 10 năm 1954, Thiếu tướng Vương Thừa Vũ cùng bác sĩ Trần Duy Hưng dẫn đầu đoàn xe diễu hành đầu tiên, cùng với những lời tung hô khắp thủ đô Hà Nội chào đón ngày giải phóng.
audio_00708|Số lớn gấp 5 lần số bé.|Số lớn gấp 5 lần số bé.
audio_00709|Vị thái tử Samsung, người thừa kế đế chế và là một trong những người quyền lực nhất Hàn Quốc.|Vị thái tử Samsung, người thừa kế đế chế và là một trong những người quyền lực nhất Hàn Quốc.
audio_00710|Trong tác phẩm.|Trong tác phẩm.
audio_00711|Cho nên cái việc mà đào thải độc tố ra ngoài là yếu tố hết sức quan trọng để bảo vệ sức khỏe của bản thân.|Cho nên cái việc mà đào thải độc tố ra ngoài là yếu tố hết sức quan trọng để bảo vệ sức khỏe của bản thân.
audio_00712|Đã trở nên rất tốt đẹp.|Đã trở nên rất tốt đẹp.
audio_00713|Tất cả chúng ta đều cần thiết để đóng góp, góp phần, tham gia không chỉ viết ra trên giấy những ý định đẹp đẻ mà còn thực sự làm thay đổi, đặc biệt là trong chính mình và tuân thủ lộ trình học tập với kỷ luật và sự cam kết.|Tất cả chúng ta đều cần thiết để đóng góp, góp phần, tham gia không chỉ viết ra trên giấy những ý định đẹp đẻ mà còn thực sự làm thay đổi, đặc biệt là trong chính mình và tuân thủ lộ trình học tập với kỷ luật và sự cam kết.
audio_00714|Khi zombie tiến vào khu vực máy phát điện, anh em chỉ cần dùng trộn nước tạt vào con zombie, nó sẽ bị điện từ máy phát làm cho tiên liệt.|Khi zombie tiến vào khu vực máy phát điện, anh em chỉ cần dùng trộn nước tạt vào con zombie, nó sẽ bị điện từ máy phát làm cho tiên liệt.
audio_00715|Vậy nên chúng ta hoàn toàn có thể lựa chọn để nuôi dạy con trai mình trở thành người ôm hòa và nhân ái.|Vậy nên chúng ta hoàn toàn có thể lựa chọn để nuôi dạy con trai mình trở thành người ôm hòa và nhân ái.
audio_00716|Mặc dù là mấy hôm nay mình đang chuẩn bị cho video chia sẻ cuốn sách mới cho các bạn.|Mặc dù là mấy hôm nay mình đang chuẩn bị cho video chia sẻ cuốn sách mới cho các bạn.
audio_00717|Ngươi mà biết thỉnh mưa á?|Ngươi mà biết thỉnh mưa á?
audio_00718|Tất nhiên, những điều đó tôi đã làm cả.|Tất nhiên, những điều đó tôi đã làm cả.
audio_00719|Kẹo thành phẩm thì mình sẽ cần dây sao cho lượng bột áo còn trên kẹo rất ít.|Kẹo thành phẩm thì mình sẽ cần dây sao cho lượng bột áo còn trên kẹo rất ít.
audio_00720|Thì mình cho vào đây là 2 chén nước tương đương với 500gr nước.|Thì mình cho vào đây là 2 chén nước tương đương với 500gr nước.
audio_00721|Hà Nam thực hiện hiệu quả luật hộ tịch.|Hà Nam thực hiện hiệu quả luật hộ tịch.
audio_00722|Đã hoạt động ổn định.|Đã hoạt động ổn định.
audio_00723|Thế thì bây giờ ngồi tưởng tượng đó đi.|Thế thì bây giờ ngồi tưởng tượng đó đi.
audio_00724|Donun.|Donun.
audio_00725|Cho thấy hắn ta là một kẻ thất học.|Cho thấy hắn ta là một kẻ thất học.
audio_00726|Cái đấy là cái thứ nhất.|Cái đấy là cái thứ nhất.
audio_00727|Như ai đó từng nói, chúng ta chỉ được sống một lần, nhưng nếu như sống đúng thì chỉ cần một lần là quá đủ.|Như ai đó từng nói, chúng ta chỉ được sống một lần, nhưng nếu như sống đúng thì chỉ cần một lần là quá đủ.
audio_00728|Nếu mà các bạn có thể dễ dàng khóc.|Nếu mà các bạn có thể dễ dàng khóc.
audio_00729|Tuy vậy, cô vẫn thẳng thắn từ chối lời đề nghị hợp tác. Có lẽ đã đến lúc họ tự viết nền câu chuyện của riêng mình.|Tuy vậy, cô vẫn thẳng thắn từ chối lời đề nghị hợp tác. Có lẽ đã đến lúc họ tự viết nền câu chuyện của riêng mình.
audio_00730|Chỉ có cái ô.|Chỉ có cái ô.
audio_00731|Maria Duvan thậm chí còn ký một giấy tờ nộp lên cơ quan thương hiệu và bảng quyền Mỹ.|Maria Duvan thậm chí còn ký một giấy tờ nộp lên cơ quan thương hiệu và bảng quyền Mỹ.
audio_00732|Vào thời Thanh, tình hình còn trầm trọng hơn.|Vào thời Thanh, tình hình còn trầm trọng hơn.
audio_00733|Sẽ có người thể hiện cái nội dung của họ bằng vlog giống như anh.|Sẽ có người thể hiện cái nội dung của họ bằng vlog giống như anh.
audio_00734|Bố em ở trong mới chạy ra đón.|Bố em ở trong mới chạy ra đón.
audio_00735|Điều gì đã xảy ra với niềm kiêu hãnh của Nhật Bản từ vậy?|Điều gì đã xảy ra với niềm kiêu hãnh của Nhật Bản từ vậy?
audio_00736|Người Mỹ liên xếp Iran vào nhóm tài trợ khủng bố.|Người Mỹ liên xếp Iran vào nhóm tài trợ khủng bố.
audio_00737|Bây giờ mình sẽ uống nước một chút trước khi mà đi tiếp.|Bây giờ mình sẽ uống nước một chút trước khi mà đi tiếp.
audio_00738|Anh cảm thấy giữa anh và cha luôn có một rào càn vô hình, không thể san bằng.|Anh cảm thấy giữa anh và cha luôn có một rào càn vô hình, không thể san bằng.
audio_00739|Là hết. Không có thượng đế hay một quyền năng siêu phạm nào tồn tại.|Là hết. Không có thượng đế hay một quyền năng siêu phạm nào tồn tại.
audio_00740|Chúng ta sẽ thực hiện chiến thuật vườn không nhà trống.|Chúng ta sẽ thực hiện chiến thuật vườn không nhà trống.
audio_00741|Ví dụ để dễ hiểu hơn mình sẽ áp dụng 4 màu mà mình đã xác định vào khối cầu này.|Ví dụ để dễ hiểu hơn mình sẽ áp dụng 4 màu mà mình đã xác định vào khối cầu này.
audio_00742|Số liệu EFP được sử dụng để phân tích lùn Bitcoin giữa các sản giao dịch giao ngày và các sản giao dịch phải sinh.|Số liệu EFP được sử dụng để phân tích lùn Bitcoin giữa các sản giao dịch giao ngày và các sản giao dịch phải sinh.
audio_00743|Chúng ta sẽ đọc hết tất cả các điều khoản.|Chúng ta sẽ đọc hết tất cả các điều khoản.
audio_00744|Đối với một số người.|Đối với một số người.
audio_00745|Đồng thời nghĩ là mình không được cha mẹ thương yêu.|Đồng thời nghĩ là mình không được cha mẹ thương yêu.
audio_00746|Anh cố gắng, anh hiểu vì sao mọi người thích nó.|Anh cố gắng, anh hiểu vì sao mọi người thích nó.
audio_00747|Nhưng ở đây, họ vẫn phải chịu sự thống trị của người Nga.|Nhưng ở đây, họ vẫn phải chịu sự thống trị của người Nga.
audio_00748|Sự chọn lựa của chúng ta ngay bây giờ là điều quan trọng hơn bao giờ hết đối với các thế hệ hiện tại và tương lai.|Sự chọn lựa của chúng ta ngay bây giờ là điều quan trọng hơn bao giờ hết đối với các thế hệ hiện tại và tương lai.
audio_00749|Với những cái nhận định mình 2 cái nhận định bị thua lỗ liên tục ở trong một cái tuần mới.|Với những cái nhận định mình 2 cái nhận định bị thua lỗ liên tục ở trong một cái tuần mới.
audio_00750|Mặc dù có thể trong lòng chúng ta vẫn cảm thấy có chút tồi tệ, nhưng mà chúng ta vẫn nói sự việc đã qua rồi, không sao cả.|Mặc dù có thể trong lòng chúng ta vẫn cảm thấy có chút tồi tệ, nhưng mà chúng ta vẫn nói sự việc đã qua rồi, không sao cả.
audio_00751|Tới một chi tiết khác nữa liên quan đến trải nghiệm sử dụng tủ lạnh đó chính là những thành phần tính năng.|Tới một chi tiết khác nữa liên quan đến trải nghiệm sử dụng tủ lạnh đó chính là những thành phần tính năng.
audio_00752|Trong thời gian dài, bà Hằng xúc phạm bị cáo với nhiều nội dung, nói bị cáo là vợ một cựu lãnh đạo TP.HCM, nói bị cáo tống tiền doanh nghiệp, gây ảnh hưởng đến công việc của bị cáo và cơ quan công tác của bị cáo.|Trong thời gian dài, bà Hằng xúc phạm bị cáo với nhiều nội dung, nói bị cáo là vợ một cựu lãnh đạo TP.HCM, nói bị cáo tống tiền doanh nghiệp, gây ảnh hưởng đến công việc của bị cáo và cơ quan công tác của bị cáo.
audio_00753|Nói rất hay.|Nói rất hay.
audio_00754|Bây giờ, ta giữ vị trí của mảnh chén theo chiều ngang này.|Bây giờ, ta giữ vị trí của mảnh chén theo chiều ngang này.
audio_00755|Chặt cây rồi nướng lên.|Chặt cây rồi nướng lên.
audio_00756|Đừng phân chia mọi chuyện thành lớn hay nhỏ quan trọng hay tầm thường.|Đừng phân chia mọi chuyện thành lớn hay nhỏ quan trọng hay tầm thường.
audio_00757|Rất có thể rằng vị đại đế đã vô tình uống phải loại nước sông này mà đột ngột ra đi như thế.|Rất có thể rằng vị đại đế đã vô tình uống phải loại nước sông này mà đột ngột ra đi như thế.
audio_00758|Riêng khu vực Tây Bắc thì trời nắng sáo từ sớm, nhiệt độ cao hơn phổ biến từ 31 đến 34 độ, có nơi xuất hiện nắng nóng với nhiệt độ lên trên 35 độ.|Riêng khu vực Tây Bắc thì trời nắng sáo từ sớm, nhiệt độ cao hơn phổ biến từ 31 đến 34 độ, có nơi xuất hiện nắng nóng với nhiệt độ lên trên 35 độ.
audio_00759|Còn có rất nhiều những sự việc gây tranh cãi khác xung quanh cách thức làm phim và những diễn viên khác mà tôi không thể đi sâu vào được.|Còn có rất nhiều những sự việc gây tranh cãi khác xung quanh cách thức làm phim và những diễn viên khác mà tôi không thể đi sâu vào được.
audio_00760|Bạn làm gì vậy?|Bạn làm gì vậy?
audio_00761|Ở sân kho hợp tác xã.|Ở sân kho hợp tác xã.
audio_00762|Bại bởi thông minh.|Bại bởi thông minh.
audio_00763|Tuy nhiên, có lẽ đó chỉ là phương tiện hữu ích để nữ đạo diễn truyền tải một thông điệp đồng cảm dành cho những người trẻ khi phải bước ra vùng an toàn của quê nhà.|Tuy nhiên, có lẽ đó chỉ là phương tiện hữu ích để nữ đạo diễn truyền tải một thông điệp đồng cảm dành cho những người trẻ khi phải bước ra vùng an toàn của quê nhà.
audio_00764|Hẹn giờ tắt đèn nghe trước khi ngủ.|Hẹn giờ tắt đèn nghe trước khi ngủ.
audio_00765|Bánh bông mềm, thơ sớt và béo thơm, với cách làm nhanh, gọn và những nguyên liệu sẵn có trong gia đình.|Bánh bông mềm, thơ sớt và béo thơm, với cách làm nhanh, gọn và những nguyên liệu sẵn có trong gia đình.
audio_00766|Và đột nhiên, chai ngang vào những tiếng la hét đó là các cuộc không kích của liên quân.|Và đột nhiên, chai ngang vào những tiếng la hét đó là các cuộc không kích của liên quân.
audio_00767|Cho nên nó rất là thân thuộc, rất dung dị.|Cho nên nó rất là thân thuộc, rất dung dị.
audio_00768|Không hề có hình liên thanh.|Không hề có hình liên thanh.
audio_00769|Trên một địa bàn biên giới như Kỳ Sơn, việc phối hợp với chính quyền và lực lượng công an nước bạn Lào hết sức được xem trọng.|Trên một địa bàn biên giới như Kỳ Sơn, việc phối hợp với chính quyền và lực lượng công an nước bạn Lào hết sức được xem trọng.
audio_00770|Bánh sau khi tạo hình thì mình sẽ để ủ trong khoảng 30 phút gì đó để bánh nở gốc đôi.|Bánh sau khi tạo hình thì mình sẽ để ủ trong khoảng 30 phút gì đó để bánh nở gốc đôi.
audio_00771|Còn lại cái phần phím chữ thì nó cũng cái bàn phím nó cũng khá là lớn nè.|Còn lại cái phần phím chữ thì nó cũng cái bàn phím nó cũng khá là lớn nè.
audio_00772|Và chúng ta bấm vào cho đúng.|Và chúng ta bấm vào cho đúng.
audio_00773|Tôi biết. Trước khi cập biến ở đây, cả đoàn thủy thủ của tôi đã chết đói trên biển cả rồi.|Tôi biết. Trước khi cập biến ở đây, cả đoàn thủy thủ của tôi đã chết đói trên biển cả rồi.
audio_00774|Mình chúc các bạn một ngày mới thật nhiều niềm vui và hạnh phúc bên gia đình và người thân.|Mình chúc các bạn một ngày mới thật nhiều niềm vui và hạnh phúc bên gia đình và người thân.
audio_00775|Kết quả, hơn 10 phút trôi qua, họ giật mình tỉnh giấc hết toán lên.|Kết quả, hơn 10 phút trôi qua, họ giật mình tỉnh giấc hết toán lên.
audio_00776|Để anh xuống mò cho em nhá.|Để anh xuống mò cho em nhá.
audio_00777|Và điều gì đang ngăn cản bạn?|Và điều gì đang ngăn cản bạn?
audio_00778|Chúng tôi đã phải thiết lập một đường dây radio cũ để có thể liên lạc được với ông ấy.|Chúng tôi đã phải thiết lập một đường dây radio cũ để có thể liên lạc được với ông ấy.
audio_00779|Đó là cái sự tập trung.|Đó là cái sự tập trung.
audio_00780|Thịt này cũng có nhiều màu.|Thịt này cũng có nhiều màu.
audio_00781|Mà ông ơi, lúa còn xanh, ngô khoai cũng chưa đến mùa.|Mà ông ơi, lúa còn xanh, ngô khoai cũng chưa đến mùa.
audio_00782|Viết về cái ăn của người Việt khó vô cùng.|Viết về cái ăn của người Việt khó vô cùng.
audio_00783|Đến trường trên xe thật thật.|Đến trường trên xe thật thật.
audio_00784|Thôi, tôi cũng không có làm khó khăn gì. Tôi đồng ý cho hai đứa nó cưới nhau đó.|Thôi, tôi cũng không có làm khó khăn gì. Tôi đồng ý cho hai đứa nó cưới nhau đó.
audio_00785|Để dưỡng đàn gà này, đầu tiên phải cần đảm bảo nhiệt độ, tiếp đến là thức ăn.|Để dưỡng đàn gà này, đầu tiên phải cần đảm bảo nhiệt độ, tiếp đến là thức ăn.
audio_00786|Quận Tây Hồ cũng đặt mục tiêu đến năm 2030 xây dựng quận thành trung tâm dịch vụ du lịch văn hóa của thủ đô, phát triển đô thị bền vững theo hướng đô thị xanh, văn minh, gắn với bảo vệ môi trường, xây dựng quận Tây Hồ là nơi đáng sống.|Quận Tây Hồ cũng đặt mục tiêu đến năm 2030 xây dựng quận thành trung tâm dịch vụ du lịch văn hóa của thủ đô, phát triển đô thị bền vững theo hướng đô thị xanh, văn minh, gắn với bảo vệ môi trường, xây dựng quận Tây Hồ là nơi đáng sống.
audio_00787|Trước khi khủng hoảng năm 2008 diễn ra giữa quan sát cuộc chạy đua cách tăng công nghệ đã đưa ra nhiều cảnh báo về nguy cơ tụt hậu của Mỹ.|Trước khi khủng hoảng năm 2008 diễn ra giữa quan sát cuộc chạy đua cách tăng công nghệ đã đưa ra nhiều cảnh báo về nguy cơ tụt hậu của Mỹ.
audio_00788|Cho vô đây là 260ml nước.|Cho vô đây là 260ml nước.
audio_00789|Sau khi ông được chôn cất bí mật ở quê nhà, quân lính cho phong tỏa cả khu vực rộng vài trăm dặm vuông này.|Sau khi ông được chôn cất bí mật ở quê nhà, quân lính cho phong tỏa cả khu vực rộng vài trăm dặm vuông này.
audio_00790|Vậy thì bây giờ tôi nói thiệt các bạn.|Vậy thì bây giờ tôi nói thiệt các bạn.
audio_00791|Rita cũng thủ nhận, cô không có kinh nghiệm phụ trách y tế chạy hè cũng giống như họ, chưa từng làm cố vấn.|Rita cũng thủ nhận, cô không có kinh nghiệm phụ trách y tế chạy hè cũng giống như họ, chưa từng làm cố vấn.
audio_00792|Khi mà các bạn tham gia các hoạt động thiện nguyện á, các bạn sẽ có được rất nhiều thứ.|Khi mà các bạn tham gia các hoạt động thiện nguyện á, các bạn sẽ có được rất nhiều thứ.
audio_00793|Con cứ chờ đấy, thầy chưa hỏi tội con đâu.|Con cứ chờ đấy, thầy chưa hỏi tội con đâu.
audio_00794|Có nhất thiết phải đặt nhân vật Mai.|Có nhất thiết phải đặt nhân vật Mai.
audio_00795|Dù là một nhà khoa học lỗi lạc, ông vẫn hiểu rằng trong mỗi chi tiết của đời sống, ông vẫn là một con người bình thường với rất nhiều nỗi trăng trở.|Dù là một nhà khoa học lỗi lạc, ông vẫn hiểu rằng trong mỗi chi tiết của đời sống, ông vẫn là một con người bình thường với rất nhiều nỗi trăng trở.
audio_00796|Thì lúc đó các bạn có thể bấm vào cái sản phẩm mà gắn trong cái video để tiến hành mua hàng ngay, rất là tiện.|Thì lúc đó các bạn có thể bấm vào cái sản phẩm mà gắn trong cái video để tiến hành mua hàng ngay, rất là tiện.
audio_00797|Cái ưu điểm của cái món xôi chay này thì mình ăn bên ngoài nó rất là giòn và rất là thơm.|Cái ưu điểm của cái món xôi chay này thì mình ăn bên ngoài nó rất là giòn và rất là thơm.
audio_00798|Theo mô hình kim tứ đồ của Robert T. Kiyosaki, thế giới kinh doanh bao gồm bốn nhóm người.|Theo mô hình kim tứ đồ của Robert T. Kiyosaki, thế giới kinh doanh bao gồm bốn nhóm người.
audio_00799|Màu đen nên là thỏ đen.|Màu đen nên là thỏ đen.
audio_00800|Thí nghiệm tại chạy trẻ.|Thí nghiệm tại chạy trẻ.
audio_00801|Việc phát hiện ra địa điểm đáng chú ý này đã bờ ra cánh cửa nhìn về quá khứ, vừa sâu sắc, vừa bí ẩn, gợi ý về sự tồn tại của một nền văn minh đã mất.|Việc phát hiện ra địa điểm đáng chú ý này đã bờ ra cánh cửa nhìn về quá khứ, vừa sâu sắc, vừa bí ẩn, gợi ý về sự tồn tại của một nền văn minh đã mất.
audio_00802|Yêu cầu đặt ra cho cơ quan thuế phải ra doát thực tế quản lý thuế tại các địa phương để đưa ra các giải pháp quản lý nhằm triển khai công tác quản lý thu thuế với thương mại địa tử mạnh mẽ hơn trong thời gian tới.|Yêu cầu đặt ra cho cơ quan thuế phải ra doát thực tế quản lý thuế tại các địa phương để đưa ra các giải pháp quản lý nhằm triển khai công tác quản lý thu thuế với thương mại địa tử mạnh mẽ hơn trong thời gian tới.
audio_00803|Cô tiến lại gần, bồ dìu thẳng vào ngực hắn. Thấy một con quỷ trôi ra từ vết dìu bồ, cô tiếp tục chặt cho đến khi nó bị chết tiêu hoàn toàn.|Cô tiến lại gần, bồ dìu thẳng vào ngực hắn. Thấy một con quỷ trôi ra từ vết dìu bồ, cô tiếp tục chặt cho đến khi nó bị chết tiêu hoàn toàn.
audio_00804|Dạy vài khoa học online.|Dạy vài khoa học online.
audio_00805|Bạn nào có dịp về Sóc Trăng thì nhớ thử những cái món ăn đặc sản này nha.|Bạn nào có dịp về Sóc Trăng thì nhớ thử những cái món ăn đặc sản này nha.
audio_00806|Đồng chí mong muốn hội nghị sẽ nhận được nhiều ý kiến để hoàn thiện các quy định, đảm bảo thống nhất và hiệu quả trong thực thi pháp luật.|Đồng chí mong muốn hội nghị sẽ nhận được nhiều ý kiến để hoàn thiện các quy định, đảm bảo thống nhất và hiệu quả trong thực thi pháp luật.
audio_00807|Đấy là nếu chúng ta may mắn.|Đấy là nếu chúng ta may mắn.
audio_00808|Thậm chí còn có người cho rằng đó là tạo dáng chụp ảnh.|Thậm chí còn có người cho rằng đó là tạo dáng chụp ảnh.
audio_00809|Ví dụ khi bạn đứng dậy và chuẩn bị dọn dẹp nhà cửa, thì đột nhiên bạn nhận được một tin nhắn từ người bạn nào đó.|Ví dụ khi bạn đứng dậy và chuẩn bị dọn dẹp nhà cửa, thì đột nhiên bạn nhận được một tin nhắn từ người bạn nào đó.
audio_00810|Và người bố của hai anh em thì không ngừng thúc ép Remusis phải chuẩn bị tinh thần cho những áp lực khủng khiếp này.|Và người bố của hai anh em thì không ngừng thúc ép Remusis phải chuẩn bị tinh thần cho những áp lực khủng khiếp này.
audio_00811|Trong cái quãng thời gian mà tôi còn ở Úc.|Trong cái quãng thời gian mà tôi còn ở Úc.
audio_00812|Khi không được mạch máu nuôi dưỡng, thì những khối u nhỏ này không thể hoạt động.|Khi không được mạch máu nuôi dưỡng, thì những khối u nhỏ này không thể hoạt động.
audio_00813|Tọa nóng mặt, ghi lại luôn.|Tọa nóng mặt, ghi lại luôn.
audio_00814|Sau tháng cuối năm 2023, lượng mở bán mới đã có sự cải thiện hơn so với đầu năm, với mức tăng 11%.|Sau tháng cuối năm 2023, lượng mở bán mới đã có sự cải thiện hơn so với đầu năm, với mức tăng 11%.
audio_00815|Theo vào đó, Liên Xô giúp đỡ Triều Tiên xây dựng các nhà máy hạt nhân cho mục đích dân sự.|Theo vào đó, Liên Xô giúp đỡ Triều Tiên xây dựng các nhà máy hạt nhân cho mục đích dân sự.
audio_00816|Nhưng ngựa của ta nhanh không.|Nhưng ngựa của ta nhanh không.
audio_00817|Và cái cách tư duyên của tôi cũng rất đơn giản thôi.|Và cái cách tư duyên của tôi cũng rất đơn giản thôi.
audio_00818|Thằng bé xoài này!|Thằng bé xoài này!
audio_00819|Cũng giống như các giai đoạn trong cuộc đời của mỗi người.|Cũng giống như các giai đoạn trong cuộc đời của mỗi người.
audio_00820|Bộ giáp được chế tạo hoàn toàn bằng thép hàn có khả năng chống chịu cho các loại đạn 14,5 ly ở mặt trước, trong khi những phần giáp còn lại đủ sức bảo vệ kiếp lái khỏi hòa lực đến từ vũ khí nhỏ và mạnh đạn pháo.|Bộ giáp được chế tạo hoàn toàn bằng thép hàn có khả năng chống chịu cho các loại đạn 14,5 ly ở mặt trước, trong khi những phần giáp còn lại đủ sức bảo vệ kiếp lái khỏi hòa lực đến từ vũ khí nhỏ và mạnh đạn pháo.
audio_00821|Mình có tin được cái người đó hay không?|Mình có tin được cái người đó hay không?
audio_00822|Dù tình hình đang khó khăn như vậy, đặc biệt là thị trường crypto, nhưng sau cơn mưa trời sẽ lại sáng, đó là quy luật từ trước đến nay.|Dù tình hình đang khó khăn như vậy, đặc biệt là thị trường crypto, nhưng sau cơn mưa trời sẽ lại sáng, đó là quy luật từ trước đến nay.
audio_00823|Với sự nỗ lực của toàn bộ hệ thống chính trị trên địa bàn, tỷ lệ mù chữ đã được đẩy lùi qua từng năm học.|Với sự nỗ lực của toàn bộ hệ thống chính trị trên địa bàn, tỷ lệ mù chữ đã được đẩy lùi qua từng năm học.
audio_00824|Bão cuốn văng ngói trên mái nhà.|Bão cuốn văng ngói trên mái nhà.
audio_00825|Nhưng mà em mua nguyên cả một cái đùi cho anh ăn cho đã thì thôi.|Nhưng mà em mua nguyên cả một cái đùi cho anh ăn cho đã thì thôi.
audio_00826|Những tình huống này có thể hiểu đơn giản là giai đoạn set up của thuật thức.|Những tình huống này có thể hiểu đơn giản là giai đoạn set up của thuật thức.
audio_00827|Còn với bộ Khúc Ca Ngày Cũ, đây liệu có phải là một bộ nằm trong kế hoạch của Miojo hay không?|Còn với bộ Khúc Ca Ngày Cũ, đây liệu có phải là một bộ nằm trong kế hoạch của Miojo hay không?
audio_00828|Đương nhiên đây cũng chỉ là một niềm tin thôi và cũng chưa có một cái khoa học chứng minh cụ thể nào.|Đương nhiên đây cũng chỉ là một niềm tin thôi và cũng chưa có một cái khoa học chứng minh cụ thể nào.
audio_00829|Nhờ vào những thông tin trước giờ mà Charlotte đã tập hợp, nhà lữ hành đã có thể lôi kéo được ý kiến của khán giả và cỗ máy chỉ thị phán quyết về phía mình.|Nhờ vào những thông tin trước giờ mà Charlotte đã tập hợp, nhà lữ hành đã có thể lôi kéo được ý kiến của khán giả và cỗ máy chỉ thị phán quyết về phía mình.
audio_00830|Matt tìm đến phòng tranh nơi Vanessa làm việc.|Matt tìm đến phòng tranh nơi Vanessa làm việc.
audio_00831|Khuyên ngăn bạn gái cũ nghĩa về việc đại sự rằng TVA mới là ưu tiên và quan trọng hơn.|Khuyên ngăn bạn gái cũ nghĩa về việc đại sự rằng TVA mới là ưu tiên và quan trọng hơn.
audio_00832|Không còn sèn núi quân đội, ngành đi lính rơi xuống đáy xã hội. Số quân đảo ngũ tăng chóng mặt, cộng thêm tình trạng tham nhũng càng làm bé bét quân lực Việt Nam Cộng Hòa.|Không còn sèn núi quân đội, ngành đi lính rơi xuống đáy xã hội. Số quân đảo ngũ tăng chóng mặt, cộng thêm tình trạng tham nhũng càng làm bé bét quân lực Việt Nam Cộng Hòa.
audio_00833|Chủ của ông là Epapheretitis, bí thư hành tránh của Nero.|Chủ của ông là Epapheretitis, bí thư hành tránh của Nero.
audio_00834|Khi thấy được cảnh này ngay trong cung điện, vị vua trẻ đã không chịu được cú sốc.|Khi thấy được cảnh này ngay trong cung điện, vị vua trẻ đã không chịu được cú sốc.
audio_00835|Việc giành được sự ủng hộ của nhiều thành phần xã hội khiến đảng NLD tạo ra một đối trọng lớn với quân đội.|Việc giành được sự ủng hộ của nhiều thành phần xã hội khiến đảng NLD tạo ra một đối trọng lớn với quân đội.
audio_00836|Ban hành luật 10 trên 59, lê máy chém khắp miền Nam, gây đau thương tăng tóc cho đồng bào ta, nhân dân ta.|Ban hành luật 10 trên 59, lê máy chém khắp miền Nam, gây đau thương tăng tóc cho đồng bào ta, nhân dân ta.
audio_00837|Tình hình xung quanh lãm phát vẫn còn khó khăn.|Tình hình xung quanh lãm phát vẫn còn khó khăn.
audio_00838|Chúng ta sẽ hoàn hệ trong vòng một vật.|Chúng ta sẽ hoàn hệ trong vòng một vật.
audio_00839|Hãy nhìn chú thỏ nhỏ dễ thương đang quay bánh răng này.|Hãy nhìn chú thỏ nhỏ dễ thương đang quay bánh răng này.
audio_00840|Vậy con chim diệt xanh đó là gì? Và tòa tháp kia sẽ dẫn Mahito đến đâu?|Vậy con chim diệt xanh đó là gì? Và tòa tháp kia sẽ dẫn Mahito đến đâu?
audio_00841|Cuộc sống của bạn nhiều hay ít áp lực đều phụ thuộc vào cách bạn tự nhìn nhận chính mình qua lăng kính thế nào.|Cuộc sống của bạn nhiều hay ít áp lực đều phụ thuộc vào cách bạn tự nhìn nhận chính mình qua lăng kính thế nào.
audio_00842|Thí dụ, 1. Đức tin, 2. Linh hồn, 3. Một linh hồn trong tất cả, và cứ tiếp tục cho đến con số sau cùng.|Thí dụ, 1. Đức tin, 2. Linh hồn, 3. Một linh hồn trong tất cả, và cứ tiếp tục cho đến con số sau cùng.
audio_00843|Tuy nhiên thì không nên viết trên giấy bởi vì nó rất dễ bị thấm ở mặt sau.|Tuy nhiên thì không nên viết trên giấy bởi vì nó rất dễ bị thấm ở mặt sau.
audio_00844|Thật sự mấy cái chữ này không có khó lắm, tại vì nó có dạng khác nhau cho nên các bạn gặp trải ngại thay.|Thật sự mấy cái chữ này không có khó lắm, tại vì nó có dạng khác nhau cho nên các bạn gặp trải ngại thay.
audio_00845|Khi bị mẹ gặng hỏi về lý do tìm hiểu về người bố của mình.|Khi bị mẹ gặng hỏi về lý do tìm hiểu về người bố của mình.
audio_00846|Ý là có thể sớm với các bạn nhưng mà Thị Sun bây giờ cũng già rồi.|Ý là có thể sớm với các bạn nhưng mà Thị Sun bây giờ cũng già rồi.
audio_00847|Thế nhưng khi Hà Nam khai quật mộ ở thôn Tây Cao Huyệt, lại không thấy hải cốt bả.|Thế nhưng khi Hà Nam khai quật mộ ở thôn Tây Cao Huyệt, lại không thấy hải cốt bả.
audio_00848|Đối với nhiều người trong số họ, nó là siêu thực. Họ không thể tin rằng người đàn ông này, người đã tuyên bố luôn quan tâm đến lợi ích tốt nhất của họ, lại thực sự muốn giết họ, chỉ cho đến khi nhìn thấy những đứa trẻ sủi bọt ở miệng và quằn quại.|Đối với nhiều người trong số họ, nó là siêu thực. Họ không thể tin rằng người đàn ông này, người đã tuyên bố luôn quan tâm đến lợi ích tốt nhất của họ, lại thực sự muốn giết họ, chỉ cho đến khi nhìn thấy những đứa trẻ sủi bọt ở miệng và quằn quại.
audio_00849|Tìm hiểu một cách cặn kẽ, chi tiết.|Tìm hiểu một cách cặn kẽ, chi tiết.
audio_00850|Theo truyền thông địa phương, Trinh Ly học tại trường trung học số 2 Vũ Hán, tỉnh Hồ Bắc, còn Ricky Wang Yu theo học tại trường trung học liên kết với Đại học Sư phạm Nam Kinh, tỉnh Giang Tô.|Theo truyền thông địa phương, Trinh Ly học tại trường trung học số 2 Vũ Hán, tỉnh Hồ Bắc, còn Ricky Wang Yu theo học tại trường trung học liên kết với Đại học Sư phạm Nam Kinh, tỉnh Giang Tô.
audio_00851|Hãy cùng Spider Room và bạn Anh Tuấn Vũ điểm lại một số đại án chấn động nhất trong lịch sử kinh tế Việt Nam để tìm câu trả lời nhé!|Hãy cùng Spider Room và bạn Anh Tuấn Vũ điểm lại một số đại án chấn động nhất trong lịch sử kinh tế Việt Nam để tìm câu trả lời nhé!
audio_00852|Máy sẽ tự động nhận giấy rồi ưu tiên in trước mà không cần phải thao tác điều chỉnh gì thêm.|Máy sẽ tự động nhận giấy rồi ưu tiên in trước mà không cần phải thao tác điều chỉnh gì thêm.
audio_00853|Nếu như mà chúng ta làm lớn thì không thể nào nha các bạn.|Nếu như mà chúng ta làm lớn thì không thể nào nha các bạn.
audio_00854|Mọi thứ tiến triển nhưng nảy sinh một vấn đề.|Mọi thứ tiến triển nhưng nảy sinh một vấn đề.
audio_00855|Thì chừng đó chúng ta vẫn còn kiếm được tiền.|Thì chừng đó chúng ta vẫn còn kiếm được tiền.
audio_00856|Nhưng thật ra, chẳng thấy có gì khác cả.|Nhưng thật ra, chẳng thấy có gì khác cả.
audio_00857|Thưởng thức xong họ lại chùi mép súc miệng hoàn toàn sạch bong đồ ăn, coi như chưa từng nêm qua.|Thưởng thức xong họ lại chùi mép súc miệng hoàn toàn sạch bong đồ ăn, coi như chưa từng nêm qua.
audio_00858|Và thường dùng để cài áo cho các sự kiện tưởng nhớ những người đã khuất.|Và thường dùng để cài áo cho các sự kiện tưởng nhớ những người đã khuất.
audio_00859|Dần biến thành những bóng ma.|Dần biến thành những bóng ma.
audio_00860|Bù lại thì nhờ vào sự cơ động nên thanh kiếm này có khả năng combo tốt hơn một chút so với ngày trước.|Bù lại thì nhờ vào sự cơ động nên thanh kiếm này có khả năng combo tốt hơn một chút so với ngày trước.
audio_00861|Và thêm 50g đường.|Và thêm 50g đường.
audio_00862|Cho nó đủ no.|Cho nó đủ no.
audio_00863|Nghĩ lại cũng vinh hạnh cho gia đình bắp.|Nghĩ lại cũng vinh hạnh cho gia đình bắp.
audio_00864|Chúng tôi sẽ thu thập tất cả những hình ảnh khác nhau để tạo thành một mô hình bà đề thống nhất.|Chúng tôi sẽ thu thập tất cả những hình ảnh khác nhau để tạo thành một mô hình bà đề thống nhất.
audio_00865|Chúng thậm chí còn cho thấy những dấu hiệu hòa nhập và phát triển tốt hơn hẳn điều kiện tự nhiên ngoài xã hội.|Chúng thậm chí còn cho thấy những dấu hiệu hòa nhập và phát triển tốt hơn hẳn điều kiện tự nhiên ngoài xã hội.
audio_00866|Hay là cái này.|Hay là cái này.
audio_00867|Tham thì thăm.|Tham thì thăm.
audio_00868|Đang chuẩn bị đi ăn cùng mọi người sau khi đàm phán xong.|Đang chuẩn bị đi ăn cùng mọi người sau khi đàm phán xong.
audio_00869|Bây giờ anh chị cảm ơn má kìa.|Bây giờ anh chị cảm ơn má kìa.
audio_00870|Ông không coi tôi là cái gì phải không?|Ông không coi tôi là cái gì phải không?
audio_00871|Hoặc một kịch bản dễ xảy ra hơn là có nhiều tập đoàn của Trung Quốc mua đất, tổ chức những sòng bạc, tụ điểm kinh doanh bất hợp pháp, bắt giữ người trái pháp luật, cơ sở kinh doanh ngầm ở biên giới Việt Nam thì tình hình bất hổn sẽ gia tăng.|Hoặc một kịch bản dễ xảy ra hơn là có nhiều tập đoàn của Trung Quốc mua đất, tổ chức những sòng bạc, tụ điểm kinh doanh bất hợp pháp, bắt giữ người trái pháp luật, cơ sở kinh doanh ngầm ở biên giới Việt Nam thì tình hình bất hổn sẽ gia tăng.
audio_00872|Trong một con người luôn mang nhiều duyên khác nhau.|Trong một con người luôn mang nhiều duyên khác nhau.
audio_00873|Sau khi được phỏng vấn thì đổ vài hôm bạn sẽ bị bắt đi tham gia các buổi đào tạo do các sếp tổ chức.|Sau khi được phỏng vấn thì đổ vài hôm bạn sẽ bị bắt đi tham gia các buổi đào tạo do các sếp tổ chức.
audio_00874|Khiến ta cảm thương.|Khiến ta cảm thương.
audio_00875|Ngâm cái lon coca trong dung dịch tại giữa 24h mà nó trở nên trong suốt như vậy á. Phải thử mới được.|Ngâm cái lon coca trong dung dịch tại giữa 24h mà nó trở nên trong suốt như vậy á. Phải thử mới được.
audio_00876|Hughie cùng với Annie vẫn như hình với bóng.|Hughie cùng với Annie vẫn như hình với bóng.
audio_00877|Và ông nhìn thấy cái rồng đời của những kẻ tự cho là trong sáng thánh thiện khi nói thẳng rằng.|Và ông nhìn thấy cái rồng đời của những kẻ tự cho là trong sáng thánh thiện khi nói thẳng rằng.
audio_00878|Bà Ký đi chợ, bà Ký hai ra đồng.|Bà Ký đi chợ, bà Ký hai ra đồng.
audio_00879|Cô con gái đầu lòng Eleanor, người đã đưa ra những loại khuyên hữu ích ấy, là một cô gái rất hiểu biết và có óc suy xét, bình tĩnh, cẩn trọng.|Cô con gái đầu lòng Eleanor, người đã đưa ra những loại khuyên hữu ích ấy, là một cô gái rất hiểu biết và có óc suy xét, bình tĩnh, cẩn trọng.
audio_00880|Nói thật, lúc sắp chuyển nhà đến y dư, trong lòng mẹ cứ chán nản thế nào ấy.|Nói thật, lúc sắp chuyển nhà đến y dư, trong lòng mẹ cứ chán nản thế nào ấy.
audio_00881|Thì đó là cái suy nghĩ của mình trước chuyến đi.|Thì đó là cái suy nghĩ của mình trước chuyến đi.
audio_00882|Bến xe bị bụng gói kín.|Bến xe bị bụng gói kín.
audio_00883|Vậy nên là.|Vậy nên là.
audio_00884|Vậy thì có sản phẩm nào vừa dễ sử dụng, vừa có những công nghệ ưu việt hỗ trợ cho người dùng mới, vừa kiếm được tiền hay không?|Vậy thì có sản phẩm nào vừa dễ sử dụng, vừa có những công nghệ ưu việt hỗ trợ cho người dùng mới, vừa kiếm được tiền hay không?
audio_00885|Tập trung vào con người là muốn phát biểu, chúng ta hãy cùng thảo luận về kế hoạch này và lý do tại sao chúng ta làm những việc đó.|Tập trung vào con người là muốn phát biểu, chúng ta hãy cùng thảo luận về kế hoạch này và lý do tại sao chúng ta làm những việc đó.
audio_00886|Để tránh việc không khí ẩm tràn vào nhà gây đống nước, người dân nên đóng kính cửa, có thể sử dụng điện hoa hoặc máy hụt ẩm.|Để tránh việc không khí ẩm tràn vào nhà gây đống nước, người dân nên đóng kính cửa, có thể sử dụng điện hoa hoặc máy hụt ẩm.
audio_00887|Cơm chưa chín, con đói.|Cơm chưa chín, con đói.
audio_00888|Lúc này, nhiều người có thể sẽ nghĩ trời ơi, mất hết rồi, dự án không hoàn thành được, mất đi đối tá, tôi sẽ bị sa thải và làm thế nào để trả tiền nhà tháng sau đây?|Lúc này, nhiều người có thể sẽ nghĩ trời ơi, mất hết rồi, dự án không hoàn thành được, mất đi đối tá, tôi sẽ bị sa thải và làm thế nào để trả tiền nhà tháng sau đây?
audio_00889|Pháp tu của Thầy Huệ Viễn chính là đường lối cơ bản của tịnh Độ Tông.|Pháp tu của Thầy Huệ Viễn chính là đường lối cơ bản của tịnh Độ Tông.
audio_00890|Chúng ta sẽ không cần đi trả lời câu hỏi.|Chúng ta sẽ không cần đi trả lời câu hỏi.
audio_00891|Nhưng tại sao hắn lại được ca tụng là vua của nguyên hôn?|Nhưng tại sao hắn lại được ca tụng là vua của nguyên hôn?
audio_00892|Sau khi kết thúc quá trình tuyển chọn Gibbush.|Sau khi kết thúc quá trình tuyển chọn Gibbush.
audio_00893|Hãy quan sát, biết đâu ẩn dưới lớp vỏ tâm thường của thực tại sẽ là những chất liệu sáng tác phi thường.|Hãy quan sát, biết đâu ẩn dưới lớp vỏ tâm thường của thực tại sẽ là những chất liệu sáng tác phi thường.
audio_00894|Hiểu ý á.|Hiểu ý á.
audio_00895|Tôi luôn cho rằng anh ấy là người đứng đầu trong thể loại video này, và không hề tiếc tiền tí nào khi ủng hộ cho anh ta cả.|Tôi luôn cho rằng anh ấy là người đứng đầu trong thể loại video này, và không hề tiếc tiền tí nào khi ủng hộ cho anh ta cả.
audio_00896|Ta cần tập luyện rất nhiều để thấy được rằng bản ngã đang cám dỗ mình.|Ta cần tập luyện rất nhiều để thấy được rằng bản ngã đang cám dỗ mình.
audio_00897|Và bên này họ đã điều phối và chi phối cho cái Robinhood không cho thằng bên này mua nữa.|Và bên này họ đã điều phối và chi phối cho cái Robinhood không cho thằng bên này mua nữa.
audio_00898|Đến nay, 100% các cơ quan nhà nước từ cấp tỉnh đến cấp xã đã sử dụng nền tảng quản lý văn bản, chỉ đạo điều hành và liên thông vào trục liên thông văn bản quốc gia.|Đến nay, 100% các cơ quan nhà nước từ cấp tỉnh đến cấp xã đã sử dụng nền tảng quản lý văn bản, chỉ đạo điều hành và liên thông vào trục liên thông văn bản quốc gia.
audio_00899|Bên cạnh đó, Type 90 được trang bị một bộ áo giáp bảo vệ làm từ vật liệu tổng hợp, bao gồm thép và gốm rất phổ biến trong các thiết kế xe tăng hiện đại.|Bên cạnh đó, Type 90 được trang bị một bộ áo giáp bảo vệ làm từ vật liệu tổng hợp, bao gồm thép và gốm rất phổ biến trong các thiết kế xe tăng hiện đại.
audio_00900|Và đại liên vào dinh độc lập.|Và đại liên vào dinh độc lập.
audio_00901|Là nó sẽ đẹp.|Là nó sẽ đẹp.
audio_00902|Chuyến hải hành này diễn ra vào giai đoạn đầu Arian nhậm chức.|Chuyến hải hành này diễn ra vào giai đoạn đầu Arian nhậm chức.
audio_00903|Hay là rau cải.|Hay là rau cải.
audio_00904|Làm gì có.|Làm gì có.
audio_00905|Freddie thì dai dẳng bám lấy danh tính thực sự của thợ sẻ Chesapeake.|Freddie thì dai dẳng bám lấy danh tính thực sự của thợ sẻ Chesapeake.
audio_00906|Định mua rồi lại cất.|Định mua rồi lại cất.
audio_00907|Không vui thì đợi khi nào vui rồi xem cũng được.|Không vui thì đợi khi nào vui rồi xem cũng được.
audio_00908|Toàn bộ không nói, toàn thể miễn chịu trách nhiệm.|Toàn bộ không nói, toàn thể miễn chịu trách nhiệm.
audio_00909|Thượng nghị trí Chuck Schumer cũng đã chủ trì một loạt cuộc thảo luận với các giám đốc điều hành AI, lãnh đạo doanh nghiệp và các chuyên gia khác để thông báo về cách tiếp cận lập pháp của các nhà hoạch định chính sách.|Thượng nghị trí Chuck Schumer cũng đã chủ trì một loạt cuộc thảo luận với các giám đốc điều hành AI, lãnh đạo doanh nghiệp và các chuyên gia khác để thông báo về cách tiếp cận lập pháp của các nhà hoạch định chính sách.
audio_00910|Sau khi cài đặt thành công.|Sau khi cài đặt thành công.
audio_00911|Giờ đây đã thuộc quyền kiểm soát của Ukraine sau rất nhiều nỗ lực gửi các nhóm dò thám và triển khai các đợt tấn công nhỏ lè nhằm mục đích dò thám.|Giờ đây đã thuộc quyền kiểm soát của Ukraine sau rất nhiều nỗ lực gửi các nhóm dò thám và triển khai các đợt tấn công nhỏ lè nhằm mục đích dò thám.
audio_00912|Tại vì dù sao thì Úc nó vẫn là một cái xã hội phương Tây.|Tại vì dù sao thì Úc nó vẫn là một cái xã hội phương Tây.
audio_00913|Hoàng Thượng lại không dám thừa nhận điều này với Như Ý.|Hoàng Thượng lại không dám thừa nhận điều này với Như Ý.
audio_00914|À, vậy thôi các bạn ạ.|À, vậy thôi các bạn ạ.
audio_00915|Là thế.|Là thế.
audio_00916|Những lần tôi tham gia giao lưu với các bạn người Nhật hay bạn bè quốc tế, điều khiến họ thích thú chính là tôi đã hiểu và giới thiệu được về văn hóa, lịch sử Việt Nam.|Những lần tôi tham gia giao lưu với các bạn người Nhật hay bạn bè quốc tế, điều khiến họ thích thú chính là tôi đã hiểu và giới thiệu được về văn hóa, lịch sử Việt Nam.
audio_00917|Seven.|Seven.
audio_00918|Vậy có gì hot ở Boruto hiện tại?|Vậy có gì hot ở Boruto hiện tại?
audio_00919|Thủ tướng Israel khiển trách quan chức trong nội các chiến tranh.|Thủ tướng Israel khiển trách quan chức trong nội các chiến tranh.
audio_00920|Ngày nay có một số người có thể cho rằng sự hào hiệp và trượng nghĩa này đã đến hồi kết thúc bởi vì nước Mỹ đã sức cùng lực kiệt đến nỗi không thể đảm đương toàn bộ gánh nặng của vai trò nhà lãnh đạo của toàn thế giới.|Ngày nay có một số người có thể cho rằng sự hào hiệp và trượng nghĩa này đã đến hồi kết thúc bởi vì nước Mỹ đã sức cùng lực kiệt đến nỗi không thể đảm đương toàn bộ gánh nặng của vai trò nhà lãnh đạo của toàn thế giới.
audio_00921|Vì có kích thước không có ấn tượng nên mặt trời sẽ kết thúc vòng đời của nó theo cách ít thảm khốc hơn.|Vì có kích thước không có ấn tượng nên mặt trời sẽ kết thúc vòng đời của nó theo cách ít thảm khốc hơn.
audio_00922|Bố chồng vội thanh minh là chỉ mượn mua cây lan làm quà sinh nhật năm sau cho mẹ.|Bố chồng vội thanh minh là chỉ mượn mua cây lan làm quà sinh nhật năm sau cho mẹ.
audio_00923|Mọi người biết khoảng cách nhà em với quán là bao nhiêu không?|Mọi người biết khoảng cách nhà em với quán là bao nhiêu không?
audio_00924|Thế thì 5 lá cờ ngũ hành 8 bát bửu.|Thế thì 5 lá cờ ngũ hành 8 bát bửu.
audio_00925|Ngoài ra em máy này có màn hình phủ gương, thì mọi người có thể thấy độ bóng của em nó ngay khi cả mở màn hình.|Ngoài ra em máy này có màn hình phủ gương, thì mọi người có thể thấy độ bóng của em nó ngay khi cả mở màn hình.
audio_00926|Hoặc đá tàng ở nhiều hình dạng khác nhau như bánh kếp, brachysaurus hay con cá.|Hoặc đá tàng ở nhiều hình dạng khác nhau như bánh kếp, brachysaurus hay con cá.
audio_00927|Nhưng nhiều lúc để mua được cá linh.|Nhưng nhiều lúc để mua được cá linh.
audio_00928|Ờ, mà lúc đó Rê mới có lớp 2 à.|Ờ, mà lúc đó Rê mới có lớp 2 à.
audio_00929|Cho nên vào thời kỳ này, có rất nhiều người đi theo Đức Phật vì chế độ bất bình đẳng ở Ấn Độ.|Cho nên vào thời kỳ này, có rất nhiều người đi theo Đức Phật vì chế độ bất bình đẳng ở Ấn Độ.
audio_00930|Hồi trước đây do khó khăn và con bị ốm nên không thể đi học được.|Hồi trước đây do khó khăn và con bị ốm nên không thể đi học được.
audio_00931|Thì anh em mình.|Thì anh em mình.
audio_00932|Nhưng đa số phản hồi.|Nhưng đa số phản hồi.
audio_00933|Vội vàng yêu một ai đấy.|Vội vàng yêu một ai đấy.
audio_00934|Quá trình đó làm cho các chất dình dưỡng dư thừa chảy từ đất liền vào đại dương nhiều hơn, gây ra sự phát triển của tả.|Quá trình đó làm cho các chất dình dưỡng dư thừa chảy từ đất liền vào đại dương nhiều hơn, gây ra sự phát triển của tả.
audio_00935|Để góp phần đảm bảo tốt an ninh trật tự, chủ động phòng ngừa, phát hiện các loại tội phạm lợi dụng việc tạm trú để hoạt động phạm tội và che giấu các đối tượng phạm tội.|Để góp phần đảm bảo tốt an ninh trật tự, chủ động phòng ngừa, phát hiện các loại tội phạm lợi dụng việc tạm trú để hoạt động phạm tội và che giấu các đối tượng phạm tội.
audio_00936|Hẹn gặp lại các bạn.|Hẹn gặp lại các bạn.
audio_00937|Còn năm nay các bạn thấy không, mình đang xài con iPhone 15 bản thường màu xanh cực đẹp, hay là con iPhone 15 Plus là máy chính của mình màu hồng.|Còn năm nay các bạn thấy không, mình đang xài con iPhone 15 bản thường màu xanh cực đẹp, hay là con iPhone 15 Plus là máy chính của mình màu hồng.
audio_00938|Cái tổng kinh phí là tổng số là mất vào hơn 400 triệu 400 triệu thì trên hỗ trợ 130 triệu.|Cái tổng kinh phí là tổng số là mất vào hơn 400 triệu 400 triệu thì trên hỗ trợ 130 triệu.
audio_00939|Ở trên này là một cái tệp vuông nhỏ nhỏ đựng rất là nhiều tờ giấy.|Ở trên này là một cái tệp vuông nhỏ nhỏ đựng rất là nhiều tờ giấy.
audio_00940|Hôm nay thật là một ngày đẹp trời, trong lòng ta cứ thấy vui vẻ hân hoan vô cùng.|Hôm nay thật là một ngày đẹp trời, trong lòng ta cứ thấy vui vẻ hân hoan vô cùng.
audio_00941|Tôi đã chứng kiến những người ít học ca ngợi những người có học như Thánh.|Tôi đã chứng kiến những người ít học ca ngợi những người có học như Thánh.
audio_00942|Giờ đây.|Giờ đây.
audio_00943|Đặc biệt công tác đào tạo nghề cho quân nhân suốt ngủ.|Đặc biệt công tác đào tạo nghề cho quân nhân suốt ngủ.
audio_00944|Giống như trong lòng ẩn chứa một ngọn lửa.|Giống như trong lòng ẩn chứa một ngọn lửa.
audio_00945|Và cháu bé cũng an lòng siêu sinh.|Và cháu bé cũng an lòng siêu sinh.
audio_00946|Sau đó lắp tất cả trong thời gian khoảng 10 giây, rồi cho vào ly có chân châu để sẵn.|Sau đó lắp tất cả trong thời gian khoảng 10 giây, rồi cho vào ly có chân châu để sẵn.
audio_00947|Đảng Cộng sản và các mục tiêu chính trị của nó ngày càng không được ưa chuộng ở các nước Đồng Âu, và dẫn tới sự sụp đổ của nhà nước Cộng sản chủ nghĩa tại các nước này.|Đảng Cộng sản và các mục tiêu chính trị của nó ngày càng không được ưa chuộng ở các nước Đồng Âu, và dẫn tới sự sụp đổ của nhà nước Cộng sản chủ nghĩa tại các nước này.
audio_00948|Nhân thì bây giờ nó đã nguội rồi thì mình sẽ dễ làm hơn là nóng nha.|Nhân thì bây giờ nó đã nguội rồi thì mình sẽ dễ làm hơn là nóng nha.
audio_00949|Làm việc tự do cho người khác.|Làm việc tự do cho người khác.
audio_00950|Tao chỉ mới nghĩ thế thôi.|Tao chỉ mới nghĩ thế thôi.
audio_00951|Và điều đó đẩy họ đến một đời sống vô cảm và tách biệt hơn.|Và điều đó đẩy họ đến một đời sống vô cảm và tách biệt hơn.
audio_00952|Em đây, em đứng trước mặt chàng đây thôi.|Em đây, em đứng trước mặt chàng đây thôi.
audio_00953|Cách viết những đoạn văn dài?|Cách viết những đoạn văn dài?
audio_00954|Thưa quý vị, Bộ Chính trị vừa quyết định tổng biên chế của toàn hệ thống chính trị giai đoạn 2022-2026 là 2.234 triệu biên chế, trong đó có 65.980 biên chế là giáo viên bổ sung cho các địa phương.|Thưa quý vị, Bộ Chính trị vừa quyết định tổng biên chế của toàn hệ thống chính trị giai đoạn 2022-2026 là 2.234 triệu biên chế, trong đó có 65.980 biên chế là giáo viên bổ sung cho các địa phương.
audio_00955|Russo còn tiết lộ cho Richard, toàn bộ nhân sự phòng an ninh của New Age đều là những cựu cảnh sát từng dính bê bối và làm việc chung tại một phân khu.|Russo còn tiết lộ cho Richard, toàn bộ nhân sự phòng an ninh của New Age đều là những cựu cảnh sát từng dính bê bối và làm việc chung tại một phân khu.
audio_00956|Vua đã định từ chối, nhưng ngân sách của cả nhóm hiện đã cạn kiệt, nên Stark đành phải bất đắc dĩ, giả danh thành White để đổ lấy chút thù lao.|Vua đã định từ chối, nhưng ngân sách của cả nhóm hiện đã cạn kiệt, nên Stark đành phải bất đắc dĩ, giả danh thành White để đổ lấy chút thù lao.
audio_00957|Hay là cậu đội sang ở nhà tớ đi.|Hay là cậu đội sang ở nhà tớ đi.
audio_00958|Tiền mua sắm hết rồi còn đâu mà đầu tư anh?|Tiền mua sắm hết rồi còn đâu mà đầu tư anh?
audio_00959|Cho khách hàng của chúng tôi.|Cho khách hàng của chúng tôi.
audio_00960|Tôi biết ông ta, hồn ma Malay đấy.|Tôi biết ông ta, hồn ma Malay đấy.
audio_00961|Câu hỏi số 6.|Câu hỏi số 6.
audio_00962|Thế nhưng, để vượt Mỹ một cách toàn diện thì không phải dễ.|Thế nhưng, để vượt Mỹ một cách toàn diện thì không phải dễ.
audio_00963|Nhưng khi Hội Phật Giáo ở Bắc Việt thành lập, tôi có đọc mấy bài diễn văn nói về Phật Giáo.|Nhưng khi Hội Phật Giáo ở Bắc Việt thành lập, tôi có đọc mấy bài diễn văn nói về Phật Giáo.
audio_00964|Dùng khoảng 1 chén nha các bạn.|Dùng khoảng 1 chén nha các bạn.
audio_00965|Tại sao giá vàng trong nước nó cao một cách nó đột biến như thế?|Tại sao giá vàng trong nước nó cao một cách nó đột biến như thế?
audio_00966|Ý là rất là vui luôn.|Ý là rất là vui luôn.
audio_00967|Trong thư của Terataydee, hẳn có ghi bọn thằng Gabriel đã bị hải tặc tấn công vào vùng biển này.|Trong thư của Terataydee, hẳn có ghi bọn thằng Gabriel đã bị hải tặc tấn công vào vùng biển này.
audio_00968|Và trên các hòn đảo ở Ấn Độ Dương.|Và trên các hòn đảo ở Ấn Độ Dương.
audio_00969|Tôi không hiểu tại sao tôi lại phải chịu bức án nặng như thế này.|Tôi không hiểu tại sao tôi lại phải chịu bức án nặng như thế này.
audio_00970|Tại vì nó được thiết kế theo một cái kết cấu vật lý.|Tại vì nó được thiết kế theo một cái kết cấu vật lý.
audio_00971|Và rồi mình quan sát cái sự tự giác của con.|Và rồi mình quan sát cái sự tự giác của con.
audio_00972|Niềm tin vào những giải pháp tạm thời sẽ mang lại hạnh phúc.|Niềm tin vào những giải pháp tạm thời sẽ mang lại hạnh phúc.
audio_00973|Thuộc về tìm thức.|Thuộc về tìm thức.
audio_00974|Bỗng Song Ki-un nảy ra một ý và yêu cầu bạn mình giúp đỡ.|Bỗng Song Ki-un nảy ra một ý và yêu cầu bạn mình giúp đỡ.
audio_00975|Để làm món ăn này, mình có ở đây một cái chân giò khoảng 800g.|Để làm món ăn này, mình có ở đây một cái chân giò khoảng 800g.
audio_00976|Nếu mà bạn mặc định quan điểm là.|Nếu mà bạn mặc định quan điểm là.
audio_00977|Chính là nằm ở sự tự chủ.|Chính là nằm ở sự tự chủ.
audio_00978|Tính đến thời điểm hiện tại, mọi công tác chuẩn bị cho ngày giao nhận quân vào ngày 27 tháng 2 năm 2024 đã hoàn tất mọi thu tục.|Tính đến thời điểm hiện tại, mọi công tác chuẩn bị cho ngày giao nhận quân vào ngày 27 tháng 2 năm 2024 đã hoàn tất mọi thu tục.
audio_00979|Cho bún nó nóng lên như vầy là được rồi.|Cho bún nó nóng lên như vầy là được rồi.
audio_00980|Tiếp theo là những lời gửi gắm đầy yêu thương của thân nhân bị cáo.|Tiếp theo là những lời gửi gắm đầy yêu thương của thân nhân bị cáo.
audio_00981|Phải làm thôi, phải làm thôi.|Phải làm thôi, phải làm thôi.
audio_00982|Có lẽ rất nhiều lần, anh đã vượt lên nỗi cô đơn không được người khác thấu hiểu.|Có lẽ rất nhiều lần, anh đã vượt lên nỗi cô đơn không được người khác thấu hiểu.
audio_00983|Đừng yếu ớt như vậy.|Đừng yếu ớt như vậy.
audio_00984|Branson hiện nay lãnh đạo tập đoàn Virgin, trị giá 7 tỷ đô la.|Branson hiện nay lãnh đạo tập đoàn Virgin, trị giá 7 tỷ đô la.
audio_00985|Và nó khiến cho những người có đẳng cấp họ cảm thấy vô cùng chạnh lòng.|Và nó khiến cho những người có đẳng cấp họ cảm thấy vô cùng chạnh lòng.
audio_00986|Sự thanh thản cổ điển đáp lại nụ cười khổ xưa, nụ cười này vốn thiền niềm vui ngây thơ được sống ở cõi đời này.|Sự thanh thản cổ điển đáp lại nụ cười khổ xưa, nụ cười này vốn thiền niềm vui ngây thơ được sống ở cõi đời này.
audio_00987|Thừa nhận chính cô trước đó cũng đã từng đe dọa Sarah, nhưng Rachel khẳng định rằng sau đó thì cô chỉ muốn Sarah để cô yên.|Thừa nhận chính cô trước đó cũng đã từng đe dọa Sarah, nhưng Rachel khẳng định rằng sau đó thì cô chỉ muốn Sarah để cô yên.
audio_00988|Người ta sẽ không hỏi cái thứ mà người ta trực tiếp muốn hỏi đâu.|Người ta sẽ không hỏi cái thứ mà người ta trực tiếp muốn hỏi đâu.
audio_00989|Đã mắc phải.|Đã mắc phải.
audio_00990|Chúng ta có thể thấy là cạnh bên cái bản điều khiển nằm ở đây đó chính là khay đựng chất giặt tẩy.|Chúng ta có thể thấy là cạnh bên cái bản điều khiển nằm ở đây đó chính là khay đựng chất giặt tẩy.
audio_00991|Chẳng phải nói. Mẹ Hoàng tức đến nổ phổi. Kệt cỡm quay ra bảo em chứ.|Chẳng phải nói. Mẹ Hoàng tức đến nổ phổi. Kệt cỡm quay ra bảo em chứ.
audio_00992|Thi thể chị L được phát hiện tại một khu trọ thuộc phường Yên Hòa, quận Cầu Giới, Hà Nội.|Thi thể chị L được phát hiện tại một khu trọ thuộc phường Yên Hòa, quận Cầu Giới, Hà Nội.
audio_00993|Mình sẽ cho nhiều dầu ăn vô chảo để phi hành.|Mình sẽ cho nhiều dầu ăn vô chảo để phi hành.
audio_00994|Mình cho vào tô.|Mình cho vào tô.
audio_00995|Con không hề để cho một cái gì bên ngoài.|Con không hề để cho một cái gì bên ngoài.
audio_00996|Thuật ngữ dùng để chỉ những hoạt động được vỏ não trước tráng đảm nhiệm là chức năng điều hành.|Thuật ngữ dùng để chỉ những hoạt động được vỏ não trước tráng đảm nhiệm là chức năng điều hành.
audio_00997|Cái điều đó nói rất nhiều.|Cái điều đó nói rất nhiều.
audio_00998|Vì vậy, có vẻ như chủ nhà rất thích gặp gỡ, ăn uống, nhậu nhẹt.|Vì vậy, có vẻ như chủ nhà rất thích gặp gỡ, ăn uống, nhậu nhẹt.
audio_00999|Và cuối cùng là cái sự hợp cạ.|Và cuối cùng là cái sự hợp cạ.
audio_01000|Philippi cũng trở nên hoảng loạn.|Philippi cũng trở nên hoảng loạn.
audio_01001|Nó rất là ăn rơ với má tôi.|Nó rất là ăn rơ với má tôi.
audio_01002|Ngược lại, người không có năng lực lại nóng giận chính là hạ đẳng.|Ngược lại, người không có năng lực lại nóng giận chính là hạ đẳng.
audio_01003|Ngay cả khi tâm trí tỉnh táo của đứa trẻ đã quên mất thì trải nghiệm đó vẫn tiếp tục vang vọng trong vô thức của nó.|Ngay cả khi tâm trí tỉnh táo của đứa trẻ đã quên mất thì trải nghiệm đó vẫn tiếp tục vang vọng trong vô thức của nó.
audio_01004|Thành ra, mỗi góc nhìn đều mang những giá trị nhất định.|Thành ra, mỗi góc nhìn đều mang những giá trị nhất định.
audio_01005|Bạn đụng vui thơ nó cũng lạ.|Bạn đụng vui thơ nó cũng lạ.
audio_01006|Cũng như Nga, người Ý cũng hy vọng M346 sẽ mở đường cho họ tìm năng xuất khẩu máy bay huấn luyện giá rẻ, phục vụ nhu cầu đa dạng của các khách hàng trên thế giới.|Cũng như Nga, người Ý cũng hy vọng M346 sẽ mở đường cho họ tìm năng xuất khẩu máy bay huấn luyện giá rẻ, phục vụ nhu cầu đa dạng của các khách hàng trên thế giới.
audio_01007|Hẹn gặp lại anh em vào những clip sau đến từ kênh Men's Bay.|Hẹn gặp lại anh em vào những clip sau đến từ kênh Men's Bay.
audio_01008|Nhưng mà ngược lại nha.|Nhưng mà ngược lại nha.
audio_01009|Thảm kịch dưới chân núi tuyết là một vụ án nằm trong tập 46 phần 1 của series Conan.|Thảm kịch dưới chân núi tuyết là một vụ án nằm trong tập 46 phần 1 của series Conan.
audio_01010|Tuyệt đối không được xem nhẹ tầm quan trọng của trang phục.|Tuyệt đối không được xem nhẹ tầm quan trọng của trang phục.
audio_01011|Có thể giúp chúng ta gia tăng tài sản cả đời.|Có thể giúp chúng ta gia tăng tài sản cả đời.
audio_01012|Mũi đất này chia làm đôi cho Nga và Bà Lan sau Tết Chiến thứ Hai, tương ứng với việc Đức cắt Kaliningrad, tức Konigsberg, cho Soviet Nga và phần còn lại là đông thổ cho Cộng hòa Nhân dân Bà Lan, khi đó là một nước xã hội chủ nghĩa.|Mũi đất này chia làm đôi cho Nga và Bà Lan sau Tết Chiến thứ Hai, tương ứng với việc Đức cắt Kaliningrad, tức Konigsberg, cho Soviet Nga và phần còn lại là đông thổ cho Cộng hòa Nhân dân Bà Lan, khi đó là một nước xã hội chủ nghĩa.
audio_01013|Đúng không? Chịu.|Đúng không? Chịu.
audio_01014|Tôi tin là bạn không nên chờ đến lúc đó cũng không cần phải chờ đến lúc đó.|Tôi tin là bạn không nên chờ đến lúc đó cũng không cần phải chờ đến lúc đó.
audio_01015|Nhưng tôi đứng im.|Nhưng tôi đứng im.
audio_01016|Vào đúng khoảnh khắc Tết 2012, khi mối quan hệ của Yoga và Nadia với cha họ được cải thiện, thì Yoga đã bị sinh vật giết chết một cách kinh hoàng sau khi bị quấy dày bởi một số linh hồn.|Vào đúng khoảnh khắc Tết 2012, khi mối quan hệ của Yoga và Nadia với cha họ được cải thiện, thì Yoga đã bị sinh vật giết chết một cách kinh hoàng sau khi bị quấy dày bởi một số linh hồn.
audio_01017|Mà bà đó bị trừ nhiều tiền quá rồi.|Mà bà đó bị trừ nhiều tiền quá rồi.
audio_01018|Anh ta nhìn vào gương mặt của ai cũng thấy người đó đang bốc cháy.|Anh ta nhìn vào gương mặt của ai cũng thấy người đó đang bốc cháy.
audio_01019|Ngành du lịch Đà Nẵng thường xuyên tổ chức lễ hội chương trình quảng báo ẩm thực từ du khách trong nước và quốc tế.|Ngành du lịch Đà Nẵng thường xuyên tổ chức lễ hội chương trình quảng báo ẩm thực từ du khách trong nước và quốc tế.
audio_01020|Tôi chết đứng.|Tôi chết đứng.
audio_01021|Nó sẽ tới.|Nó sẽ tới.
audio_01022|Về khả năng kết hợp như mình đã nói ở trên thì thật sự khá giống với hư vô, nhìn là chỉ thấy nhăn mặt, thậm chí là hơn nữa cơ.|Về khả năng kết hợp như mình đã nói ở trên thì thật sự khá giống với hư vô, nhìn là chỉ thấy nhăn mặt, thậm chí là hơn nữa cơ.
audio_01023|Để hạn chế tối đa nguy cơ tử vong cũng như các biến chứng do đột quỵ, khi có các dấu hiệu méo miệng, khó nói, liếu lưỡi, nói ngọng hoặc thụt lưỡi, tay cầm nắm không được, lơ mơ, trống mặt, đầu đầu, hoa mắt, không giữ được thăng bằng, dễ té ngã.|Để hạn chế tối đa nguy cơ tử vong cũng như các biến chứng do đột quỵ, khi có các dấu hiệu méo miệng, khó nói, liếu lưỡi, nói ngọng hoặc thụt lưỡi, tay cầm nắm không được, lơ mơ, trống mặt, đầu đầu, hoa mắt, không giữ được thăng bằng, dễ té ngã.
audio_01024|Chấp nhận và trân trọng bản thân.|Chấp nhận và trân trọng bản thân.
audio_01025|Với nạn nhân cuối cùng được đề cập, hóa ra lại là Maya Arnason, người mà ta vẫn biết là đang được nhân vật Nathaniel tìm kiếm lâu nay.|Với nạn nhân cuối cùng được đề cập, hóa ra lại là Maya Arnason, người mà ta vẫn biết là đang được nhân vật Nathaniel tìm kiếm lâu nay.
audio_01026|Tuy nhiên, điều đó cũng chẳng ảnh hưởng gì lắm tới câu chuyện, miễn sao trong khi kể ta không sót một điểm nào của sự thật.|Tuy nhiên, điều đó cũng chẳng ảnh hưởng gì lắm tới câu chuyện, miễn sao trong khi kể ta không sót một điểm nào của sự thật.
audio_01027|Thế mà khoan đi.|Thế mà khoan đi.
audio_01028|Đấy lần.|Đấy lần.
audio_01029|Nhưng khi tâm tịnh, ngồi nghĩ lại, buông xuống được những sự phức tạp ngoài kia, để rồi nhận ra sự đơn giản của cuộc sống.|Nhưng khi tâm tịnh, ngồi nghĩ lại, buông xuống được những sự phức tạp ngoài kia, để rồi nhận ra sự đơn giản của cuộc sống.
audio_01030|Ngày sau hôm vụ thảm sát Selena.|Ngày sau hôm vụ thảm sát Selena.
audio_01031|Về chuyên ngành về chủ đề nghệ thuật.|Về chuyên ngành về chủ đề nghệ thuật.
audio_01032|Với sự góp mặt của cặp đôi Maya Erskine và Donald Glover không lãng mạn hóa công việc làm sát thủ, phiên bản mới sẽ đem lại nhiều cái nhìn rất khác về cuộc hôn nhân kỳ lạ của ông bà Smith.|Với sự góp mặt của cặp đôi Maya Erskine và Donald Glover không lãng mạn hóa công việc làm sát thủ, phiên bản mới sẽ đem lại nhiều cái nhìn rất khác về cuộc hôn nhân kỳ lạ của ông bà Smith.
audio_01033|Tôi chỉ cần cho họ địa chỉ là họ sẽ chuyển tới tận nơi.|Tôi chỉ cần cho họ địa chỉ là họ sẽ chuyển tới tận nơi.
audio_01034|Mục tiêu chính là kết hợp những ưu điểm của từng bên để tối ưu hóa hoạt động, tăng sức cạnh tranh trên thị trường.|Mục tiêu chính là kết hợp những ưu điểm của từng bên để tối ưu hóa hoạt động, tăng sức cạnh tranh trên thị trường.
audio_01035|Và ở dưới là 74.|Và ở dưới là 74.
audio_01036|Trung cũng là một người sống có nguyên tắc, trực tự, tỉ mỉ.|Trung cũng là một người sống có nguyên tắc, trực tự, tỉ mỉ.
audio_01037|Thường thì chỉ dân một lần rượu khi vào lễ.|Thường thì chỉ dân một lần rượu khi vào lễ.
audio_01038|C và chất xơ trong khi thực phẩm làm từ sữa cung cấp protein, canxi, vitamin D sữa và sữa chua và vitamin B2.|C và chất xơ trong khi thực phẩm làm từ sữa cung cấp protein, canxi, vitamin D sữa và sữa chua và vitamin B2.
audio_01039|Thưa sứ thần, nếu ông trèo lên đỉnh núi rồi thả xuống thì hai quả bóng cũng vẫn rơi cùng lúc thôi ạ.|Thưa sứ thần, nếu ông trèo lên đỉnh núi rồi thả xuống thì hai quả bóng cũng vẫn rơi cùng lúc thôi ạ.
audio_01040|Cụ thể, chính sách này hạn chế mỗi một cặp vợ chồng ở thành thị chỉ được sinh một con.|Cụ thể, chính sách này hạn chế mỗi một cặp vợ chồng ở thành thị chỉ được sinh một con.
audio_01041|Một cái sự việc nào đó xảy ra với cuộc sống của mình.|Một cái sự việc nào đó xảy ra với cuộc sống của mình.
audio_01042|Thật là bực bội.|Thật là bực bội.
audio_01043|Về những nhân vật.|Về những nhân vật.
audio_01044|Thưa quý vị và các bạn, với khí thế quyết tâm của toàn thể cán bộ công nhân, Cảng Hải Phòng duy trì hoạt động sản xuất 24 trên 7 xuyên Tết.|Thưa quý vị và các bạn, với khí thế quyết tâm của toàn thể cán bộ công nhân, Cảng Hải Phòng duy trì hoạt động sản xuất 24 trên 7 xuyên Tết.
audio_01045|Một khi Carla chấp nhận sự thật dường như khá logic đó, ý tưởng quay lại cảnh chồng hiếp giam em gái của mình đã nảy sinh trong đầu óc của chị gái vô nhân đạo.|Một khi Carla chấp nhận sự thật dường như khá logic đó, ý tưởng quay lại cảnh chồng hiếp giam em gái của mình đã nảy sinh trong đầu óc của chị gái vô nhân đạo.
audio_01046|Đồ cười báo cho bồ não của bạn biết rằng bạn đang ổn và cơ thể bạn sẽ cảm nhận được tác dụng ngay.|Đồ cười báo cho bồ não của bạn biết rằng bạn đang ổn và cơ thể bạn sẽ cảm nhận được tác dụng ngay.
audio_01047|Chò cũng có suy luận trong chuyện này, khá khen cho mít mật.|Chò cũng có suy luận trong chuyện này, khá khen cho mít mật.
audio_01048|Cũng tùy theo loại muối ở nhà mình sử dụng, độ mặn lạc như thế nào thì các bạn nêm nếm lại theo khẩu vị nhà mình.|Cũng tùy theo loại muối ở nhà mình sử dụng, độ mặn lạc như thế nào thì các bạn nêm nếm lại theo khẩu vị nhà mình.
audio_01049|Măn khoăn của bạn ở trong cái việc đó là bạn cảm giác nó không phải là một cái phương pháp đúng.|Măn khoăn của bạn ở trong cái việc đó là bạn cảm giác nó không phải là một cái phương pháp đúng.
audio_01050|Việc này anh cũng đã có chia sẻ trong nhiều cái video clip trước đây rồi, đúng không?|Việc này anh cũng đã có chia sẻ trong nhiều cái video clip trước đây rồi, đúng không?
audio_01051|Ý định của cả nhóm là nhờ cơ quan chính phủ tài trợ một lượng uranium đủ lớn để có thể dụ Godzilla ra mặt.|Ý định của cả nhóm là nhờ cơ quan chính phủ tài trợ một lượng uranium đủ lớn để có thể dụ Godzilla ra mặt.
audio_01052|Đối với mỗi người.|Đối với mỗi người.
audio_01053|Tổng kết tốt có thể giúp các đại biểu tham dự hiểu rõ, nắm chắc hơn tinh thần của hội nghị, giúp cho việc quán triệt thực hiện được thuận lợi hơn.|Tổng kết tốt có thể giúp các đại biểu tham dự hiểu rõ, nắm chắc hơn tinh thần của hội nghị, giúp cho việc quán triệt thực hiện được thuận lợi hơn.
audio_01054|Một năm trước.|Một năm trước.
audio_01055|Và cái thứ 2, theo quy định của pháp luật, thì khi chúng ta mua bán hàng hóa, chúng ta phải có nhập hàng vào, thì chúng ta mới được xuất hàng ra, chứ nếu không thì hàng này ở đâu?|Và cái thứ 2, theo quy định của pháp luật, thì khi chúng ta mua bán hàng hóa, chúng ta phải có nhập hàng vào, thì chúng ta mới được xuất hàng ra, chứ nếu không thì hàng này ở đâu?
audio_01056|Trung tâm của lĩnh vực.|Trung tâm của lĩnh vực.
audio_01057|Tuy nhiên, Sir hãy nhớ là, trong lúc đi xem, sẽ có lúc bọn trẻ rời khỏi vòng tay Sir, và chúng có thể bị bóng đêm ma quỷ của nhạc kịch dụ dỗ.|Tuy nhiên, Sir hãy nhớ là, trong lúc đi xem, sẽ có lúc bọn trẻ rời khỏi vòng tay Sir, và chúng có thể bị bóng đêm ma quỷ của nhạc kịch dụ dỗ.
audio_01058|Ngọn lửa sẽ thải ra rất nhiều khói đen và có thể quan sát được từ xa.|Ngọn lửa sẽ thải ra rất nhiều khói đen và có thể quan sát được từ xa.
audio_01059|Kiểu.|Kiểu.
audio_01060|Người đàn ông ấy không đáp lại lời nào, nhưng cũng đứng lại chờ cha tớ.|Người đàn ông ấy không đáp lại lời nào, nhưng cũng đứng lại chờ cha tớ.
audio_01061|Nhưng hôm nay nhà con có rỗ, bác con đi đường xa tới đây.|Nhưng hôm nay nhà con có rỗ, bác con đi đường xa tới đây.
audio_01062|Trong một tuần lưu diễn, đoàn nghệ nhân của tỉnh sẽ hợp luyện với các đoàn nghệ thuật tại Hàn Quốc, tham gia khai mạc và biểu diễn trong lễ hội với 7 tiếp mục trình diễn cồng chiêng nhạc cụ dân tộc truyền thống làm bằng che nứa.|Trong một tuần lưu diễn, đoàn nghệ nhân của tỉnh sẽ hợp luyện với các đoàn nghệ thuật tại Hàn Quốc, tham gia khai mạc và biểu diễn trong lễ hội với 7 tiếp mục trình diễn cồng chiêng nhạc cụ dân tộc truyền thống làm bằng che nứa.
audio_01063|Lập kế hoạch.|Lập kế hoạch.
audio_01064|Hồn ma thứ ba mặc bộ quần áo dài màu đen.|Hồn ma thứ ba mặc bộ quần áo dài màu đen.
audio_01065|Sẽ đi theo một trình tự được xác định.|Sẽ đi theo một trình tự được xác định.
audio_01066|Khoảng 3.600 năm trước, một vụ phun trào núi lửa lớn đã tàn phá hoàn đảo Santorini ở biển Egan, gần Hy Lạp.|Khoảng 3.600 năm trước, một vụ phun trào núi lửa lớn đã tàn phá hoàn đảo Santorini ở biển Egan, gần Hy Lạp.
audio_01067|You're indecisive.|You're indecisive.
audio_01068|Frederick cho rằng vua là công bọc đầu tiên của nhân dân, vua mà dùng quyền lực một cách xảo trá, tư lợi, dân không phục, quan không tin, nước tất loạn. Đi ngược lại hoàn toàn nội dung được viết trong quân vương.|Frederick cho rằng vua là công bọc đầu tiên của nhân dân, vua mà dùng quyền lực một cách xảo trá, tư lợi, dân không phục, quan không tin, nước tất loạn. Đi ngược lại hoàn toàn nội dung được viết trong quân vương.
audio_01069|À, chào chị.|À, chào chị.
audio_01070|Các cậu nghĩ là trường Falcon sẽ xếp cho chúng ta về phe nào?|Các cậu nghĩ là trường Falcon sẽ xếp cho chúng ta về phe nào?
audio_01071|Trong khi đó, giá vàng nhẫn tiếp tục tăng, lập đỉnh mới. Nhiều người dân tranh thủ đi bán vàng để chốt lời.|Trong khi đó, giá vàng nhẫn tiếp tục tăng, lập đỉnh mới. Nhiều người dân tranh thủ đi bán vàng để chốt lời.
audio_01072|Việt Nam thậm chí nằm trong top 3 nước có mức cải thiện tích cực nhất trong 5 năm trở lại đây.|Việt Nam thậm chí nằm trong top 3 nước có mức cải thiện tích cực nhất trong 5 năm trở lại đây.
audio_01073|Rất nhiều option.|Rất nhiều option.
audio_01074|Để khi mình ngâm á thì cái găng bò mình nó không có bị hư.|Để khi mình ngâm á thì cái găng bò mình nó không có bị hư.
audio_01075|Dù là học ở trường lớp hoặc tự học, nhưng trong số tất cả môn học mà chúng ta có thể tùy ý chọn lựa, thì những khoa học nào thích hợp với lối tự học hơn?|Dù là học ở trường lớp hoặc tự học, nhưng trong số tất cả môn học mà chúng ta có thể tùy ý chọn lựa, thì những khoa học nào thích hợp với lối tự học hơn?
audio_01076|Điền Xá là một trận đánh then chốt.|Điền Xá là một trận đánh then chốt.
audio_01077|Trong những cái món chai á.|Trong những cái món chai á.
audio_01078|Có 1 mã sàn.|Có 1 mã sàn.
audio_01079|Món này thì những chị em phụ nữ hoặc là những em nhỏ rất là thích.|Món này thì những chị em phụ nữ hoặc là những em nhỏ rất là thích.
audio_01080|Con này nên cho ở nhà một chuyến để biết thân.|Con này nên cho ở nhà một chuyến để biết thân.
audio_01081|Hết lòng kiên nhẫn có thể làm thay đổi cuộc đời bạn như thế nào?|Hết lòng kiên nhẫn có thể làm thay đổi cuộc đời bạn như thế nào?
audio_01082|Và bây giờ là lúc ông ấy thực hiện điều đó.|Và bây giờ là lúc ông ấy thực hiện điều đó.
audio_01083|Đồng chí Phó Chủ tịch nước Võ Thị Ánh Xuân mong muốn tỉnh Yên Bái tiếp tục tranh thủ sự lãnh đạo của Trung ương, các nguồn lực, nhất là ba chương trình mục tiêu quốc gia để đầu tư phát triển cho địa phương.|Đồng chí Phó Chủ tịch nước Võ Thị Ánh Xuân mong muốn tỉnh Yên Bái tiếp tục tranh thủ sự lãnh đạo của Trung ương, các nguồn lực, nhất là ba chương trình mục tiêu quốc gia để đầu tư phát triển cho địa phương.
audio_01084|Tôi đưa cho ông một thứ.|Tôi đưa cho ông một thứ.
audio_01085|Nơi anh em hắn.|Nơi anh em hắn.
audio_01086|Là cuộc sống mình có những cái vai này.|Là cuộc sống mình có những cái vai này.
audio_01087|Rồi lại ngủ tiếp đi.|Rồi lại ngủ tiếp đi.
audio_01088|Đó là gõ vào kính. Nếu có người đang quan sát bạn từ bên phía kia thì gương sẽ phát ra âm thanh trống rỗng.|Đó là gõ vào kính. Nếu có người đang quan sát bạn từ bên phía kia thì gương sẽ phát ra âm thanh trống rỗng.
audio_01089|Ta không còn đủ sức để đi về nhà.|Ta không còn đủ sức để đi về nhà.
audio_01090|Vì vậy, nên giữ một tinh thần thoải mái trước những bất hạnh đó.|Vì vậy, nên giữ một tinh thần thoải mái trước những bất hạnh đó.
audio_01091|Điều đó đã thay đổi cuộc đời Leonardo mãi mãi.|Điều đó đã thay đổi cuộc đời Leonardo mãi mãi.
audio_01092|Vì nếu vừa sống vừa quan tâm đến nhận định của người khác thì sẽ cản trở sự tìm kiếm và phát triển năng lực của bản thân.|Vì nếu vừa sống vừa quan tâm đến nhận định của người khác thì sẽ cản trở sự tìm kiếm và phát triển năng lực của bản thân.
audio_01093|Lá cây rung động, ngọn khói thướt tha, bồng lúa sột soạt như cảm tiếng gọi của mâu ni muốn theo về nơi hư không tịch mịch.|Lá cây rung động, ngọn khói thướt tha, bồng lúa sột soạt như cảm tiếng gọi của mâu ni muốn theo về nơi hư không tịch mịch.
audio_01094|Loại phương tiện này sẽ đóng yêu cầu như một tiêm kích đa năng hiện nay, đó là đánh chặn, không chiến quân vòng, kiêm đánh bom với tốc độ siêu thành.|Loại phương tiện này sẽ đóng yêu cầu như một tiêm kích đa năng hiện nay, đó là đánh chặn, không chiến quân vòng, kiêm đánh bom với tốc độ siêu thành.
audio_01095|Tính ra, Lục Yên là sư mụi nhỏ nhất của anh.|Tính ra, Lục Yên là sư mụi nhỏ nhất của anh.
audio_01096|Những thứ này còn quý hơn cả tiền bạc.|Những thứ này còn quý hơn cả tiền bạc.
audio_01097|Thì đó là điều mà họ phải làm.|Thì đó là điều mà họ phải làm.
audio_01098|Hoàng tử Johan và Johan Liebert đều là những cậu bé yếu đuối sắp chết.|Hoàng tử Johan và Johan Liebert đều là những cậu bé yếu đuối sắp chết.
audio_01099|Nhưng mà nói như thế.|Nhưng mà nói như thế.
audio_01100|Và ở các phần dưới này bạn có thể nhìn thấy này.|Và ở các phần dưới này bạn có thể nhìn thấy này.
audio_01101|Thế là hai anh em gấu con vừa cười vừa lăn khắp nhà.|Thế là hai anh em gấu con vừa cười vừa lăn khắp nhà.
audio_01102|Một đàn cỏ trắng phao phao, ăn no tắm mát rủ nhau đi nằm, là cái gì?|Một đàn cỏ trắng phao phao, ăn no tắm mát rủ nhau đi nằm, là cái gì?
audio_01103|Vì vậy, công ty Bausch & Lomb đã phát minh ra trồng kính hình giọt nước có khung kim loại nhẹ bao quanh.|Vì vậy, công ty Bausch & Lomb đã phát minh ra trồng kính hình giọt nước có khung kim loại nhẹ bao quanh.
audio_01104|Chỉ xem em là em gái.|Chỉ xem em là em gái.
audio_01105|Làm nghề nhà báo trong nước, ngoài nước, giảng viên huấn luyện các nhà báo trẻ.|Làm nghề nhà báo trong nước, ngoài nước, giảng viên huấn luyện các nhà báo trẻ.
audio_01106|Thương vụ hơi.|Thương vụ hơi.
audio_01107|Mặt trăng xanh.|Mặt trăng xanh.
audio_01108|Thủ tướng Đức Olafsson cho đến nay đã công khai từ chối làm điều này vì lo sợ xung đột leo thang.|Thủ tướng Đức Olafsson cho đến nay đã công khai từ chối làm điều này vì lo sợ xung đột leo thang.
audio_01109|Giá thì cao gấp 4 gấp 5 lần.|Giá thì cao gấp 4 gấp 5 lần.
audio_01110|Đội trưởng Jasmine có kể về cháu ấy đó.|Đội trưởng Jasmine có kể về cháu ấy đó.
audio_01111|Ông sang nhà cháu chơi và ngủ với cháu nhá.|Ông sang nhà cháu chơi và ngủ với cháu nhá.
audio_01112|Nói thật.|Nói thật.
audio_01113|Trừ thầy nó và hai bu nó ra.|Trừ thầy nó và hai bu nó ra.
audio_01114|Ngược lại, tôi cũng nhắc bạn nhớ rằng cho dù bạn có tự nói với chính mình, mình không muốn sống như thế này nữa, thì thế nào trải nghiệm ấy cũng trở lại cho đến khi bạn học được kinh nghiệm cần thiết và có sức mạnh ý chí để chuyển hóa điều đó.|Ngược lại, tôi cũng nhắc bạn nhớ rằng cho dù bạn có tự nói với chính mình, mình không muốn sống như thế này nữa, thì thế nào trải nghiệm ấy cũng trở lại cho đến khi bạn học được kinh nghiệm cần thiết và có sức mạnh ý chí để chuyển hóa điều đó.
audio_01115|Phung xương nhẹ giữ ẩm cho lá.|Phung xương nhẹ giữ ẩm cho lá.
audio_01116|Trước đó thì mình đã cho vào trong nồi nước lèo là 1 muỗng nhỏ cà phê muối rồi.|Trước đó thì mình đã cho vào trong nồi nước lèo là 1 muỗng nhỏ cà phê muối rồi.
audio_01117|Bạn nghĩ sao về chủ đề này? Hay có câu chuyện tương tự về vật nuôi của mình không?|Bạn nghĩ sao về chủ đề này? Hay có câu chuyện tương tự về vật nuôi của mình không?
audio_01118|Nếu bạn lên kế hoạch thực hiện 10 cuộc gọi trong hôm nay.|Nếu bạn lên kế hoạch thực hiện 10 cuộc gọi trong hôm nay.
audio_01119|Nhớ cho vô 1 xíu muối để cho hành nó giữ được cái màu xanh cũng như là có vị.|Nhớ cho vô 1 xíu muối để cho hành nó giữ được cái màu xanh cũng như là có vị.
audio_01120|Của nhân dân tiến bộ toàn thế giới.|Của nhân dân tiến bộ toàn thế giới.
audio_01121|Mà Frankl đã mô tả.|Mà Frankl đã mô tả.
audio_01122|Trận mưa kéo dài đã khiến nhiều tuyến đường ở TP.HCM nhanh chóng ngập sâu.|Trận mưa kéo dài đã khiến nhiều tuyến đường ở TP.HCM nhanh chóng ngập sâu.
audio_01123|Chưa kể tới việc, khi Hamas tấn công, phiến quân Hezbollah cũng đã tranh thủ pháo kích vào lãnh thổ Israel.|Chưa kể tới việc, khi Hamas tấn công, phiến quân Hezbollah cũng đã tranh thủ pháo kích vào lãnh thổ Israel.
audio_01124|Thì cái hành trình nó sẽ kết thúc tại đây.|Thì cái hành trình nó sẽ kết thúc tại đây.
audio_01125|Nhưng chỉ đến gần đây, anh mới bắt đầu cảm nhận sâu sắc và chân thật hơn rất nhiều về cái hiện tượng này thông qua những câu chuyện của học trò của mình đang sống và làm việc ở nước ngoài.|Nhưng chỉ đến gần đây, anh mới bắt đầu cảm nhận sâu sắc và chân thật hơn rất nhiều về cái hiện tượng này thông qua những câu chuyện của học trò của mình đang sống và làm việc ở nước ngoài.
audio_01126|Một trật tự thế giới hòa bình.|Một trật tự thế giới hòa bình.
audio_01127|Thậm chí động mạch, tĩnh mạch bị hủy hoại đến mức bác sĩ không thể tìm được chỗ để tiêm bóc phin.|Thậm chí động mạch, tĩnh mạch bị hủy hoại đến mức bác sĩ không thể tìm được chỗ để tiêm bóc phin.
audio_01128|Nếu mà mình làm nhỏ hơn thì các bạn có thể xé lá chuối ra.|Nếu mà mình làm nhỏ hơn thì các bạn có thể xé lá chuối ra.
audio_01129|Không phải tôi.|Không phải tôi.
audio_01130|Thưa quý vị, Tết trong tâm thức của người Việt Nam mang ý nghĩa thiêng liêng.|Thưa quý vị, Tết trong tâm thức của người Việt Nam mang ý nghĩa thiêng liêng.
audio_01131|Với cái bộ suit mà em đang mặc.|Với cái bộ suit mà em đang mặc.
audio_01132|Tập trung nó vào trong công việc.|Tập trung nó vào trong công việc.
audio_01133|Không xử lý nha.|Không xử lý nha.
audio_01134|Tuy nhiên, họ phớt lờ các quy tắc lâu đời.|Tuy nhiên, họ phớt lờ các quy tắc lâu đời.
audio_01135|Khoa hồi sức tích cực và chống độc Bệnh viện Đa khoa vùng Tây Nguyên được coi là chiến tuyến cuối cùng trong trận chiến giành lại sự sống cho bệnh nhân.|Khoa hồi sức tích cực và chống độc Bệnh viện Đa khoa vùng Tây Nguyên được coi là chiến tuyến cuối cùng trong trận chiến giành lại sự sống cho bệnh nhân.
audio_01136|Thật ra chúng cũng đang có mặt ngay trong giây phút này và nơi đây trong bất cứ một hoàn cảnh hay tình trạng nào mà ta đang có mặt chứ không thể là một nơi nào khác.|Thật ra chúng cũng đang có mặt ngay trong giây phút này và nơi đây trong bất cứ một hoàn cảnh hay tình trạng nào mà ta đang có mặt chứ không thể là một nơi nào khác.
audio_01137|Rồi giá thời điểm là 50k 50k.|Rồi giá thời điểm là 50k 50k.
audio_01138|Đỏ.|Đỏ.
audio_01139|Khi nghi ngờ chưa sinh.|Khi nghi ngờ chưa sinh.
audio_01140|Con nên rút lui đi.|Con nên rút lui đi.
audio_01141|Và rồi ông bước xuống tâm sự với bạn bè, giá như tôi có thể cao thêm 20cm, hoặc dù chỉ 10cm thôi, thì chắc chắn tôi sẽ có một cuộc sống hạnh phúc hơn.|Và rồi ông bước xuống tâm sự với bạn bè, giá như tôi có thể cao thêm 20cm, hoặc dù chỉ 10cm thôi, thì chắc chắn tôi sẽ có một cuộc sống hạnh phúc hơn.
audio_01142|Tôi cũng may mắn được xem tận Maxi Game 31 tại Sơn Vận động Mỹ Đình và vô cùng tự hào trước sự thay đổi của đất nước.|Tôi cũng may mắn được xem tận Maxi Game 31 tại Sơn Vận động Mỹ Đình và vô cùng tự hào trước sự thay đổi của đất nước.
audio_01143|Các ta biên quá hả.|Các ta biên quá hả.
audio_01144|Nguyễn Bình Khiêm từ sớm đã được tiếp cận với một đền giáo dục cẩn thận, được dè luyện cả về thể lực và trí lực.|Nguyễn Bình Khiêm từ sớm đã được tiếp cận với một đền giáo dục cẩn thận, được dè luyện cả về thể lực và trí lực.
audio_01145|Mình có tâm mà cái tâm mình vô.|Mình có tâm mà cái tâm mình vô.
audio_01146|Nhất là Nguyễn Hữu Tấn xuyên thạc sự thật.|Nhất là Nguyễn Hữu Tấn xuyên thạc sự thật.
audio_01147|Bảo vệ công lý.|Bảo vệ công lý.
audio_01148|Cần lưu ý gì khi mở cửa hàng đồng hồ?|Cần lưu ý gì khi mở cửa hàng đồng hồ?
audio_01149|Nhờ nâng cấp cái con quay dòng dọc mà giờ tôi đã có thể chuyển hướng theo ý muốn không phải chạy bộ về nhà nữa.|Nhờ nâng cấp cái con quay dòng dọc mà giờ tôi đã có thể chuyển hướng theo ý muốn không phải chạy bộ về nhà nữa.
audio_01150|Bé chờ anh hơi lâu rồi.|Bé chờ anh hơi lâu rồi.
audio_01151|Nếu bạn không cần công việc để kiếm tiền đó.|Nếu bạn không cần công việc để kiếm tiền đó.
audio_01152|Vào ngày nghỉ phép, nhân viên Sở Thập Vương cũng hay gọi là được hoàn dương, quay về thế giới người sống.|Vào ngày nghỉ phép, nhân viên Sở Thập Vương cũng hay gọi là được hoàn dương, quay về thế giới người sống.
audio_01153|Và không bao giờ.|Và không bao giờ.
audio_01154|Không biết từ khi nào nước mắt mình đã rơi xuống thành dòng.|Không biết từ khi nào nước mắt mình đã rơi xuống thành dòng.
audio_01155|Richard Corey.|Richard Corey.
audio_01156|Như chúng ta thấy, American Apparel đã không làm mới sản phẩm để duy trì sự quan tâm của khách hàng trung thành.|Như chúng ta thấy, American Apparel đã không làm mới sản phẩm để duy trì sự quan tâm của khách hàng trung thành.
audio_01157|Xét ra, Bình Định là một vùng đất không đơn giản, và An Nhân chính là đồ bàn trong bài Hận Đồ Bàn mà các bạn được nghe.|Xét ra, Bình Định là một vùng đất không đơn giản, và An Nhân chính là đồ bàn trong bài Hận Đồ Bàn mà các bạn được nghe.
audio_01158|Tuy nhiên là anh tin là có một phương thức khác, khôn ngoan hơn rất nhiều, và hiệu quả hơn rất nhiều.|Tuy nhiên là anh tin là có một phương thức khác, khôn ngoan hơn rất nhiều, và hiệu quả hơn rất nhiều.
audio_01159|Tuy nhẹ nhàng nhưng cũng đan sen chút yếu tố cảm xúc của các nhân vật nên cũng sẽ có chút cao trào nhưng không quá nặng nề.|Tuy nhẹ nhàng nhưng cũng đan sen chút yếu tố cảm xúc của các nhân vật nên cũng sẽ có chút cao trào nhưng không quá nặng nề.
audio_01160|Nếu bạn nhìn thấy những con chim ở gần vùng nước thì đó không phải là dấu hiệu tốt.|Nếu bạn nhìn thấy những con chim ở gần vùng nước thì đó không phải là dấu hiệu tốt.
audio_01161|Chủ biên và được xuất bản bởi các bạn ở trên Spiderman.|Chủ biên và được xuất bản bởi các bạn ở trên Spiderman.
audio_01162|Chống lại là cố gắng.|Chống lại là cố gắng.
audio_01163|Việc này trong thời gian tới, xã Thành Tân sẽ cho kiểm tra, soát xét lại.|Việc này trong thời gian tới, xã Thành Tân sẽ cho kiểm tra, soát xét lại.
audio_01164|Tưởng chừng sẽ có cơ hội đổi đời.|Tưởng chừng sẽ có cơ hội đổi đời.
audio_01165|Victor Timely đáng lẽ ra không được trở thành một nhà phát minh hay có bất kỳ điều gì về TVA và những công nghệ của tương lai.|Victor Timely đáng lẽ ra không được trở thành một nhà phát minh hay có bất kỳ điều gì về TVA và những công nghệ của tương lai.
audio_01166|Nhưng mà tự dưng bây giờ anh A đến năm thứ 3.|Nhưng mà tự dưng bây giờ anh A đến năm thứ 3.
audio_01167|Nó biết rõ điều đó.|Nó biết rõ điều đó.
audio_01168|Theo thông tin ban đầu, xe ô tô khách 29 chỗ ngồi đi đến km 19 cộng 300 đường quốc lộ 2B thuộc địa phận xã Hồ Sơn, huyện Tam Đảo bất ngờ bất lái, lao xuống dưới tàu luy âm khoảng 5 mét và được chặn lại bởi một cây thùng lớn.|Theo thông tin ban đầu, xe ô tô khách 29 chỗ ngồi đi đến km 19 cộng 300 đường quốc lộ 2B thuộc địa phận xã Hồ Sơn, huyện Tam Đảo bất ngờ bất lái, lao xuống dưới tàu luy âm khoảng 5 mét và được chặn lại bởi một cây thùng lớn.
audio_01169|Cả vợ chồng cụ trọng cũng hết buồn phiền.|Cả vợ chồng cụ trọng cũng hết buồn phiền.
audio_01170|Theo dự tính, hoàn thành nghi lễ, cả nhóm khởi hành để đến nhà Heather lấy xe.|Theo dự tính, hoàn thành nghi lễ, cả nhóm khởi hành để đến nhà Heather lấy xe.
audio_01171|Nhiều nhiệm vụ logic khác nhau đã được các nhà tâm lý học nghĩ ra để tìm hiểu quá trình suy luận và nguồn gốc các lỗi lập luận của chúng ta.|Nhiều nhiệm vụ logic khác nhau đã được các nhà tâm lý học nghĩ ra để tìm hiểu quá trình suy luận và nguồn gốc các lỗi lập luận của chúng ta.
audio_01172|Ngoan ngoan.|Ngoan ngoan.
audio_01173|Nấu sôi lên và hớt bọt.|Nấu sôi lên và hớt bọt.
audio_01174|Các chi phí khác.|Các chi phí khác.
audio_01175|Sau giờ học, Walt thường câu cá và tắm sông.|Sau giờ học, Walt thường câu cá và tắm sông.
audio_01176|Đậu xanh cũng đã nguội rồi, thì bây giờ Mai sẽ tiến hành vò nhân.|Đậu xanh cũng đã nguội rồi, thì bây giờ Mai sẽ tiến hành vò nhân.
audio_01177|Ngươi phải trả hết cả 2 bức thư cho ta.|Ngươi phải trả hết cả 2 bức thư cho ta.
audio_01178|Thông qua mong muốn thành công.|Thông qua mong muốn thành công.
audio_01179|Tình yêu nó giống như là một cái sự đầu hàng hoàn toàn trước một người khác.|Tình yêu nó giống như là một cái sự đầu hàng hoàn toàn trước một người khác.
audio_01180|Ông là con ngoài giá thú của giáo hoàng Alexander VI, và với sự khôn ngoan và xảo quyệt của mình, ông đã truyền cảm hứng cho Machiavelli viết nên tuyệt tác quân vương cái tranh cãi suốt 400 năm nay.|Ông là con ngoài giá thú của giáo hoàng Alexander VI, và với sự khôn ngoan và xảo quyệt của mình, ông đã truyền cảm hứng cho Machiavelli viết nên tuyệt tác quân vương cái tranh cãi suốt 400 năm nay.
audio_01181|Ngoài con gái, Aso còn có một người con trai tên là Aso Seiji, và một cú twist xảy ra, nữ bác sĩ Narumi chính là Aso Seiji giảm thành gái.|Ngoài con gái, Aso còn có một người con trai tên là Aso Seiji, và một cú twist xảy ra, nữ bác sĩ Narumi chính là Aso Seiji giảm thành gái.
audio_01182|Vào ngày 29 tháng 10 năm 2021, xe thăm dò U-22 Rover của Trung Quốc khi đi ngang qua miệng núi lửa Von Karmann trên mặt trăng, nó đã chụp được một vật thể hình khối.|Vào ngày 29 tháng 10 năm 2021, xe thăm dò U-22 Rover của Trung Quốc khi đi ngang qua miệng núi lửa Von Karmann trên mặt trăng, nó đã chụp được một vật thể hình khối.
audio_01183|Họ đều biết Russ có thể gan dở, nhưng chắc chắn, chắc chắn gã là một thám tử thực thụ.|Họ đều biết Russ có thể gan dở, nhưng chắc chắn, chắc chắn gã là một thám tử thực thụ.
audio_01184|Nhưng sau khi xây xong được 1 phần tư thì tôi lại nghĩ lại, khoảng cách 30 block sẽ là theo hình tròn, nên tôi lại trồng đít đi cuốc các block còn thừa để làm thành hình tròn.|Nhưng sau khi xây xong được 1 phần tư thì tôi lại nghĩ lại, khoảng cách 30 block sẽ là theo hình tròn, nên tôi lại trồng đít đi cuốc các block còn thừa để làm thành hình tròn.
audio_01185|Nhưng ba lắc đầu không đồng ý.|Nhưng ba lắc đầu không đồng ý.
audio_01186|Không lại mang họa vào thân đấy.|Không lại mang họa vào thân đấy.
audio_01187|Nhưng khi về nhà thì cô đơn.|Nhưng khi về nhà thì cô đơn.
audio_01188|Xem họ có thù hàng, nợ nần gì với ai không.|Xem họ có thù hàng, nợ nần gì với ai không.
audio_01189|On.|On.
audio_01190|Nhưng chúng tôi không thể để điều này xảy ra một lần nữa. Nếu ông cho rằng lời tôi nói hoàn toàn sai, hãy hỏi những nhân viên khác có mặt trong buổi họp, hoặc chúng ta có thể gặp gỡ để nói về điều này.|Nhưng chúng tôi không thể để điều này xảy ra một lần nữa. Nếu ông cho rằng lời tôi nói hoàn toàn sai, hãy hỏi những nhân viên khác có mặt trong buổi họp, hoặc chúng ta có thể gặp gỡ để nói về điều này.
audio_01191|Món này vừa dễ làm cũng dễ ăn ha.|Món này vừa dễ làm cũng dễ ăn ha.
audio_01192|Cứ mỗi 100 mét.|Cứ mỗi 100 mét.
audio_01193|Về lý do ấy, nên cô đã quyết định đến nhà của Gamm để kiểm tra thử.|Về lý do ấy, nên cô đã quyết định đến nhà của Gamm để kiểm tra thử.
audio_01194|Các nhà quản lý tuyệt vời có khả năng nhận ra thời điểm bạn không còn giữ được mức năng lượng bình thường và hy vọng rằng họ sẽ đủ quan tâm để hỏi thăm bạn.|Các nhà quản lý tuyệt vời có khả năng nhận ra thời điểm bạn không còn giữ được mức năng lượng bình thường và hy vọng rằng họ sẽ đủ quan tâm để hỏi thăm bạn.
audio_01195|Con rùa đã buông con ngỗng ra khiến tôi muốn ngất. Lần này chắc chắn là ngất thật.|Con rùa đã buông con ngỗng ra khiến tôi muốn ngất. Lần này chắc chắn là ngất thật.
audio_01196|Trong lòng mỗi chúng ta đều có một đứa trẻ. Nỗi đau quá khứ nó cứ đeo đẳng hết lần này đến lần khác ảnh hưởng sâu đến cuộc sống hiện tại của chúng ta.|Trong lòng mỗi chúng ta đều có một đứa trẻ. Nỗi đau quá khứ nó cứ đeo đẳng hết lần này đến lần khác ảnh hưởng sâu đến cuộc sống hiện tại của chúng ta.
audio_01197|Tình trạng số người chết vì nghèo đói chỉ một tỷ lệ quá cao như vậy phải chăng là điều không bình thường?|Tình trạng số người chết vì nghèo đói chỉ một tỷ lệ quá cao như vậy phải chăng là điều không bình thường?
audio_01198|Thời gian sẽ trả lời câu hỏi này.|Thời gian sẽ trả lời câu hỏi này.
audio_01199|Nó sẽ bổ sung các vitamin và phán chất, giúp cho những chức lá khi phục hồi, cây sẽ không bị nắm và di khuẩn.|Nó sẽ bổ sung các vitamin và phán chất, giúp cho những chức lá khi phục hồi, cây sẽ không bị nắm và di khuẩn.
audio_01200|Chúng ta phải là một người cực kỳ thú vị mới được ai đó yêu.|Chúng ta phải là một người cực kỳ thú vị mới được ai đó yêu.
audio_01201|Trong đây có hướng dẫn nhiều cách khác nhau để gộp.|Trong đây có hướng dẫn nhiều cách khác nhau để gộp.
audio_01202|Những năm trước đây, những ngày giáp Tết, bánh phồng sẽ được các thương lái đồ mối đặt hàng gấp đôi, gấp 3 ngày thường.|Những năm trước đây, những ngày giáp Tết, bánh phồng sẽ được các thương lái đồ mối đặt hàng gấp đôi, gấp 3 ngày thường.
audio_01203|Ít ra là chúng ta dám làm, dám yêu.|Ít ra là chúng ta dám làm, dám yêu.
audio_01204|Cho tới giờ, có số thống kê là hơn 50.000 người đã thiệt mạng vì thảm họa này.|Cho tới giờ, có số thống kê là hơn 50.000 người đã thiệt mạng vì thảm họa này.
audio_01205|Ruột non sẽ chuyển sang chế độ làm sạch tự động, để toàn bộ thức ăn thừa đưa cho ruột già xử lý.|Ruột non sẽ chuyển sang chế độ làm sạch tự động, để toàn bộ thức ăn thừa đưa cho ruột già xử lý.
audio_01206|Các bạn có thể xem qua tại đây về trận chiến của anh ta với Hakkari.|Các bạn có thể xem qua tại đây về trận chiến của anh ta với Hakkari.
audio_01207|Hãy cùng bắt đầu podcast tập này với một câu hỏi.|Hãy cùng bắt đầu podcast tập này với một câu hỏi.
audio_01208|Câu trả lời của bác sĩ cũng mơ hồ như hôm trước.|Câu trả lời của bác sĩ cũng mơ hồ như hôm trước.
audio_01209|Những sinh vật trên tàu bị suy dinh dưỡng, không có mục đích và sống trong điều kiện tồi tàn.|Những sinh vật trên tàu bị suy dinh dưỡng, không có mục đích và sống trong điều kiện tồi tàn.
audio_01210|Đồng thời các bạn tập ghép chữ, bản chữ cái, các bạn tập tầm 1-2 tuần mà thấy không ổn thì hẳn đổi.|Đồng thời các bạn tập ghép chữ, bản chữ cái, các bạn tập tầm 1-2 tuần mà thấy không ổn thì hẳn đổi.
audio_01211|Vì lúc này Bobby chính là nguyên nhân khiến cựu nhân viên mắc kẹt tại nhà máy đồ chơi.|Vì lúc này Bobby chính là nguyên nhân khiến cựu nhân viên mắc kẹt tại nhà máy đồ chơi.
audio_01212|Bây giờ chúng ta cùng nhau vào cái nội dung chính.|Bây giờ chúng ta cùng nhau vào cái nội dung chính.
audio_01213|ETH cũng tỏ ra không hề kém cạnh đàn anh trong cuộc đua này khi tăng trưởng suốt một tháng qua.|ETH cũng tỏ ra không hề kém cạnh đàn anh trong cuộc đua này khi tăng trưởng suốt một tháng qua.
audio_01214|Cắt nó làm đôi, nó không là gì cả.|Cắt nó làm đôi, nó không là gì cả.
audio_01215|Coi như là tiền bồi thường.|Coi như là tiền bồi thường.
audio_01216|Chúng liên tục làm mới và phân chia, nhưng chúng có một loại bộ đếm thời gian bên trong sẽ dừng lại ở một thời điểm nào đó.|Chúng liên tục làm mới và phân chia, nhưng chúng có một loại bộ đếm thời gian bên trong sẽ dừng lại ở một thời điểm nào đó.
audio_01217|Ông Nguyễn Văn Cảnh, ngụ thành phố Quảng Ngãi, cho rằng các tạo hình linh vật rồng ở công viên Ba Tơ khá thô và đơn điệu.|Ông Nguyễn Văn Cảnh, ngụ thành phố Quảng Ngãi, cho rằng các tạo hình linh vật rồng ở công viên Ba Tơ khá thô và đơn điệu.
audio_01218|Đây là năm thứ 18 liên tiếp báo cáo PCI được xây dựng, dựa trên thông tin phản hồi từ gần 12.000 doanh nghiệp đang hoạt động.|Đây là năm thứ 18 liên tiếp báo cáo PCI được xây dựng, dựa trên thông tin phản hồi từ gần 12.000 doanh nghiệp đang hoạt động.
audio_01219|Và thực hiện một bài kiểm tra nói dối.|Và thực hiện một bài kiểm tra nói dối.
audio_01220|Cô ấy nuốt nước bọt và hít một hơi thật sâu.|Cô ấy nuốt nước bọt và hít một hơi thật sâu.
audio_01221|Lúc cô bé quàng khăn đỏ đến, cô thấy chó sói đắp chăn trên giường.|Lúc cô bé quàng khăn đỏ đến, cô thấy chó sói đắp chăn trên giường.
audio_01222|Và nhờ ông ấy giúp.|Và nhờ ông ấy giúp.
audio_01223|Chính những người Bồ Đào Nha đã đặt cho hòn đảo cái tên mà rất nhiều người phương Tây tới nay vẫn quen gọi.|Chính những người Bồ Đào Nha đã đặt cho hòn đảo cái tên mà rất nhiều người phương Tây tới nay vẫn quen gọi.
audio_01224|Theo tôi thấy là sơn dầu...|Theo tôi thấy là sơn dầu...
audio_01225|Của Trung Quốc ấy.|Của Trung Quốc ấy.
audio_01226|Đồng thời tặng bạn một ghế bowling có chữ ký của ông ta trên đó.|Đồng thời tặng bạn một ghế bowling có chữ ký của ông ta trên đó.
audio_01227|Quần đảo Trường Sa, có mưa rào vài nơi, tầm nhìn xa trên 10 km, ngày gió Đông Bắc đến Đông cấp 3, cấp 4, đêm gió nhẹ, sóng biển cao từ 1 đến 2 m.|Quần đảo Trường Sa, có mưa rào vài nơi, tầm nhìn xa trên 10 km, ngày gió Đông Bắc đến Đông cấp 3, cấp 4, đêm gió nhẹ, sóng biển cao từ 1 đến 2 m.
audio_01228|Hay là vết khâu nào cả.|Hay là vết khâu nào cả.
audio_01229|Đúng đấy chúng ta vừa cài đặt.|Đúng đấy chúng ta vừa cài đặt.
audio_01230|Ông với tôi nghe kiểu nó chẳng thực tế các bạn ạ.|Ông với tôi nghe kiểu nó chẳng thực tế các bạn ạ.
audio_01231|Việc lên lịch khám định kỳ cho nghề nghiệp, lĩnh vực trong đời sống sẽ giúp bạn suy xét lại những cam kết trước đây từng làm, có thêm sự hoài nghi để chất vấn những quyết định hiện tại.|Việc lên lịch khám định kỳ cho nghề nghiệp, lĩnh vực trong đời sống sẽ giúp bạn suy xét lại những cam kết trước đây từng làm, có thêm sự hoài nghi để chất vấn những quyết định hiện tại.
audio_01232|Đã sửa cho đẹp để rồi mà còn nâng cấp thêm công nghệ ai đánh nhất vào cho anh hai của Akira thêm phần sống động.|Đã sửa cho đẹp để rồi mà còn nâng cấp thêm công nghệ ai đánh nhất vào cho anh hai của Akira thêm phần sống động.
audio_01233|Lúc tôi tỉnh lại.|Lúc tôi tỉnh lại.
audio_01234|Tuy nhiên mới đây các chuyên gia đã đưa ra đánh giá rằng.|Tuy nhiên mới đây các chuyên gia đã đưa ra đánh giá rằng.
audio_01235|Bây giờ móc hết xe anh rồi, các chú tính sao?|Bây giờ móc hết xe anh rồi, các chú tính sao?
audio_01236|Hãy luôn suy nghĩ cách thức giúp cho bạn làm mọi thứ thú vị khác đi, tập loại bỏ cụm từ nhàm chán ra khỏi công việc cuộc sống của bạn.|Hãy luôn suy nghĩ cách thức giúp cho bạn làm mọi thứ thú vị khác đi, tập loại bỏ cụm từ nhàm chán ra khỏi công việc cuộc sống của bạn.
audio_01237|Băng ngược lại.|Băng ngược lại.
audio_01238|Cần chứ.|Cần chứ.
audio_01239|Buổi tối sau khi tắm xong, Mạc Sơn nằm trên giường, lôi chiếc ví ra kiểm tra.|Buổi tối sau khi tắm xong, Mạc Sơn nằm trên giường, lôi chiếc ví ra kiểm tra.
audio_01240|Mình sẽ lấy cái phần riêu cua này để mình trộn chung với lại giò xanh.|Mình sẽ lấy cái phần riêu cua này để mình trộn chung với lại giò xanh.
audio_01241|Sự ấp uống mờ ám của A Nhược cùng với loạt bằng chứng rõ mười mưa trước mắt đã khiến cô ta không còn cơ hội biện bạch cho bản thân.|Sự ấp uống mờ ám của A Nhược cùng với loạt bằng chứng rõ mười mưa trước mắt đã khiến cô ta không còn cơ hội biện bạch cho bản thân.
audio_01242|Không thấy đố mày làm nên.|Không thấy đố mày làm nên.
audio_01243|Bây giờ, mình sẽ đọc bài văn kể lại hoạt động trải nghiệm của mình cho các bạn tham khảo nhé.|Bây giờ, mình sẽ đọc bài văn kể lại hoạt động trải nghiệm của mình cho các bạn tham khảo nhé.
audio_01244|Cũng tại chương trình, bàn tổ chức đã trao các giải nhất, nhì ba và khuyến khích cho các đội tham gia hội thi đèn lồng đêm hội trăng ràm.|Cũng tại chương trình, bàn tổ chức đã trao các giải nhất, nhì ba và khuyến khích cho các đội tham gia hội thi đèn lồng đêm hội trăng ràm.
audio_01245|Bài 5, bạn có muốn ăn trưa với tôi không?|Bài 5, bạn có muốn ăn trưa với tôi không?
audio_01246|Tôi nằm trên giường của mình thì mất ngủ.|Tôi nằm trên giường của mình thì mất ngủ.
audio_01247|Họ tiến hành đàm phán hòa bình với chính phủ.|Họ tiến hành đàm phán hòa bình với chính phủ.
audio_01248|À em tên gì.|À em tên gì.
audio_01249|Tuy sẽ giảm chi phí khắc phục, thi công nhanh nhưng phát sinh các chi phí liên quan đến giải phóng mặt bằng.|Tuy sẽ giảm chi phí khắc phục, thi công nhanh nhưng phát sinh các chi phí liên quan đến giải phóng mặt bằng.
audio_01250|Hãng tin này cho biết, chiếc máy bay được cho là đến từ vùng Sumy của Ukraine.|Hãng tin này cho biết, chiếc máy bay được cho là đến từ vùng Sumy của Ukraine.
audio_01251|Liệu Putin có qua đời và Nga-Ukraine sẽ chấm dứt chiến tranh?|Liệu Putin có qua đời và Nga-Ukraine sẽ chấm dứt chiến tranh?
audio_01252|Và trò chơi cũng sẽ kết thúc ngay tại thời điểm đó.|Và trò chơi cũng sẽ kết thúc ngay tại thời điểm đó.
audio_01253|Nghe.|Nghe.
audio_01254|Rồi bây giờ Phượng sẽ cho 1,5 lít nước dừa tươi vào trong này luôn.|Rồi bây giờ Phượng sẽ cho 1,5 lít nước dừa tươi vào trong này luôn.
audio_01255|Ở lại mãi miếc dọn được một lúc.|Ở lại mãi miếc dọn được một lúc.
audio_01256|Trên thực tế, 3 con số này liên quan đến những mô hình toán học phức tạp và cả lịch sử của loài người.|Trên thực tế, 3 con số này liên quan đến những mô hình toán học phức tạp và cả lịch sử của loài người.
audio_01257|Trong sự nghiệp.|Trong sự nghiệp.
audio_01258|Thảo vẫn gọi điện cho mình hàng ngày.|Thảo vẫn gọi điện cho mình hàng ngày.
audio_01259|Đây là gẹ nè các bạn.|Đây là gẹ nè các bạn.
audio_01260|Họ là người cung cấp thông tin.|Họ là người cung cấp thông tin.
audio_01261|Cộng thêm việc chính phủ thế giới che đậy hành động của họ khiến thế hệ sau này dường như không biết gì đến cái tên huyền thoại này.|Cộng thêm việc chính phủ thế giới che đậy hành động của họ khiến thế hệ sau này dường như không biết gì đến cái tên huyền thoại này.
audio_01262|Nó mang hàm ý trêu chọc nhiều hơn.|Nó mang hàm ý trêu chọc nhiều hơn.
audio_01263|Đàn ông phải thật là kiên cường đứng trước tất cả mọi thứ.|Đàn ông phải thật là kiên cường đứng trước tất cả mọi thứ.
audio_01264|Điều gì đã khiến cho kẻ dẫn đầu bị bỏ lại phía sau thời đại?|Điều gì đã khiến cho kẻ dẫn đầu bị bỏ lại phía sau thời đại?
audio_01265|Và ngay sau khi Tết, sau ngày 6 hôm Tết, toàn bộ lực lượng hoạt động đã quay trở lại nhà máy làm việc rất là hào hứng và nhiệt huyết.|Và ngay sau khi Tết, sau ngày 6 hôm Tết, toàn bộ lực lượng hoạt động đã quay trở lại nhà máy làm việc rất là hào hứng và nhiệt huyết.
audio_01266|Con còn nhỏ, chưa hiểu được đâu.|Con còn nhỏ, chưa hiểu được đâu.
audio_01267|Các cơ hội.|Các cơ hội.
audio_01268|Tuy nhiên, Ngân hàng Thế giới cũng lưu ý rằng các nền kinh tế đang phát triển sẽ chịu ảnh hưởng nặng nề trong trung hạn do thương mại toàn cầu chậm lại và điều kiện tài chính ngày càng khắc khe.|Tuy nhiên, Ngân hàng Thế giới cũng lưu ý rằng các nền kinh tế đang phát triển sẽ chịu ảnh hưởng nặng nề trong trung hạn do thương mại toàn cầu chậm lại và điều kiện tài chính ngày càng khắc khe.
audio_01269|Ok, bây giờ mình sửa lại những cái câu sai mình đưa ra lúc nãy.|Ok, bây giờ mình sửa lại những cái câu sai mình đưa ra lúc nãy.
audio_01270|Có những người bạn cũng đang xem video này ở đây.|Có những người bạn cũng đang xem video này ở đây.
audio_01271|Cô ấy thậm chí còn kiểm tra các nhà vệ sinh nhưng chúng đều trống rỗng.|Cô ấy thậm chí còn kiểm tra các nhà vệ sinh nhưng chúng đều trống rỗng.
audio_01272|Sau khi rửa xong á, thì mình sẽ lật cái cánh gà lại như vầy.|Sau khi rửa xong á, thì mình sẽ lật cái cánh gà lại như vầy.
audio_01273|Bột của mình đã nở lớn.|Bột của mình đã nở lớn.
audio_01274|Từ hơn chục năm trước chú ấy đã về bàn với mẹ bán mảnh đất đó đi để lấy tiền mua một căn hộ trung cư ở trên đó.|Từ hơn chục năm trước chú ấy đã về bàn với mẹ bán mảnh đất đó đi để lấy tiền mua một căn hộ trung cư ở trên đó.
audio_01275|Hãy thắt xe an toàn vào đi.|Hãy thắt xe an toàn vào đi.
audio_01276|Cúc Hương cũng vậy.|Cúc Hương cũng vậy.
audio_01277|Mời các bạn xem qua thành phần nguyên liệu trước khi làm.|Mời các bạn xem qua thành phần nguyên liệu trước khi làm.
audio_01278|Đến Tổng thống Mỹ cũng 4 năm thay một lần mà.|Đến Tổng thống Mỹ cũng 4 năm thay một lần mà.
audio_01279|Nên nó dính bột là được rồi.|Nên nó dính bột là được rồi.
audio_01280|Và họ tin rằng sự tan bạo của kẻ độc tài này đến từ những căn bệnh kỳ lạ đó.|Và họ tin rằng sự tan bạo của kẻ độc tài này đến từ những căn bệnh kỳ lạ đó.
audio_01281|Bây giờ mình sẽ cho hết phần đường vô.|Bây giờ mình sẽ cho hết phần đường vô.
audio_01282|Thưa quý vị và các bạn, bệnh sốt sốt khuyết hiện nay chưa có vaccine phòng ngừa cũng như chưa có thuốc điều trị đặc hiệu.|Thưa quý vị và các bạn, bệnh sốt sốt khuyết hiện nay chưa có vaccine phòng ngừa cũng như chưa có thuốc điều trị đặc hiệu.
audio_01283|Tờ Yonhap của Hàn Quốc đưa tin rằng cuộc sử tử này đã dùng cả pháo phòng không trước mặt của hàng trăm người đại diện chính quyền.|Tờ Yonhap của Hàn Quốc đưa tin rằng cuộc sử tử này đã dùng cả pháo phòng không trước mặt của hàng trăm người đại diện chính quyền.
audio_01284|Trong một xã hội.|Trong một xã hội.
audio_01285|Tại phòng bói bài, Gino quá buộc mô hình kinh doanh này là bịt bọm. Vậy là Katie đích thân trải bài cho Gino.|Tại phòng bói bài, Gino quá buộc mô hình kinh doanh này là bịt bọm. Vậy là Katie đích thân trải bài cho Gino.
audio_01286|Kỷ niệm.|Kỷ niệm.
audio_01287|Phải tự nhận rằng điều này không phải lúc nào cũng khả thi.|Phải tự nhận rằng điều này không phải lúc nào cũng khả thi.
audio_01288|Nông dân Ba Lan tiếp tục ngăn xe tải lưu thông tại tất cả 6 cửa khẩu.|Nông dân Ba Lan tiếp tục ngăn xe tải lưu thông tại tất cả 6 cửa khẩu.
audio_01289|Đền khen là một trong năm đồn lớn của thực dân Pháp tại huyện Văn Bản khi đó.|Đền khen là một trong năm đồn lớn của thực dân Pháp tại huyện Văn Bản khi đó.
audio_01290|Thông qua cuốn sách này bạn có thể tìm kiếm được con đường để đạt đến những sức mạnh này.|Thông qua cuốn sách này bạn có thể tìm kiếm được con đường để đạt đến những sức mạnh này.
audio_01291|Trái đất không phải trung tâm của vũ trụ như mọi người vẫn tưởng, thay vào đó nó lại quay quanh mặt trời.|Trái đất không phải trung tâm của vũ trụ như mọi người vẫn tưởng, thay vào đó nó lại quay quanh mặt trời.
audio_01292|Và người đóng vai ác ở đây không ai khác chính là công ty AMG.|Và người đóng vai ác ở đây không ai khác chính là công ty AMG.
audio_01293|Và nếu không các bạn tâm thể cược.|Và nếu không các bạn tâm thể cược.
audio_01294|Chính điều này khiến nghệ thuật trở nên rất quan trọng, dù thiếu giá trị thực tiễn.|Chính điều này khiến nghệ thuật trở nên rất quan trọng, dù thiếu giá trị thực tiễn.
audio_01295|Thì mình nghĩ là mình sẽ xin phép được chia cái sự so sánh ra thành 2 phần như thế để đi sâu hơn một chút nhé.|Thì mình nghĩ là mình sẽ xin phép được chia cái sự so sánh ra thành 2 phần như thế để đi sâu hơn một chút nhé.
audio_01296|Chị tội nghiệp Mỹ Dung.|Chị tội nghiệp Mỹ Dung.
audio_01297|Rell gọi cho bác sĩ thu y Peter Reed.|Rell gọi cho bác sĩ thu y Peter Reed.
audio_01298|Đó chính là tâm linh ở trạng thái thường khiết nhất.|Đó chính là tâm linh ở trạng thái thường khiết nhất.
audio_01299|Tất cả đều xoay quanh việc bà ta không được phép cười vì bất kỳ lý do gì.|Tất cả đều xoay quanh việc bà ta không được phép cười vì bất kỳ lý do gì.
audio_01300|Tại vì cái chanh mà mình sử dụng nó sẽ có 1 cái mùi thơm nhiều hơn là cái vị chua.|Tại vì cái chanh mà mình sử dụng nó sẽ có 1 cái mùi thơm nhiều hơn là cái vị chua.
audio_01301|Khi nghe thấy điều này, Emma đã rất sốc.|Khi nghe thấy điều này, Emma đã rất sốc.
audio_01302|Đế quốc Mông Cổ là đế quốc duy nhất trong lịch sử bao gồm cả Trung Quốc và Nga, cũng như nhiều đất nước nhỏ hơn từ Triều Tiên tới Iran, Afghanistan, Syria, Iraq và Thổ Nhĩ Kỳ.|Đế quốc Mông Cổ là đế quốc duy nhất trong lịch sử bao gồm cả Trung Quốc và Nga, cũng như nhiều đất nước nhỏ hơn từ Triều Tiên tới Iran, Afghanistan, Syria, Iraq và Thổ Nhĩ Kỳ.
audio_01303|Không ai có thể sử dụng nguồn nước này trong vòng 12 giờ đồng hồ.|Không ai có thể sử dụng nguồn nước này trong vòng 12 giờ đồng hồ.
audio_01304|Không thể đứng ngoài cuộc vui, Jae-kun lập tức giật lấy chiếc gậy gắn lông và thể hiện cho vợ xem như thế nào mới là lắc gậy đúng cách.|Không thể đứng ngoài cuộc vui, Jae-kun lập tức giật lấy chiếc gậy gắn lông và thể hiện cho vợ xem như thế nào mới là lắc gậy đúng cách.
audio_01305|Chà nghe nói thẩy thuốc trong làng bó tay hết mà.|Chà nghe nói thẩy thuốc trong làng bó tay hết mà.
audio_01306|Mặc dù liên tục xác nhận bây giờ báo chí rằng tất cả những chính sách mà Fed đang theo đuổi đều nhằm mục đích thúc đẩy tăng trưởng kinh tế trở lại sau cơn suy thoái toàn cầu nghiêm trọng.|Mặc dù liên tục xác nhận bây giờ báo chí rằng tất cả những chính sách mà Fed đang theo đuổi đều nhằm mục đích thúc đẩy tăng trưởng kinh tế trở lại sau cơn suy thoái toàn cầu nghiêm trọng.
audio_01307|Chân đó còn khổ ơi là khổ.|Chân đó còn khổ ơi là khổ.
audio_01308|Cảm ơn các bạn đã xem đến hết video. Nếu thấy hay, nhớ để lại 1 like và 1 share để mỗi chúng mình.|Cảm ơn các bạn đã xem đến hết video. Nếu thấy hay, nhớ để lại 1 like và 1 share để mỗi chúng mình.
audio_01309|Xin kính chào quý vị và các bạn đang theo dõi bản tin dự báo thời tiết sáng nay ngày 1 tháng 3.|Xin kính chào quý vị và các bạn đang theo dõi bản tin dự báo thời tiết sáng nay ngày 1 tháng 3.
audio_01310|Trên mảnh các bạn thấy đó là một cái bức tranh miêu tả lại việc người ta hiên tế và ăn thịt người trong các nghi lễ của người Aztec cổ.|Trên mảnh các bạn thấy đó là một cái bức tranh miêu tả lại việc người ta hiên tế và ăn thịt người trong các nghi lễ của người Aztec cổ.
audio_01311|Bây giờ, bạn có thể để dành các cây kẹo này và lấy ra ăn vào lúc nào thì thích, hay có thể đi mời bạn bè của mình cùng thưởng thức một món kẹo múc rất ngon do chính bạn làm ra.|Bây giờ, bạn có thể để dành các cây kẹo này và lấy ra ăn vào lúc nào thì thích, hay có thể đi mời bạn bè của mình cùng thưởng thức một món kẹo múc rất ngon do chính bạn làm ra.
audio_01312|Không được giáo dục tài chính, đa số người Mỹ không lần ra manh mối nào.|Không được giáo dục tài chính, đa số người Mỹ không lần ra manh mối nào.
audio_01313|Thêm vào đó, thời tiết mưa nắng thất thương tạo điều kiện thuận lợi cho mùi phát triển.|Thêm vào đó, thời tiết mưa nắng thất thương tạo điều kiện thuận lợi cho mùi phát triển.
audio_01314|Nên phải âm thầm đi, mà tốt nhất là cải trang, đóng giảm mức ngươi nghèo khổ, để chính tay, lật bộ mặt tham lam của cụ Lý thì hay hơn ạ.|Nên phải âm thầm đi, mà tốt nhất là cải trang, đóng giảm mức ngươi nghèo khổ, để chính tay, lật bộ mặt tham lam của cụ Lý thì hay hơn ạ.
audio_01315|Chúng ta có thể khởi động lại bất cứ khi nào ta mong muốn.|Chúng ta có thể khởi động lại bất cứ khi nào ta mong muốn.
audio_01316|Để thâm nhập vào nền triết học phương Tây bạn cũng không thể bỏ qua triết học khắc kỷ vì Kortasper cho rằng triết học có 3 nguồn suy triết lý.|Để thâm nhập vào nền triết học phương Tây bạn cũng không thể bỏ qua triết học khắc kỷ vì Kortasper cho rằng triết học có 3 nguồn suy triết lý.
audio_01317|Nhìn lại lịch sử thì đã luôn diễn ra như vậy.|Nhìn lại lịch sử thì đã luôn diễn ra như vậy.
audio_01318|Trước khi bỏ ra khỏi nhà, ba tôi còn tái bút thêm.|Trước khi bỏ ra khỏi nhà, ba tôi còn tái bút thêm.
audio_01319|Trực tiếp liên quan đến vùng phản xạ của mắt nó nằm ở vị trí này.|Trực tiếp liên quan đến vùng phản xạ của mắt nó nằm ở vị trí này.
audio_01320|Tuy vậy một sự kiện bí ẩn đã xảy ra, thần Shimmer đột nhiên biến mất không rõ thông tích và từ đó phước lành của thần cũng kết thúc dẫn đến nhiều tai họa bắt đầu ập xuống vùng đất này và hiện tại là cuộc xâm lược của quân của Sam.|Tuy vậy một sự kiện bí ẩn đã xảy ra, thần Shimmer đột nhiên biến mất không rõ thông tích và từ đó phước lành của thần cũng kết thúc dẫn đến nhiều tai họa bắt đầu ập xuống vùng đất này và hiện tại là cuộc xâm lược của quân của Sam.
audio_01321|Áo tây vàng dài quá đầu gối.|Áo tây vàng dài quá đầu gối.
audio_01322|Đây là một trong những thành phố thịnh vượng và phát triển bậc nhất bang.|Đây là một trong những thành phố thịnh vượng và phát triển bậc nhất bang.
audio_01323|Thời hắn sống được xem là thời kỳ hoàng kim của trung thuật, nơi mà không chỉ các chú thật sư mà các nguyên hồn đều rất mạnh.|Thời hắn sống được xem là thời kỳ hoàng kim của trung thuật, nơi mà không chỉ các chú thật sư mà các nguyên hồn đều rất mạnh.
audio_01324|Càng đi xa, đường đi sẽ càng phức tạp hơn.|Càng đi xa, đường đi sẽ càng phức tạp hơn.
audio_01325|Sashimi thì không thể nào thiếu cái bước này rồi.|Sashimi thì không thể nào thiếu cái bước này rồi.
audio_01326|Và Gordon Buffett có một câu rất hay.|Và Gordon Buffett có một câu rất hay.
audio_01327|Nếu bạn đủ thú vị, họ sẽ vẫn muốn thử đi hẹn hò với bạn, nhưng chỉ là để xem anh này có gì hay ho nữa hay không mà thôi.|Nếu bạn đủ thú vị, họ sẽ vẫn muốn thử đi hẹn hò với bạn, nhưng chỉ là để xem anh này có gì hay ho nữa hay không mà thôi.
audio_01328|Xin cha hãy cầu nguyện cho tình trạng của con được cải thiện và những điều con nên làm.|Xin cha hãy cầu nguyện cho tình trạng của con được cải thiện và những điều con nên làm.
audio_01329|Bởi vì anh nhận được rất nhiều những cái comment chia sẻ cái hoàn cảnh của riêng các bạn ở trong cái video clip của anh.|Bởi vì anh nhận được rất nhiều những cái comment chia sẻ cái hoàn cảnh của riêng các bạn ở trong cái video clip của anh.
audio_01330|Và nếu Yumi là một truyền thuyết đô thị câu chuyện cũng đáng sợ hơn nhiều bởi chúng ta sẽ chẳng biết được bao giờ thì đến lượt mình bị Yumi tìm tới cửa.|Và nếu Yumi là một truyền thuyết đô thị câu chuyện cũng đáng sợ hơn nhiều bởi chúng ta sẽ chẳng biết được bao giờ thì đến lượt mình bị Yumi tìm tới cửa.
audio_01331|Sau đó, thêm những con đường dài, những đại lộ lớn, những cấu trúc cầu thang lớn, những cấu trúc cầu to bò, các khối đá khổng lồ được đéo gọt chính xác và tỉ mỉ được phát hiện.|Sau đó, thêm những con đường dài, những đại lộ lớn, những cấu trúc cầu thang lớn, những cấu trúc cầu to bò, các khối đá khổng lồ được đéo gọt chính xác và tỉ mỉ được phát hiện.
audio_01332|Cho tất cả cái phần gia vị lúc nãy mình chia sẻ đó, thì mình cũng cho vô hết luôn.|Cho tất cả cái phần gia vị lúc nãy mình chia sẻ đó, thì mình cũng cho vô hết luôn.
audio_01333|Nếu một ngày nào đó, mũi tên hết sạch, thuyền sao rơi xuống, kim nhân ngừng quay, ai sẽ bảo vệ cô và tôi?|Nếu một ngày nào đó, mũi tên hết sạch, thuyền sao rơi xuống, kim nhân ngừng quay, ai sẽ bảo vệ cô và tôi?
audio_01334|Đây cũng là tiền đề để doanh nghiệp đặt ra mục tiêu tăng trưởng khoảng 2% so với công kỳ, mặc dù nhận định diễn biến của thị trường và hoạt động sản xuất của Toàn ngành Thép vẫn còn hết sức khó khăn.|Đây cũng là tiền đề để doanh nghiệp đặt ra mục tiêu tăng trưởng khoảng 2% so với công kỳ, mặc dù nhận định diễn biến của thị trường và hoạt động sản xuất của Toàn ngành Thép vẫn còn hết sức khó khăn.
audio_01335|Trong khi mức điểm đạt yêu cầu là 75%.|Trong khi mức điểm đạt yêu cầu là 75%.
audio_01336|Thì ra là một cụ bà, bà cũng đến tắm trong khu này chắc.|Thì ra là một cụ bà, bà cũng đến tắm trong khu này chắc.
audio_01337|Đây là biểu đồ giá bán xe điện của Trung Quốc, Mỹ và châu Âu.|Đây là biểu đồ giá bán xe điện của Trung Quốc, Mỹ và châu Âu.
audio_01338|Trong dự thảo mới, Bộ Công an đề xuất bỏ hạng A4, đưa hạng B1 và B2 về cùng hạng B.|Trong dự thảo mới, Bộ Công an đề xuất bỏ hạng A4, đưa hạng B1 và B2 về cùng hạng B.
audio_01339|Các bạn hãy liệt kê tên các bộ thuộc chính phủ Việt Nam hiện nay.|Các bạn hãy liệt kê tên các bộ thuộc chính phủ Việt Nam hiện nay.
audio_01340|Dạ bầm ông, con một thân một mình.|Dạ bầm ông, con một thân một mình.
audio_01341|Mugi đã nói rõ khi thiết lập mối quan hệ rằng cả hai sẽ không làm tới bước cuối cùng.|Mugi đã nói rõ khi thiết lập mối quan hệ rằng cả hai sẽ không làm tới bước cuối cùng.
audio_01342|Trước khi ốc được đưa vào phòng ngủ, chúng phải trải qua 3 quy trình rửa sạch sau đó chọn ra những con khỏe mạnh nhất.|Trước khi ốc được đưa vào phòng ngủ, chúng phải trải qua 3 quy trình rửa sạch sau đó chọn ra những con khỏe mạnh nhất.
audio_01343|Trong quá trình trồng cây quế, anh Páo cũng thường xuyên tìm hiểu, kinh nghiệm, chăm sóc để cây không bị sâu bệnh.|Trong quá trình trồng cây quế, anh Páo cũng thường xuyên tìm hiểu, kinh nghiệm, chăm sóc để cây không bị sâu bệnh.
audio_01344|Nếu mà xét ở vẻ ngoài của hai hộp kẹo này thì chúng đều được làm từ hộp thiếc.|Nếu mà xét ở vẻ ngoài của hai hộp kẹo này thì chúng đều được làm từ hộp thiếc.
audio_01345|Nhìn nó có vẻ ngoan ngoãn đi.|Nhìn nó có vẻ ngoan ngoãn đi.
audio_01346|Do đó, nó có sức hấp dân lớn đối với các nhà đầu tư ngắn và trung hạn và các thương gia nhạy bén về thời điểm quyết định tiến hành giao dịch.|Do đó, nó có sức hấp dân lớn đối với các nhà đầu tư ngắn và trung hạn và các thương gia nhạy bén về thời điểm quyết định tiến hành giao dịch.
audio_01347|Mày làm chuyện gì xấu à?|Mày làm chuyện gì xấu à?
audio_01348|Có lẽ nó được dùng để tạo lực đẩy giúp cho ống khói thủy tinh được cố định.|Có lẽ nó được dùng để tạo lực đẩy giúp cho ống khói thủy tinh được cố định.
audio_01349|Thì gọi giới thiệu đi, cậu tên gì, mấy tuổi, quay coi lên làm gì.|Thì gọi giới thiệu đi, cậu tên gì, mấy tuổi, quay coi lên làm gì.
audio_01350|Mới đây nhất, phóng viên của VTC đã có cuộc gặp mặt với một người phụ nữ người dân tộc Giấy tại huyện Bát Sát, tỉnh Lào Cai, từng bị lừa bán sang Trung Quốc vào năm 18 tuổi.|Mới đây nhất, phóng viên của VTC đã có cuộc gặp mặt với một người phụ nữ người dân tộc Giấy tại huyện Bát Sát, tỉnh Lào Cai, từng bị lừa bán sang Trung Quốc vào năm 18 tuổi.
audio_01351|Sát Chikako được quấn trong chăn, thêm tấm nhựa chống thấm nước và buộc bằng dây thần nhiều lần trước khi bị đem vùi xuống thật sâu trong lọc đất.|Sát Chikako được quấn trong chăn, thêm tấm nhựa chống thấm nước và buộc bằng dây thần nhiều lần trước khi bị đem vùi xuống thật sâu trong lọc đất.
audio_01352|Đó chính là Babylon ngày nay, thành phố từng thịnh vượng trong lịch sử.|Đó chính là Babylon ngày nay, thành phố từng thịnh vượng trong lịch sử.
audio_01353|Liệu rằng họ có sẵn sàng từ bỏ những lợi ích vốn đã giang buộc bấy lâu nay với Hoa Kỳ để nghe theo Trung Quốc hay không?|Liệu rằng họ có sẵn sàng từ bỏ những lợi ích vốn đã giang buộc bấy lâu nay với Hoa Kỳ để nghe theo Trung Quốc hay không?
audio_01354|Sau tuổi 90, người dân địa phương vẫn duy trì tần suất hoạt động một cách đáng kinh ngạc.|Sau tuổi 90, người dân địa phương vẫn duy trì tần suất hoạt động một cách đáng kinh ngạc.
audio_01355|Nên dân văn phòng cũng có mà ca sĩ, người mẫu, diễn viên cũng nhiều.|Nên dân văn phòng cũng có mà ca sĩ, người mẫu, diễn viên cũng nhiều.
audio_01356|Nó cũng đã dẻo lại và có một cái đồ kết dính rồi nè các bạn.|Nó cũng đã dẻo lại và có một cái đồ kết dính rồi nè các bạn.
audio_01357|Nhóm thứ 2 các bạn được dạy 1 lần và cho ôn tập lại 1 lần.|Nhóm thứ 2 các bạn được dạy 1 lần và cho ôn tập lại 1 lần.
audio_01358|Tầm 10 phút mình mở nắp ra và mình thấy rất là thơm của mùi táo luôn.|Tầm 10 phút mình mở nắp ra và mình thấy rất là thơm của mùi táo luôn.
audio_01359|Phần 3.|Phần 3.
audio_01360|Tình yêu ấy.|Tình yêu ấy.
audio_01361|Hannibal liền xin lỗi cô bé vì đã không thể bảo vệ cô trong kiếp này.|Hannibal liền xin lỗi cô bé vì đã không thể bảo vệ cô trong kiếp này.
audio_01362|Như vậy thì cái nước lèo tuyệt đối nó không bị chua.|Như vậy thì cái nước lèo tuyệt đối nó không bị chua.
audio_01363|Nó ném xuống một vật hình cầu, bọc trong những mẩu thư giách mà Max đã xé đi.|Nó ném xuống một vật hình cầu, bọc trong những mẩu thư giách mà Max đã xé đi.
audio_01364|Cái ruột nó ăn thì nó y như bạn ăn bút điên thì ăn hạch vậy á.|Cái ruột nó ăn thì nó y như bạn ăn bút điên thì ăn hạch vậy á.
audio_01365|Cho đến lúc tới nơi thì mới giật mình kinh sợ khi băng ghế sau chẳng còn ai nữa.|Cho đến lúc tới nơi thì mới giật mình kinh sợ khi băng ghế sau chẳng còn ai nữa.
audio_01366|Tiếp theo là hình ảnh đáng kinh ngạc về con tàu này.|Tiếp theo là hình ảnh đáng kinh ngạc về con tàu này.
audio_01367|Đây là quân số kỷ lục mà chúng tôi có thể điều động để tham gia cuộc tập trận có quy mô như vậy.|Đây là quân số kỷ lục mà chúng tôi có thể điều động để tham gia cuộc tập trận có quy mô như vậy.
audio_01368|Mọi thứ xảy ra phải có sự đồng ý của đôi bên để công việc được bắt đầu.|Mọi thứ xảy ra phải có sự đồng ý của đôi bên để công việc được bắt đầu.
audio_01369|Ông trở thành nhân vật được kính trọng nhất, đáng tin cậy nhất và kỳ vọng nhất.|Ông trở thành nhân vật được kính trọng nhất, đáng tin cậy nhất và kỳ vọng nhất.
audio_01370|Đây là một cái lễ hội truyền thống của địa phương, đã được xã mới khuyên phục lại từ năm 2023, và năm nay chúng tôi cũng tiếp tục duy trì và phát triển.|Đây là một cái lễ hội truyền thống của địa phương, đã được xã mới khuyên phục lại từ năm 2023, và năm nay chúng tôi cũng tiếp tục duy trì và phát triển.
audio_01371|Dark Food có Titan TV Man là chủ đạo.|Dark Food có Titan TV Man là chủ đạo.
audio_01372|Hai chị thấy được.|Hai chị thấy được.
audio_01373|Vì đây là địa điểm được biết đến là nơi người ta dễ trượt chân rớt xuống nước chết, đã có 16 người chết đuối trong 8 năm qua.|Vì đây là địa điểm được biết đến là nơi người ta dễ trượt chân rớt xuống nước chết, đã có 16 người chết đuối trong 8 năm qua.
audio_01374|Trong đó, bị can Trương Mỹ Lan, cựu chủ tịch tập đoàn Vạn Thịnh Pháp, bị xét xử với các tội tham ô tài sản, đưa hối lộ và vi phạm quy định về cho vay trong hoạt động của các tổ chức tín dụng.|Trong đó, bị can Trương Mỹ Lan, cựu chủ tịch tập đoàn Vạn Thịnh Pháp, bị xét xử với các tội tham ô tài sản, đưa hối lộ và vi phạm quy định về cho vay trong hoạt động của các tổ chức tín dụng.
audio_01375|Năm mới này.|Năm mới này.
audio_01376|Sau một vài năm các bạn đi làm các bạn cũng có thể tích cóp được.|Sau một vài năm các bạn đi làm các bạn cũng có thể tích cóp được.
audio_01377|Phải đấy, bởi vì là một năm mới tốt lành đang bắt đầu với cháu.|Phải đấy, bởi vì là một năm mới tốt lành đang bắt đầu với cháu.
audio_01378|Vậy nên ấy cảm giác câu chuyện mà họ kể nó authentic hơn nhiều.|Vậy nên ấy cảm giác câu chuyện mà họ kể nó authentic hơn nhiều.
audio_01379|Đây là nhà hoang ở đầu làng ông ạ.|Đây là nhà hoang ở đầu làng ông ạ.
audio_01380|Các tài liệu lịch sử cung cấp rất ít về hình dạng lăng mộ và không có quá nhiều dấu hiệu ký tự để nhận biết.|Các tài liệu lịch sử cung cấp rất ít về hình dạng lăng mộ và không có quá nhiều dấu hiệu ký tự để nhận biết.
audio_01381|Nhưng mỗi người chúng ta đều có khả năng để tận dụng các tính cách bẩm sinh và phát triển chúng để trở thành loại tính cách thu hút người khác.|Nhưng mỗi người chúng ta đều có khả năng để tận dụng các tính cách bẩm sinh và phát triển chúng để trở thành loại tính cách thu hút người khác.
audio_01382|Nhưng mà bố mẹ em bảo là đã kết hôn.|Nhưng mà bố mẹ em bảo là đã kết hôn.
audio_01383|Lãnh đạo đã mời các nhà lãnh đạo quản lý, giám sát và nhân viên khác trong công ty Godman Scott cùng xuất sắc đi thẳng vào vấn đề.|Lãnh đạo đã mời các nhà lãnh đạo quản lý, giám sát và nhân viên khác trong công ty Godman Scott cùng xuất sắc đi thẳng vào vấn đề.
audio_01384|Cuối cùng, King cũng được thả.|Cuối cùng, King cũng được thả.
audio_01385|Chúng ta sẽ không đi sâu vào phân tích.|Chúng ta sẽ không đi sâu vào phân tích.
audio_01386|Từ chưa thích, chưa yêu đến dần mở rộng tâm lòng để đón nhận chân tình.|Từ chưa thích, chưa yêu đến dần mở rộng tâm lòng để đón nhận chân tình.
audio_01387|Robin bị kết án 14 năm tù vì tội giết một phụ nữ trên bãi biển.|Robin bị kết án 14 năm tù vì tội giết một phụ nữ trên bãi biển.
audio_01388|Sương.|Sương.
audio_01389|Nhiều chuyên gia lo ngại Iran sẽ có cơ hội nghiên cứu loại AUV này.|Nhiều chuyên gia lo ngại Iran sẽ có cơ hội nghiên cứu loại AUV này.
audio_01390|Cô nàng mong muốn nhân vật chính sẽ mua cho mình một chiếc TV.|Cô nàng mong muốn nhân vật chính sẽ mua cho mình một chiếc TV.
audio_01391|Ngoài ra thì như thường lệ, bởi vì cái giải thuật của Youtube hậu tiên cho những video có nhiều like, cho nên nếu mà thích cái video này thì nhờ các anh chị bấm thêm vào cái nút like để giúp cho podcast của chúng ta có nhiều người biết hơn nữa.|Ngoài ra thì như thường lệ, bởi vì cái giải thuật của Youtube hậu tiên cho những video có nhiều like, cho nên nếu mà thích cái video này thì nhờ các anh chị bấm thêm vào cái nút like để giúp cho podcast của chúng ta có nhiều người biết hơn nữa.
audio_01392|Càng báng trời thô tục thì càng hot.|Càng báng trời thô tục thì càng hot.
audio_01393|Ông biết cách bỏ đi, để tránh những tình huống căng thẳng mà không làm nó thêm nặng nề.|Ông biết cách bỏ đi, để tránh những tình huống căng thẳng mà không làm nó thêm nặng nề.
audio_01394|Tuy nhiên thì giữa chừng thì hội phó của cơ lầu bộ aka một trong những người được chọn đi thi đấu bị chấn thương. Lúc này đây tất cả lại nháo nhau lên vì không tìm ra người phù hợp để thi đấu.|Tuy nhiên thì giữa chừng thì hội phó của cơ lầu bộ aka một trong những người được chọn đi thi đấu bị chấn thương. Lúc này đây tất cả lại nháo nhau lên vì không tìm ra người phù hợp để thi đấu.
audio_01395|Đổ xong mới nhớ ra không biết làm được không nữa.|Đổ xong mới nhớ ra không biết làm được không nữa.
audio_01396|Cuộc sống của họ thấm nhuận nguyên tắc này, như cách Manilovsky đã mô tả một cách xúc tích.|Cuộc sống của họ thấm nhuận nguyên tắc này, như cách Manilovsky đã mô tả một cách xúc tích.
audio_01397|Tuy nhiên nhiều khí cảnh khác cũng tệ hơn.|Tuy nhiên nhiều khí cảnh khác cũng tệ hơn.
audio_01398|Quy tắc 1. Nhìn về tương lai và suy luận ngược lại.|Quy tắc 1. Nhìn về tương lai và suy luận ngược lại.
audio_01399|Giúp tăng khả năng kiếm tiền.|Giúp tăng khả năng kiếm tiền.
audio_01400|Bản thân trong tương lai gần, liệu có biến thành điểm ác giống như vậy hay không?|Bản thân trong tương lai gần, liệu có biến thành điểm ác giống như vậy hay không?
audio_01401|Với kỹ năng này, thường các em sẽ chú ý đến 1 hoặc 2 câu đầu, hoặc 1 hoặc 2 câu đầu của mỗi đoạn và câu cuối của mỗi đoạn.|Với kỹ năng này, thường các em sẽ chú ý đến 1 hoặc 2 câu đầu, hoặc 1 hoặc 2 câu đầu của mỗi đoạn và câu cuối của mỗi đoạn.
audio_01402|Với việc bị đội đầu bảng Real Madrid bỏ cách 8 điểm, và quan trọng hơn là sở hữu một phong độ thiếu thuyết phục, không quá khi nói Barcelona đã hết cơ hội bảo vệ ngôi vườn tại La Liga.|Với việc bị đội đầu bảng Real Madrid bỏ cách 8 điểm, và quan trọng hơn là sở hữu một phong độ thiếu thuyết phục, không quá khi nói Barcelona đã hết cơ hội bảo vệ ngôi vườn tại La Liga.
audio_01403|Nice Dry.|Nice Dry.
audio_01404|Cách số 10.|Cách số 10.
audio_01405|Khu vực miền núi, nhiều mây, có mưa nhỏ vài nơi.|Khu vực miền núi, nhiều mây, có mưa nhỏ vài nơi.
audio_01406|Hiện trường vụ cháy được bàn giao cho công an quận Hải An điều tra, xác minh làm rõ theo quy định.|Hiện trường vụ cháy được bàn giao cho công an quận Hải An điều tra, xác minh làm rõ theo quy định.
audio_01407|Để phục vụ hành khách, bến xe khách Ninh Thuận đã yêu cầu tất cả các doanh nghiệp có phương tiện tham gia vận tải hành khách, xây dựng phương án chạy xe.|Để phục vụ hành khách, bến xe khách Ninh Thuận đã yêu cầu tất cả các doanh nghiệp có phương tiện tham gia vận tải hành khách, xây dựng phương án chạy xe.
audio_01408|Vô học.|Vô học.
audio_01409|Nhưng điều đó không làm tôi miễn nhiễm với bệnh trầm cảm.|Nhưng điều đó không làm tôi miễn nhiễm với bệnh trầm cảm.
audio_01410|Và mọi người vẫn thường nghĩ rằng thiên tài là những người khi sinh ra vốn có sẵn cho mình một năng lực hơn người.|Và mọi người vẫn thường nghĩ rằng thiên tài là những người khi sinh ra vốn có sẵn cho mình một năng lực hơn người.
audio_01411|Người Mỹ dùng trăm phương ngản kế, nhưng suy cho cùng, mục đích cũng chỉ để đảm bảo thông thủy giữa vịnh Mexico và vùng biển Caribe, từ đó tạo động lực cho giao thương miền nam đất nước.|Người Mỹ dùng trăm phương ngản kế, nhưng suy cho cùng, mục đích cũng chỉ để đảm bảo thông thủy giữa vịnh Mexico và vùng biển Caribe, từ đó tạo động lực cho giao thương miền nam đất nước.
audio_01412|Thì cũng đã xảy ra quá đủ chuyện với Yemin.|Thì cũng đã xảy ra quá đủ chuyện với Yemin.
audio_01413|Tụi tôi xóa 3 tháng sau thì đã xong rồi.|Tụi tôi xóa 3 tháng sau thì đã xong rồi.
audio_01414|Xin chào!|Xin chào!
audio_01415|Các nhà nghiên cứu khác cũng làm nghiên cứu cho một nhóm đối tượng ngậm bút chì giữ cho cơ mặt mỉm cười và xem một bộ phim hoạt hình.|Các nhà nghiên cứu khác cũng làm nghiên cứu cho một nhóm đối tượng ngậm bút chì giữ cho cơ mặt mỉm cười và xem một bộ phim hoạt hình.
audio_01416|Dexter thông báo cho Miguel rằng vụ án của Ellen Wolf đã vỡ lở vì đã có một nghi phạm đã ở bên ngoài nhà Ellen vào đêm đó.|Dexter thông báo cho Miguel rằng vụ án của Ellen Wolf đã vỡ lở vì đã có một nghi phạm đã ở bên ngoài nhà Ellen vào đêm đó.
audio_01417|Tiếp tục đàm phán.|Tiếp tục đàm phán.
audio_01418|Thế là bọn mình xà vào, chọn chọn, lựa lựa.|Thế là bọn mình xà vào, chọn chọn, lựa lựa.
audio_01419|Ở bất cứ mực nước nào sâu hơn thế.|Ở bất cứ mực nước nào sâu hơn thế.
audio_01420|Họ ăn một cái bánh họ cảm nhận được, họ chờ, họ cũng mất công chờ.|Họ ăn một cái bánh họ cảm nhận được, họ chờ, họ cũng mất công chờ.
audio_01421|Trong đoạn video được trích xuất từ camera được người nhà bà M chia sẻ, thời điểm diễn ra sự việc là vào khoảng 10h30 phút ngày 23 tháng 2, khi đó bà M và chồng tranh cãi to tiếng, sau đó người chồng đưa bà M vào phòng và đóng cửa.|Trong đoạn video được trích xuất từ camera được người nhà bà M chia sẻ, thời điểm diễn ra sự việc là vào khoảng 10h30 phút ngày 23 tháng 2, khi đó bà M và chồng tranh cãi to tiếng, sau đó người chồng đưa bà M vào phòng và đóng cửa.
audio_01422|Bây giờ thì mình sẽ đi xử lý cái phần cá philê.|Bây giờ thì mình sẽ đi xử lý cái phần cá philê.
audio_01423|Nếu bên nào thành công phát hiện ra kẻ địch trước, thì bên đó gần như đã nắm chắc chiến thắng chống tăng.|Nếu bên nào thành công phát hiện ra kẻ địch trước, thì bên đó gần như đã nắm chắc chiến thắng chống tăng.
audio_01424|Chính phủ đã ban hành nghị định số 75, quy định xử phạt vi phạm hành chính trong hoạt động văn hóa, trong đó việc đốt đồ mã tại nơi tổ chức lễ hội di tích lịch sử văn hóa sẽ bị phạt cảnh cáo hoặc phạt tiền từ 500.000 đồng đến 1 triệu đồng.|Chính phủ đã ban hành nghị định số 75, quy định xử phạt vi phạm hành chính trong hoạt động văn hóa, trong đó việc đốt đồ mã tại nơi tổ chức lễ hội di tích lịch sử văn hóa sẽ bị phạt cảnh cáo hoặc phạt tiền từ 500.000 đồng đến 1 triệu đồng.
audio_01425|Chúc ông may mắn.|Chúc ông may mắn.
audio_01426|Ở trên khung thời gian H4 thì những cái đường MA nhỏ đã có xu hướng là hướng lên trên.|Ở trên khung thời gian H4 thì những cái đường MA nhỏ đã có xu hướng là hướng lên trên.
audio_01427|Công an thành phố nhanh chóng điều động 9 xe chữa cháy và 80 cán bộ chiến sĩ đến hiện trường.|Công an thành phố nhanh chóng điều động 9 xe chữa cháy và 80 cán bộ chiến sĩ đến hiện trường.
audio_01428|Thưa tư lệnh, nếu tách mỏng lực lượng ra như thế sẽ rất liều lĩnh và dễ bị quân địch bao vây ạ.|Thưa tư lệnh, nếu tách mỏng lực lượng ra như thế sẽ rất liều lĩnh và dễ bị quân địch bao vây ạ.
audio_01429|Tôi có định bị GPS ông ơi.|Tôi có định bị GPS ông ơi.
audio_01430|Hết mệt lại đi.|Hết mệt lại đi.
audio_01431|Các khúc xương còn được nối liền nhau nhờ có những sợi gân.|Các khúc xương còn được nối liền nhau nhờ có những sợi gân.
audio_01432|Nước hoa phải sản xuất ở Pháp mới được gọi là xa xỉ.|Nước hoa phải sản xuất ở Pháp mới được gọi là xa xỉ.
audio_01433|Một cái mối quan hệ giữa mình với mình.|Một cái mối quan hệ giữa mình với mình.
audio_01434|Vì vậy mà các thế hệ đời sau của gia đình Red đều bị dinh dáng tới giáo phái cũng như vị thần Hồ bí ẩn này.|Vì vậy mà các thế hệ đời sau của gia đình Red đều bị dinh dáng tới giáo phái cũng như vị thần Hồ bí ẩn này.
audio_01435|Vào năm 1996, Marvel đã nộp đơn xin phá sản bất kể đã nỗ lực tăng nguồn cung sản phẩm.|Vào năm 1996, Marvel đã nộp đơn xin phá sản bất kể đã nỗ lực tăng nguồn cung sản phẩm.
audio_01436|May mắn thầy!|May mắn thầy!
audio_01437|Ma nào ám?|Ma nào ám?
audio_01438|Thì hầu như đơn nọt vô là họ sẽ chấp thuận.|Thì hầu như đơn nọt vô là họ sẽ chấp thuận.
audio_01439|Chiếc xe vẫn có thể sử dụng được sau sự kiện đó nên chúng tôi đã quyết định rời khỏi West Virginia vào ngay sáng ngày hôm sau.|Chiếc xe vẫn có thể sử dụng được sau sự kiện đó nên chúng tôi đã quyết định rời khỏi West Virginia vào ngay sáng ngày hôm sau.
audio_01440|Bắp và đầu bo mình đã luộc chín rồi nha.|Bắp và đầu bo mình đã luộc chín rồi nha.
audio_01441|Sản phẩm và dịch vụ của hãng được đánh giá cao cùng với những chính sách khuyến mãi hấp dẫn. Nếu bạn đang tìm một nơi mua mỹ phẩm giá sỉ tại Hà Nội thì cửa hàng mỹ phẩm Ohui sẽ là lựa chọn đáng để xem xét.|Sản phẩm và dịch vụ của hãng được đánh giá cao cùng với những chính sách khuyến mãi hấp dẫn. Nếu bạn đang tìm một nơi mua mỹ phẩm giá sỉ tại Hà Nội thì cửa hàng mỹ phẩm Ohui sẽ là lựa chọn đáng để xem xét.
audio_01442|Thực chất trước khi phát hành Prey thì hai cái tên này đã rất thành công với hai dự án trước đó là Dishonored và Dishonored 2.|Thực chất trước khi phát hành Prey thì hai cái tên này đã rất thành công với hai dự án trước đó là Dishonored và Dishonored 2.
audio_01443|Bởi lẽ trong thời hậu hiện đại.|Bởi lẽ trong thời hậu hiện đại.
audio_01444|Vì vậy, để đáp ứng nhu cầu của trẻ việc cho ngủ cùng hay ôm ấp trong lòng là điều rất quan trọng.|Vì vậy, để đáp ứng nhu cầu của trẻ việc cho ngủ cùng hay ôm ấp trong lòng là điều rất quan trọng.
audio_01445|Có ai đồng ý không?|Có ai đồng ý không?
audio_01446|Ở đây không có xe.|Ở đây không có xe.
audio_01447|Nhưng trong toàn bộ quá trình tu tập, khái niệm về niềm vui bạn sẽ thấy xuyên suốt.|Nhưng trong toàn bộ quá trình tu tập, khái niệm về niềm vui bạn sẽ thấy xuyên suốt.
audio_01448|Chuộn cho thật đều.|Chuộn cho thật đều.
audio_01449|Và cho thêm 1 phần 4 quả chanh vào trong này.|Và cho thêm 1 phần 4 quả chanh vào trong này.
audio_01450|Và rõ ràng mình quay trở lại câu chuyện của người vợ ở đây.|Và rõ ràng mình quay trở lại câu chuyện của người vợ ở đây.
audio_01451|Sự truy cập liên tục sẽ dẫn tới sự so sánh liên tục và tạo ra những kỳ vọng không hợp lý.|Sự truy cập liên tục sẽ dẫn tới sự so sánh liên tục và tạo ra những kỳ vọng không hợp lý.
audio_01452|Bộ này thì có gì đặc sắc nhỉ? Để tớ nói cho nghe nha.|Bộ này thì có gì đặc sắc nhỉ? Để tớ nói cho nghe nha.
audio_01453|Những bản sắc ấy đã làm nên hồn cốt nơi khởi nguồn nền văn hóa Việt Nam.|Những bản sắc ấy đã làm nên hồn cốt nơi khởi nguồn nền văn hóa Việt Nam.
audio_01454|Nó cũng sẽ pha một chút yếu tố trả thù, khiến nhân vật xuất hiện, người nào người nấy cũng có một kẻ trường tai gai mắt mà bản thân họ rất muốn cho đi ăn gà cúng.|Nó cũng sẽ pha một chút yếu tố trả thù, khiến nhân vật xuất hiện, người nào người nấy cũng có một kẻ trường tai gai mắt mà bản thân họ rất muốn cho đi ăn gà cúng.
audio_01455|Tuy nhiên, đôi khi mọi người không hiểu kịp những câu nói đùa của bạn.|Tuy nhiên, đôi khi mọi người không hiểu kịp những câu nói đùa của bạn.
audio_01456|Vậy so sánh lớn và bé giữa số và string thì sao bạn nghĩ?|Vậy so sánh lớn và bé giữa số và string thì sao bạn nghĩ?
audio_01457|Nên hỗ trợ phổ biến các cái chính sách và định hướng phát triển và định hướng về điều chỉnh luật.|Nên hỗ trợ phổ biến các cái chính sách và định hướng phát triển và định hướng về điều chỉnh luật.
audio_01458|Trinh Liu nhấn mạnh đến việc đã đến lúc Xin Zhao hành động, và thời đại của chủ phú cũng sẽ phải chấm dứt.|Trinh Liu nhấn mạnh đến việc đã đến lúc Xin Zhao hành động, và thời đại của chủ phú cũng sẽ phải chấm dứt.
audio_01459|Mùi này con không nói được ạ.|Mùi này con không nói được ạ.
audio_01460|Chúng ta hoàn toàn có thể chọn đi con đường riêng của mình.|Chúng ta hoàn toàn có thể chọn đi con đường riêng của mình.
audio_01461|Khiến cho các bệnh dịch xuất hiện.|Khiến cho các bệnh dịch xuất hiện.
audio_01462|Bà ta có khả năng di chuyển đến Penumbra, một chiều không gian của bóng tối, nơi những sinh vật bóng tối sinh sống.|Bà ta có khả năng di chuyển đến Penumbra, một chiều không gian của bóng tối, nơi những sinh vật bóng tối sinh sống.
audio_01463|Phút chốc tràn ngập hương thơm thức ăn.|Phút chốc tràn ngập hương thơm thức ăn.
audio_01464|Ở đời có thứ hoa có sắc thì cũng có thứ hoa có hương.|Ở đời có thứ hoa có sắc thì cũng có thứ hoa có hương.
audio_01465|Có đối được không?|Có đối được không?
audio_01466|Nguồn học tập thứ ba là học qua bạn bè và đồng nghiệp.|Nguồn học tập thứ ba là học qua bạn bè và đồng nghiệp.
audio_01467|Những doanh nghiệp và tổ chức mà trước đây mãi mê phát triển, song pha, chinh phạt.|Những doanh nghiệp và tổ chức mà trước đây mãi mê phát triển, song pha, chinh phạt.
audio_01468|Cho nó dậy lên cái mùi thơm nha.|Cho nó dậy lên cái mùi thơm nha.
audio_01469|Hoặc là thậm chí có những cái cuộc trò chuyện qua tin nhắn là đang cãi lộn với nhau luôn.|Hoặc là thậm chí có những cái cuộc trò chuyện qua tin nhắn là đang cãi lộn với nhau luôn.
audio_01470|Nhìn lại thì, số phận đã đối xử rất tốt với Trin.|Nhìn lại thì, số phận đã đối xử rất tốt với Trin.
audio_01471|Chính vì điều này mà cậu liên tục bị những hồn mà ám.|Chính vì điều này mà cậu liên tục bị những hồn mà ám.
audio_01472|Điều này cũng chính là nhược điểm thứ 2 tôi thấy ở kịch bản.|Điều này cũng chính là nhược điểm thứ 2 tôi thấy ở kịch bản.
audio_01473|Nếu cụ không giải quyết.|Nếu cụ không giải quyết.
audio_01474|Trong quá trình xây dựng tổ kiến, ta có thể gacha ra nhiều những chủng loại kiến sở hữu các tính năng đặc biệt.|Trong quá trình xây dựng tổ kiến, ta có thể gacha ra nhiều những chủng loại kiến sở hữu các tính năng đặc biệt.
audio_01475|Tết mỗi ngày một khác.|Tết mỗi ngày một khác.
audio_01476|Hiện đã có một đội xử lý khủng hoảng đang ở cùng với họ.|Hiện đã có một đội xử lý khủng hoảng đang ở cùng với họ.
audio_01477|Chúng ta mỗi người.|Chúng ta mỗi người.
audio_01478|Họ đang viết những điều như.|Họ đang viết những điều như.
audio_01479|Cô dáng chậm chậm bước vào lớp, với khuôn mặt tươi cười như hàng ngày.|Cô dáng chậm chậm bước vào lớp, với khuôn mặt tươi cười như hàng ngày.
audio_01480|Lý do, phết vẫn còn khả năng tăng và giữ lãi suất cao.|Lý do, phết vẫn còn khả năng tăng và giữ lãi suất cao.
audio_01481|Các bạn luôn đấy có thể hướng đến chuyện mua cái nhà to hơn, mua cái xe đẹp hơn mua những vận dụng gia đình cao cấp hơn thì đấy là cái đoạn đoạn muốn.|Các bạn luôn đấy có thể hướng đến chuyện mua cái nhà to hơn, mua cái xe đẹp hơn mua những vận dụng gia đình cao cấp hơn thì đấy là cái đoạn đoạn muốn.
audio_01482|Sự ảnh hưởng của chứng nghiện ngập này cũng chẳng khác gì của heroin và cocaine.|Sự ảnh hưởng của chứng nghiện ngập này cũng chẳng khác gì của heroin và cocaine.
audio_01483|Trong đó tất cả mọi người đều chống lại người nào đó.|Trong đó tất cả mọi người đều chống lại người nào đó.
audio_01484|Thì cứ one audio.|Thì cứ one audio.
audio_01485|Ông có nghĩa là ông nghĩa Việt làm tre.|Ông có nghĩa là ông nghĩa Việt làm tre.
audio_01486|Nếu như cái tên và con số chưa đủ thuyết phục cậu, vậy thì hãy để chất lượng của Rise of the Guardians làm điều đó.|Nếu như cái tên và con số chưa đủ thuyết phục cậu, vậy thì hãy để chất lượng của Rise of the Guardians làm điều đó.
audio_01487|Chỉ cần giọng nói của nhân vật xuất hiện một đoạn ngắn gọn trong teaser thôi các nhân vật vẫn truyền tải được những cảm xúc cùng các nét tính cách rõ ràng.|Chỉ cần giọng nói của nhân vật xuất hiện một đoạn ngắn gọn trong teaser thôi các nhân vật vẫn truyền tải được những cảm xúc cùng các nét tính cách rõ ràng.
audio_01488|Bạn câu hỏi dưới đây sẽ giúp bạn xác định mình có phải là người nhạy cảm không?|Bạn câu hỏi dưới đây sẽ giúp bạn xác định mình có phải là người nhạy cảm không?
audio_01489|Là cái việc nhìn nhận được một cách toàn vẹn bản chất thật sự của vấn đề, bản chất thật sự của sự vật sự việc, của chính bản thân mình hay là của thế giới xung quanh mình.|Là cái việc nhìn nhận được một cách toàn vẹn bản chất thật sự của vấn đề, bản chất thật sự của sự vật sự việc, của chính bản thân mình hay là của thế giới xung quanh mình.
audio_01490|Phần nguyên liệu chính thì gồm có là một ký găng bò.|Phần nguyên liệu chính thì gồm có là một ký găng bò.
audio_01491|Rồi rồi, tới công chuyện rồi.|Rồi rồi, tới công chuyện rồi.
audio_01492|Không ai khó ba đời.|Không ai khó ba đời.
audio_01493|Giòn thơm như vậy là được rồi.|Giòn thơm như vậy là được rồi.
audio_01494|Rồi mình hãy tắt bếp mình mới cho tỏi, ớt và chanh vào nha.|Rồi mình hãy tắt bếp mình mới cho tỏi, ớt và chanh vào nha.
audio_01495|Liệu con có trả lời được câu hỏi của ta không?|Liệu con có trả lời được câu hỏi của ta không?
audio_01496|Từ ngày 3 tháng 6 năm 2020 đến ngày 24 tháng 6 năm 2022, ba đơn vị cho vay trên đã lập hồ sơ, giải ngân 396 khoản vay, tổng dư nợ là 212.725 tỷ đồng.|Từ ngày 3 tháng 6 năm 2020 đến ngày 24 tháng 6 năm 2022, ba đơn vị cho vay trên đã lập hồ sơ, giải ngân 396 khoản vay, tổng dư nợ là 212.725 tỷ đồng.
audio_01497|Trong giai đoạn này cũng vậy.|Trong giai đoạn này cũng vậy.
audio_01498|Vậy thì cái ý đầu tiên này là cái gì?|Vậy thì cái ý đầu tiên này là cái gì?
audio_01499|Khi biết em học kế kiểm, tôi hoàn toàn ngạc nhiên.|Khi biết em học kế kiểm, tôi hoàn toàn ngạc nhiên.
audio_01500|Các hệ thống thường là nguyên nhân hành vi của chính họ.|Các hệ thống thường là nguyên nhân hành vi của chính họ.
audio_01501|Thị trường tiền đệ tử rộng lớn hơn cũng cho thấy nhiều hứa hẹn.|Thị trường tiền đệ tử rộng lớn hơn cũng cho thấy nhiều hứa hẹn.
audio_01502|Giờ nhìn nó em muốn vã cho.|Giờ nhìn nó em muốn vã cho.
audio_01503|Và đó là nhờ hiệu quả của dây thép gai. Mục tiêu của chúng tôi là đảm bảo rằng chúng tôi sẽ phát huy tính hiệu quả của dây thép gai tại nhiều khu vực hơn dọc biên giới.|Và đó là nhờ hiệu quả của dây thép gai. Mục tiêu của chúng tôi là đảm bảo rằng chúng tôi sẽ phát huy tính hiệu quả của dây thép gai tại nhiều khu vực hơn dọc biên giới.
audio_01504|Tình trái học đó là cái việc học về những cái phần của một từ.|Tình trái học đó là cái việc học về những cái phần của một từ.
audio_01505|Đó cũng chính là chủ đề của cuốn sách này.|Đó cũng chính là chủ đề của cuốn sách này.
audio_01506|Đậu nành đưa chất dinh dưỡng trở lại đất và có thể hồi sinh cho những cánh đồng bạc màu vì nhiều chống cây trồng khác.|Đậu nành đưa chất dinh dưỡng trở lại đất và có thể hồi sinh cho những cánh đồng bạc màu vì nhiều chống cây trồng khác.
audio_01507|Tại sao lại có một công ty quyết định đi đến cùng.|Tại sao lại có một công ty quyết định đi đến cùng.
audio_01508|Kết hôn suy cho cùng không phải là cuộc đua với bạn bè.|Kết hôn suy cho cùng không phải là cuộc đua với bạn bè.
audio_01509|Theo nhiều cách, chủ nghĩa phục quốc Do Thái là cuộc nổi dậy chống lại đạo Do Thái xưa cũ.|Theo nhiều cách, chủ nghĩa phục quốc Do Thái là cuộc nổi dậy chống lại đạo Do Thái xưa cũ.
audio_01510|Một nguyên hồn đặc cấp khác mà ta thấy Shuguru sở hữu trong trận đấu với Yuta tại Movie 0.|Một nguyên hồn đặc cấp khác mà ta thấy Shuguru sở hữu trong trận đấu với Yuta tại Movie 0.
audio_01511|Điều này đã nâng tầm phương tức tác chiến của quân đội Hoa Kỳ.|Điều này đã nâng tầm phương tức tác chiến của quân đội Hoa Kỳ.
audio_01512|Không phải do anh đâu.|Không phải do anh đâu.
audio_01513|Gớm cái ông lý trưởng ấy, to như con voi.|Gớm cái ông lý trưởng ấy, to như con voi.
audio_01514|Thay vào đó chúng tôi kêu gọi một cách tiếp cận khác với thế giới số.|Thay vào đó chúng tôi kêu gọi một cách tiếp cận khác với thế giới số.
audio_01515|Kiểu như thế này.|Kiểu như thế này.
audio_01516|Đến nay, giá trị giải ngân 3 chương trình đạt gần 113 tỷ đồng, đạt 76,4%.|Đến nay, giá trị giải ngân 3 chương trình đạt gần 113 tỷ đồng, đạt 76,4%.
audio_01517|Nhóm thanh niên bị cô nàng hạ gục để cứu Misao lần trước là thành phần thuộc một băng nhóm bất trị. Bọn họ thấy nhục nhã khi thành viên của nhóm bị con gái hạ gục.|Nhóm thanh niên bị cô nàng hạ gục để cứu Misao lần trước là thành phần thuộc một băng nhóm bất trị. Bọn họ thấy nhục nhã khi thành viên của nhóm bị con gái hạ gục.
audio_01518|Nếu như chúng ta hoạt động chỉ để lấy tư cách bác nhân để đi xưng danh, dư khóa thu về, doanh thu về thì chúng ta chỉ cần tốn khoảng dưới 12 triệu để duy trì doanh nghiệp này thôi ha.|Nếu như chúng ta hoạt động chỉ để lấy tư cách bác nhân để đi xưng danh, dư khóa thu về, doanh thu về thì chúng ta chỉ cần tốn khoảng dưới 12 triệu để duy trì doanh nghiệp này thôi ha.
audio_01519|Khi giáo viên bước vào lớp đương nhiên họ chỉ muốn dạy học chứ không muốn kỷ luật học sinh.|Khi giáo viên bước vào lớp đương nhiên họ chỉ muốn dạy học chứ không muốn kỷ luật học sinh.
audio_01520|Đang cạnh tranh song phẳng.|Đang cạnh tranh song phẳng.
audio_01521|Khái niệm về động lực.|Khái niệm về động lực.
audio_01522|Rất là lớn.|Rất là lớn.
audio_01523|Thứ nhất, cái bậc 1 trước kia chị chỉ được hưởng có 50kW.|Thứ nhất, cái bậc 1 trước kia chị chỉ được hưởng có 50kW.
audio_01524|Mà không thấy đường để né đòn nữa!|Mà không thấy đường để né đòn nữa!
audio_01525|Thì ở cái góc độ của các bạn trẻ mới bước ra đời, đứng giữa hai cái luận ý kiến trái ngược nhau như vậy, chắc chắn là các bạn không thể nào tránh khỏi được cái cảm giác là bị bối rối, rằng như vậy thì ai đúng ai sai.|Thì ở cái góc độ của các bạn trẻ mới bước ra đời, đứng giữa hai cái luận ý kiến trái ngược nhau như vậy, chắc chắn là các bạn không thể nào tránh khỏi được cái cảm giác là bị bối rối, rằng như vậy thì ai đúng ai sai.
audio_01526|Để được coi là sắp nhập chứ không phải mua lại, các công ty cần có quy mô hoạt động, doanh thu, lợi nhuận, giá trị thị trường và cơ sở khách hàng tương tự.|Để được coi là sắp nhập chứ không phải mua lại, các công ty cần có quy mô hoạt động, doanh thu, lợi nhuận, giá trị thị trường và cơ sở khách hàng tương tự.
audio_01527|Trong bối cảnh ấy, tỷ lệ ủng hộ của công chúng Nga dành cho Tổng thống Putin luôn ở mức cao.|Trong bối cảnh ấy, tỷ lệ ủng hộ của công chúng Nga dành cho Tổng thống Putin luôn ở mức cao.
audio_01528|Nửa muỗng cà phê đường.|Nửa muỗng cà phê đường.
audio_01529|Phải vậy chơ.|Phải vậy chơ.
audio_01530|Chẳng mấy khi thấy đôi chim cu đi cùng nhau thế này.|Chẳng mấy khi thấy đôi chim cu đi cùng nhau thế này.
audio_01531|Mình sẽ đánh khoảng 40 giây để bơ mềm ra.|Mình sẽ đánh khoảng 40 giây để bơ mềm ra.
audio_01532|Nhưng với việc bóng ma hậu gái mà ta đã gặp ở đầu trò chơi thì chắc chắn một trong số những hậu gái ở đây là kỹ giả mạo.|Nhưng với việc bóng ma hậu gái mà ta đã gặp ở đầu trò chơi thì chắc chắn một trong số những hậu gái ở đây là kỹ giả mạo.
audio_01533|Nhưng những nỗ lực của họ đã thúc đẩy sự thay đổi chung trong chính sách của công ty.|Nhưng những nỗ lực của họ đã thúc đẩy sự thay đổi chung trong chính sách của công ty.
audio_01534|À phải rồi, tớ quên mất.|À phải rồi, tớ quên mất.
audio_01535|Chiếc bánh mì cháy chưa nhỉ?|Chiếc bánh mì cháy chưa nhỉ?
audio_01536|Nè cái nguyên liệu mình đã để cho nó nguội rồi nè.|Nè cái nguyên liệu mình đã để cho nó nguội rồi nè.
audio_01537|Để xem phần 4 mang đến bí ẩn gì tiếp theo nhé.|Để xem phần 4 mang đến bí ẩn gì tiếp theo nhé.
audio_01538|Nói về cá thì cũng có dăm bảy loại.|Nói về cá thì cũng có dăm bảy loại.
audio_01539|Về đến nhà, cả người đều dịu dã.|Về đến nhà, cả người đều dịu dã.
audio_01540|Vậy là món kem trân trâu đường đen của mình đã xong.|Vậy là món kem trân trâu đường đen của mình đã xong.
audio_01541|Tham lao cho địa ngục không phải tên là Marmon, mà nó phải tên là Gacha mới đúng các bạn ạ.|Tham lao cho địa ngục không phải tên là Marmon, mà nó phải tên là Gacha mới đúng các bạn ạ.
audio_01542|Dạng dày kinh nghiệm.|Dạng dày kinh nghiệm.
audio_01543|Cô ả lại trưng ra bộ mặt vui vẻ dịu dàng như không có gì.|Cô ả lại trưng ra bộ mặt vui vẻ dịu dàng như không có gì.
audio_01544|Cá nổi lên là đã chín rồi.|Cá nổi lên là đã chín rồi.
audio_01545|Rau câu với lại bánh lăng.|Rau câu với lại bánh lăng.
audio_01546|Baking soda giúp cho bánh giòn và có màu nâu đậm hơn.|Baking soda giúp cho bánh giòn và có màu nâu đậm hơn.
audio_01547|Tuy nhiên, đến giữa những năm 1980, áp lực gia tăng từ cuộc cạnh tranh ngày càng tàn khắc, không chỉ với các công ty trong nước mà còn với những nhà sản xuất Nhật Bản đã làm giảm thị phần của chúng tôi.|Tuy nhiên, đến giữa những năm 1980, áp lực gia tăng từ cuộc cạnh tranh ngày càng tàn khắc, không chỉ với các công ty trong nước mà còn với những nhà sản xuất Nhật Bản đã làm giảm thị phần của chúng tôi.
audio_01548|Khi bạn cắt số 8 làm đôi, nó sẽ biến thành 2 số 0.|Khi bạn cắt số 8 làm đôi, nó sẽ biến thành 2 số 0.
audio_01549|Khoảng năm tháng rồi.|Khoảng năm tháng rồi.
audio_01550|Lưu ý rằng đây không phải là chiến dịch phản công mà chỉ là một đòn nhựa, đòn dò thám, để xác định vị trí lực lượng Nga và gửi định vị cho pháo binh xử lý.|Lưu ý rằng đây không phải là chiến dịch phản công mà chỉ là một đòn nhựa, đòn dò thám, để xác định vị trí lực lượng Nga và gửi định vị cho pháo binh xử lý.
audio_01551|Mình nên sống như thế nào mới thấy giá trị và xứng đáng.|Mình nên sống như thế nào mới thấy giá trị và xứng đáng.
audio_01552|Với Bippy thì đúng là chẳng biết đâu mà lần.|Với Bippy thì đúng là chẳng biết đâu mà lần.
audio_01553|Hay cổ phiếu tăng trưởng nhanh.|Hay cổ phiếu tăng trưởng nhanh.
audio_01554|Tác giả đã thông qua 3 mối quan hệ tình cảm của cô gái Esmeralda, ghép thành một tấm gương to lớn phản ánh sự quỵ lị, ích kỷ và tham lam trong bản chất con người chúng ta.|Tác giả đã thông qua 3 mối quan hệ tình cảm của cô gái Esmeralda, ghép thành một tấm gương to lớn phản ánh sự quỵ lị, ích kỷ và tham lam trong bản chất con người chúng ta.
audio_01555|Chúc quý đọc giả nhiều niềm vui và nhiều hưng phấn trong suy tư và sáng tạo.|Chúc quý đọc giả nhiều niềm vui và nhiều hưng phấn trong suy tư và sáng tạo.
audio_01556|Mario thừa nhận với Deborah và Quinn rằng anh ta đã đâm một người đàn ông ở Nicaragua, nhưng đó là vì lý do trinh đáng, và người đàn ông này đã sống sót.|Mario thừa nhận với Deborah và Quinn rằng anh ta đã đâm một người đàn ông ở Nicaragua, nhưng đó là vì lý do trinh đáng, và người đàn ông này đã sống sót.
audio_01557|Tức là khi mà N tăng lên 4 lần thì căn của N sẽ tăng lên 2 lần.|Tức là khi mà N tăng lên 4 lần thì căn của N sẽ tăng lên 2 lần.
audio_01558|Lưu trữ nhiều tài liệu hơn.|Lưu trữ nhiều tài liệu hơn.
audio_01559|Còn thì cho người khác người ta làm ăn với.|Còn thì cho người khác người ta làm ăn với.
audio_01560|Như lần này lần 7 thì nó khác.|Như lần này lần 7 thì nó khác.
audio_01561|Thì bây giờ mình sẽ dẫn mọi người qua một cái hồ nữa đó là hồ Ô Thâm nha.|Thì bây giờ mình sẽ dẫn mọi người qua một cái hồ nữa đó là hồ Ô Thâm nha.
audio_01562|Về mình sẽ ăn ngay một bát ốc 5 đồng.|Về mình sẽ ăn ngay một bát ốc 5 đồng.
audio_01563|Vì sao bạn làm thế?|Vì sao bạn làm thế?
audio_01564|Ngoài Bad Ending và Good Ending chính mà tôi đề cập ở bên trên, chúng ta sẽ còn hai Bad Ending nữa.|Ngoài Bad Ending và Good Ending chính mà tôi đề cập ở bên trên, chúng ta sẽ còn hai Bad Ending nữa.
audio_01565|Apple không có sự đa dạng.|Apple không có sự đa dạng.
audio_01566|Chi phí vận chuyển, container hàng nhập khẩu đều bị đổi giá thêm.|Chi phí vận chuyển, container hàng nhập khẩu đều bị đổi giá thêm.
audio_01567|Để mày đủ lông đủ cánh tự đi phân tích doanh nghiệp, phân tích thị trường thì mất 5 đến 10 năm nữa.|Để mày đủ lông đủ cánh tự đi phân tích doanh nghiệp, phân tích thị trường thì mất 5 đến 10 năm nữa.
audio_01568|Vào nhà, vào nhà ngồi đi.|Vào nhà, vào nhà ngồi đi.
audio_01569|Mục tiêu cho 100 ngày của tôi là, giàu nhất có thể, tiêu diệt rồng, tiêu diệt huy thở, khám phá hang động lắc cây, và hang động thạch nhũ.|Mục tiêu cho 100 ngày của tôi là, giàu nhất có thể, tiêu diệt rồng, tiêu diệt huy thở, khám phá hang động lắc cây, và hang động thạch nhũ.
audio_01570|Cô Joan Dashwood chưa bao giờ được gia đình chồng yêu quý.|Cô Joan Dashwood chưa bao giờ được gia đình chồng yêu quý.
audio_01571|Tôi gặng hỏi lão để xác thực lại một lần nữa về mục đích lão ta muốn sử dụng tôi.|Tôi gặng hỏi lão để xác thực lại một lần nữa về mục đích lão ta muốn sử dụng tôi.
audio_01572|Cô ta lần lại tiếp cận anh chàng và bắt đầu gạ gẫm, con mồi vừa buông lỏng cảnh giác, Montana lập tức đâm ba nhát dao lên cơ thể anh chàng xấu xố.|Cô ta lần lại tiếp cận anh chàng và bắt đầu gạ gẫm, con mồi vừa buông lỏng cảnh giác, Montana lập tức đâm ba nhát dao lên cơ thể anh chàng xấu xố.
audio_01573|Đây là những chiếc chân gà đã được mai rút xương.|Đây là những chiếc chân gà đã được mai rút xương.
audio_01574|Cụ tổ nhà ta biết trước điều đó, nên đã mời ông bò vẽ cùng đi theo.|Cụ tổ nhà ta biết trước điều đó, nên đã mời ông bò vẽ cùng đi theo.
audio_01575|Trung quanh có lưới thép hoặc gỗ tre để làm hàng rào bảo vệ.|Trung quanh có lưới thép hoặc gỗ tre để làm hàng rào bảo vệ.
audio_01576|Tại khách sạn ở Lima.|Tại khách sạn ở Lima.
audio_01577|Kỹ năng viết.|Kỹ năng viết.
audio_01578|Còn phần lớn nhất lại để trong trứng khoán là 31%.|Còn phần lớn nhất lại để trong trứng khoán là 31%.
audio_01579|Khi mà 6 giờ báo thức nó reo thì họ bảo là sớm quá.|Khi mà 6 giờ báo thức nó reo thì họ bảo là sớm quá.
audio_01580|Và khi nào có thể kết hợp chúng lại để tạo ra sản phẩm hoàn thiện.|Và khi nào có thể kết hợp chúng lại để tạo ra sản phẩm hoàn thiện.
audio_01581|Tuy Six ở chế độ này được cấp một chiếc xe nhưng tốc độ của nó không thay đổi.|Tuy Six ở chế độ này được cấp một chiếc xe nhưng tốc độ của nó không thay đổi.
audio_01582|Thậm chí nghe cái tên Ấn Độ cũng là từ để ám chỉ tới nền văn minh Sông Ấn.|Thậm chí nghe cái tên Ấn Độ cũng là từ để ám chỉ tới nền văn minh Sông Ấn.
audio_01583|Nên tôi mới khuyến khích các bạn đọc sách là như vậy đó.|Nên tôi mới khuyến khích các bạn đọc sách là như vậy đó.
audio_01584|Nếu cảm thấy đồng cảm với những lời tâm tình này, đừng quên ấn theo dõi kênh để đón nghe những tập podcast tiếp theo của Sống Như Ý nhé.|Nếu cảm thấy đồng cảm với những lời tâm tình này, đừng quên ấn theo dõi kênh để đón nghe những tập podcast tiếp theo của Sống Như Ý nhé.
audio_01585|Hôm nay, chúng ta hãy cùng tìm hiểu drama của McDonald's trong video lần này.|Hôm nay, chúng ta hãy cùng tìm hiểu drama của McDonald's trong video lần này.
audio_01586|Cậu thanh niên này là Genos.|Cậu thanh niên này là Genos.
audio_01587|Cho dầu vào và tiếp tục đợi cho dầu nóng.|Cho dầu vào và tiếp tục đợi cho dầu nóng.
audio_01588|Trở lại nhà mình.|Trở lại nhà mình.
audio_01589|Thì mình bó xong rồi.|Thì mình bó xong rồi.
audio_01590|Con không nhận ra vấn đề à.|Con không nhận ra vấn đề à.
audio_01591|Đèn điện ở một tiệm thuốc soi sáng một góc phố.|Đèn điện ở một tiệm thuốc soi sáng một góc phố.
audio_01592|Mặt trái của lợi tức này là nó kéo theo dân số già đi nhanh chóng, nghĩa là gia tăng số lượng người nghỉ hưu so với người lao động.|Mặt trái của lợi tức này là nó kéo theo dân số già đi nhanh chóng, nghĩa là gia tăng số lượng người nghỉ hưu so với người lao động.
audio_01593|Do việc sưu tầm ghép cây kỳ công tốn kém, nên giá quất cảnh thăng khá đắt so với các loại khác.|Do việc sưu tầm ghép cây kỳ công tốn kém, nên giá quất cảnh thăng khá đắt so với các loại khác.
audio_01594|Hay cụ đớn đâu.|Hay cụ đớn đâu.
audio_01595|Còn nơi nói mẹ nghe, mẹ có làm gì sai không?|Còn nơi nói mẹ nghe, mẹ có làm gì sai không?
audio_01596|Và như vậy thì rất cần sự phối hợp từ phía phường Phước Mỹ và các cơ quan chức năng để giải quyết rốt ráo.|Và như vậy thì rất cần sự phối hợp từ phía phường Phước Mỹ và các cơ quan chức năng để giải quyết rốt ráo.
audio_01597|Vì vậy, chúng ta hãy cùng hy vọng rằng trong năm 2024 các hãng sẽ có những nâng cấp đáng chú ý hơn nhé.|Vì vậy, chúng ta hãy cùng hy vọng rằng trong năm 2024 các hãng sẽ có những nâng cấp đáng chú ý hơn nhé.
audio_01598|Không biết mọi người có mong chờ gì ở phần phim thứ tư này hay không?|Không biết mọi người có mong chờ gì ở phần phim thứ tư này hay không?
audio_01599|Thì nó đã mang lại một số tiền không nhỏ cho ban quản lý của ngôi đền mà chúng tôi vừa nhắc tới.|Thì nó đã mang lại một số tiền không nhỏ cho ban quản lý của ngôi đền mà chúng tôi vừa nhắc tới.
audio_01600|Cùng với một cô gái bí ẩn tên là Shiro, giờ đây Kanta phải cố gắng để sống sót.|Cùng với một cô gái bí ẩn tên là Shiro, giờ đây Kanta phải cố gắng để sống sót.
audio_01601|Cứ thấy.|Cứ thấy.
audio_01602|Mặc dù nói như vậy.|Mặc dù nói như vậy.
audio_01603|Đối với dừa non này thì chất dầu trong dừa cũng ít lắm.|Đối với dừa non này thì chất dầu trong dừa cũng ít lắm.
audio_01604|Arin và Sora sống tại thành phố nơi rào giữa 16 cõi mà theo như Sora mô tả là có tất cả mọi thứ từ mọi cõi.|Arin và Sora sống tại thành phố nơi rào giữa 16 cõi mà theo như Sora mô tả là có tất cả mọi thứ từ mọi cõi.
audio_01605|Tôi cá rằng, mạch nước Full Fly Geyser ở giữa sa mạc Nevada được tạo ra một phần vì con người trở nên ghen tị với nơi đó.|Tôi cá rằng, mạch nước Full Fly Geyser ở giữa sa mạc Nevada được tạo ra một phần vì con người trở nên ghen tị với nơi đó.
audio_01606|Nếu biết cách luyện tập đúng đắn, phần phách, vía, thần sát sẽ không thể phong tỏa, cản ngăn được tâm linh hòa nhập về với Niết Bàn.|Nếu biết cách luyện tập đúng đắn, phần phách, vía, thần sát sẽ không thể phong tỏa, cản ngăn được tâm linh hòa nhập về với Niết Bàn.
audio_01607|Bất ngờ bị yêu cầu kiểm tra nồng độ cồn.|Bất ngờ bị yêu cầu kiểm tra nồng độ cồn.
audio_01608|Người đàn ông kia mở mắt ra nói.|Người đàn ông kia mở mắt ra nói.
audio_01609|Tuy nhiên mình cũng không được nướng quá lâu.|Tuy nhiên mình cũng không được nướng quá lâu.
audio_01610|Cậu ta, Becky và Lottie, sống tại ngôi nhà của cô Michin.|Cậu ta, Becky và Lottie, sống tại ngôi nhà của cô Michin.
audio_01611|Để dễ nhìn thì mình sẽ chuyển cột cells qua kế bên cột other j luôn.|Để dễ nhìn thì mình sẽ chuyển cột cells qua kế bên cột other j luôn.
audio_01612|Tháng 3 năm 1964, Johnson cử McNamara sang Việt Nam với lời căn dặn phải làm sao cho mọi người dân miền Nam Việt Nam thấy rằng tướng Khánh là người của ta.|Tháng 3 năm 1964, Johnson cử McNamara sang Việt Nam với lời căn dặn phải làm sao cho mọi người dân miền Nam Việt Nam thấy rằng tướng Khánh là người của ta.
audio_01613|Mà người ta còn không cho rằng họ sai.|Mà người ta còn không cho rằng họ sai.
audio_01614|Chặt chẽ các cái khu vực trọng điểm không để xảy ra cháy và phát hiện kịp thời để mà dập tắt này không để cháy lan cháy lớn.|Chặt chẽ các cái khu vực trọng điểm không để xảy ra cháy và phát hiện kịp thời để mà dập tắt này không để cháy lan cháy lớn.
audio_01615|Có một chi tiết thú vị ở đây, bức tranh thuật lại cuộc viễn trình nhằm chống nhất cứu giới đã được chỉnh sửa đáng kể tạo hình của Hela.|Có một chi tiết thú vị ở đây, bức tranh thuật lại cuộc viễn trình nhằm chống nhất cứu giới đã được chỉnh sửa đáng kể tạo hình của Hela.
audio_01616|Hai chân chúng ta đặt vào mông.|Hai chân chúng ta đặt vào mông.
audio_01617|Một ngày Tết nọ, đám định dân đến nhà quan huyện, gặp vợ quan huyện để hỏi.|Một ngày Tết nọ, đám định dân đến nhà quan huyện, gặp vợ quan huyện để hỏi.
audio_01618|Căn bản vì có một cảm hứng đột xuất.|Căn bản vì có một cảm hứng đột xuất.
audio_01619|Thì lỡ mất tàu.|Thì lỡ mất tàu.
audio_01620|Thơm cái mùi bánh gói lá chuối.|Thơm cái mùi bánh gói lá chuối.
audio_01621|Hai người lại gặp hai người.|Hai người lại gặp hai người.
audio_01622|Bún giò heo là một món ngon mà mình khuyên thường nấu khi nhà có khách.|Bún giò heo là một món ngon mà mình khuyên thường nấu khi nhà có khách.
audio_01623|Khoảng 2 năm trước khi An Ki-di và nhóm của mình quyết định nỗ lực tìm hiểu về Yemen, một YouTuber địa phương có tên là Hadramaut đã đưa ra một ý tưởng khám phá tuyệt vời.|Khoảng 2 năm trước khi An Ki-di và nhóm của mình quyết định nỗ lực tìm hiểu về Yemen, một YouTuber địa phương có tên là Hadramaut đã đưa ra một ý tưởng khám phá tuyệt vời.
audio_01624|Lần này chúng ta sẽ đi thế nào đấy ạ?|Lần này chúng ta sẽ đi thế nào đấy ạ?
audio_01625|Và ăn thôi.|Và ăn thôi.
audio_01626|Và ở một cái trạng thái là hoàn toàn thoải mái, không bị làm phiền cả.|Và ở một cái trạng thái là hoàn toàn thoải mái, không bị làm phiền cả.
audio_01627|Tiếp theo sẽ là một số thông tin đáng chú ý trong đối quốc tế.|Tiếp theo sẽ là một số thông tin đáng chú ý trong đối quốc tế.
audio_01628|Bên cạnh kết quả đạt được, việc thực hiện một số giải pháp phòng ngừa tham nhũng ở một số cơ quan đơn vị địa phương chưa tốt, nhất là việc tự kiểm tra, tự phát hiện và xử lý tham nhũng tiêu cực trong nội bộ cơ quan đơn vị.|Bên cạnh kết quả đạt được, việc thực hiện một số giải pháp phòng ngừa tham nhũng ở một số cơ quan đơn vị địa phương chưa tốt, nhất là việc tự kiểm tra, tự phát hiện và xử lý tham nhũng tiêu cực trong nội bộ cơ quan đơn vị.
audio_01629|Mình cũng thật lòng với Thịnh và muốn bù đắp những đau buồn trong quá khứ của anh.|Mình cũng thật lòng với Thịnh và muốn bù đắp những đau buồn trong quá khứ của anh.
audio_01630|Trời ơi, không ké được mạng rồi.|Trời ơi, không ké được mạng rồi.
audio_01631|Trong đó có 85 ha rừng do người dân tự bỏ vốn để trồng. Độ che phủ rừng đạt 61,2%.|Trong đó có 85 ha rừng do người dân tự bỏ vốn để trồng. Độ che phủ rừng đạt 61,2%.
audio_01632|Đã là đặc sản, thì dù mức độ phổ biến rộng hẹp khác nhau, nhưng bất cứ ai từng được thưởng thức thải đều thấy thích.|Đã là đặc sản, thì dù mức độ phổ biến rộng hẹp khác nhau, nhưng bất cứ ai từng được thưởng thức thải đều thấy thích.
audio_01633|Cái phần quan trọng nhất mà tôi muốn truyền tải đến các bạn.|Cái phần quan trọng nhất mà tôi muốn truyền tải đến các bạn.
audio_01634|Tôi vì yêu Linh.|Tôi vì yêu Linh.
audio_01635|Nghe cô giáo nói.|Nghe cô giáo nói.
audio_01636|Và anh kể rằng sau khoảng nửa năm anh đã cảm nhận được sự áp lực vì toàn bộ sổ vốn ban đầu đã được đầu tư vào việc nuôi run quế và anh chưa thấy bất kỳ khoản lợi nhuận nào từ đó.|Và anh kể rằng sau khoảng nửa năm anh đã cảm nhận được sự áp lực vì toàn bộ sổ vốn ban đầu đã được đầu tư vào việc nuôi run quế và anh chưa thấy bất kỳ khoản lợi nhuận nào từ đó.
audio_01637|Được quốc xã của Hitler xụp đổ.|Được quốc xã của Hitler xụp đổ.
audio_01638|Vẽ một đường thẳng đứng có chiều dài bằng với đường nằm ngang.|Vẽ một đường thẳng đứng có chiều dài bằng với đường nằm ngang.
audio_01639|Nhịp tim của Casey đập lên thỉnh thịch, văng vẳng trong đầu của cậu ấy, nhưng nó vẫn không thể áp đi được tính cao và một thứ gì đó bằng gỗ. Thoát ra khỏi đâu cơ?|Nhịp tim của Casey đập lên thỉnh thịch, văng vẳng trong đầu của cậu ấy, nhưng nó vẫn không thể áp đi được tính cao và một thứ gì đó bằng gỗ. Thoát ra khỏi đâu cơ?
audio_01640|Tuy nhiên, không có vô hạn hay những thứ định loại, nhưng ngăn được mọi thứ chạm vào cậu, thì khả năng ăn một gậy từ đòn chém của Su cũng không phải là điều không thể xảy ra, nếu như Yuta thực sự là vào trận đấu với Su.|Tuy nhiên, không có vô hạn hay những thứ định loại, nhưng ngăn được mọi thứ chạm vào cậu, thì khả năng ăn một gậy từ đòn chém của Su cũng không phải là điều không thể xảy ra, nếu như Yuta thực sự là vào trận đấu với Su.
audio_01641|Trừ khi bạn sống ở miền đông nước Úc.|Trừ khi bạn sống ở miền đông nước Úc.
audio_01642|Đây là khu định cư nằm ở giữa ba khu vực mà quân đội Nga hoạt động rất mạnh mẽ.|Đây là khu định cư nằm ở giữa ba khu vực mà quân đội Nga hoạt động rất mạnh mẽ.
audio_01643|Còn nếu mà các bạn không thích thì thôi cũng được.|Còn nếu mà các bạn không thích thì thôi cũng được.
audio_01644|Cùng với hội báo xuân cuộc thi Ấn phẩm xuân giáp thình 2024 Thành phố Cần Thơ tiếp tục được thực hiện, bang tổ chức đã nhận được 13 Ấn phẩm xuân dự thi của các quận, nguyện và sở ban ngành đoàn thể Thành phố Cần Thơ.|Cùng với hội báo xuân cuộc thi Ấn phẩm xuân giáp thình 2024 Thành phố Cần Thơ tiếp tục được thực hiện, bang tổ chức đã nhận được 13 Ấn phẩm xuân dự thi của các quận, nguyện và sở ban ngành đoàn thể Thành phố Cần Thơ.
audio_01645|Còn ngân hàng vẫn ok mà. Đúng không?|Còn ngân hàng vẫn ok mà. Đúng không?
audio_01646|Mẹ em là một bà mẹ đơn thân. Một mình mẹ làm lũng vất vả để nuôi em khôn lớn.|Mẹ em là một bà mẹ đơn thân. Một mình mẹ làm lũng vất vả để nuôi em khôn lớn.
audio_01647|Ủy ban khởi nghĩa, lãnh đạo quân chúng danh chính quyền.|Ủy ban khởi nghĩa, lãnh đạo quân chúng danh chính quyền.
audio_01648|Thực vật yêu thương chúng ta, cho chúng ta thức ăn, chỗ ở và khí sạch để thở.|Thực vật yêu thương chúng ta, cho chúng ta thức ăn, chỗ ở và khí sạch để thở.
audio_01649|Đây sẽ là một con quái vật sở hữu hàm răng kỳ dị.|Đây sẽ là một con quái vật sở hữu hàm răng kỳ dị.
audio_01650|Kẻ nào sở hữu chiếc mặt nạ sẽ có thể chạm đến nguồn sức mạnh vô tận của chi thức.|Kẻ nào sở hữu chiếc mặt nạ sẽ có thể chạm đến nguồn sức mạnh vô tận của chi thức.
audio_01651|Tất cả chúng ta đều cần lối sống Spartan.|Tất cả chúng ta đều cần lối sống Spartan.
audio_01652|Trong mắt cha mẹ Việt Nam, nuôi dạy những đứa con ngoan, có thành tích học thật giỏi ở trường, thi đỗ những trường đại học lớn và ra trường có một chỗ làm việc lương cao, có địa vị xã hội, thường thế như vậy được xem là nuôi dạy con thành công.|Trong mắt cha mẹ Việt Nam, nuôi dạy những đứa con ngoan, có thành tích học thật giỏi ở trường, thi đỗ những trường đại học lớn và ra trường có một chỗ làm việc lương cao, có địa vị xã hội, thường thế như vậy được xem là nuôi dạy con thành công.
audio_01653|Có câu, ếch kêu uôm uôm, ao chuông đầy nước.|Có câu, ếch kêu uôm uôm, ao chuông đầy nước.
audio_01654|Moxie không quá mạnh mẽ trong những trận chiến tay đôi hay có sự gan dạ tự tin để sông sáo trong mọi chuyện, nhưng lại là một người chồng vô cùng lãng mạn và luôn muốn trở thành một người chồng thật tốt, thật hoàn hảo với vợ mình.|Moxie không quá mạnh mẽ trong những trận chiến tay đôi hay có sự gan dạ tự tin để sông sáo trong mọi chuyện, nhưng lại là một người chồng vô cùng lãng mạn và luôn muốn trở thành một người chồng thật tốt, thật hoàn hảo với vợ mình.
audio_01655|Vào lúc 3 giờ sáng, là họ giúp bạn đóng lại cánh cửa mình quên đóng để không có chuyện gì xấu xảy ra với bạn.|Vào lúc 3 giờ sáng, là họ giúp bạn đóng lại cánh cửa mình quên đóng để không có chuyện gì xấu xảy ra với bạn.
audio_01656|Mình xúc tầm khoảng 1 phần 3, 1 phần 4 cái muỗng canh thôi các bạn nha.|Mình xúc tầm khoảng 1 phần 3, 1 phần 4 cái muỗng canh thôi các bạn nha.
audio_01657|Đã làm gì.|Đã làm gì.
audio_01658|Vâng, các bạn có thể nhớ lại rằng, khi Jeff trình đấu với Randy, một cái gì đó trong tâm trí của Jeff, đã làm hắn mất đi sự tỉnh táo.|Vâng, các bạn có thể nhớ lại rằng, khi Jeff trình đấu với Randy, một cái gì đó trong tâm trí của Jeff, đã làm hắn mất đi sự tỉnh táo.
audio_01659|Nói đến cách bạn cống hiến cho thế giới này.|Nói đến cách bạn cống hiến cho thế giới này.
audio_01660|Ồ đúng rồi.|Ồ đúng rồi.
audio_01661|Thì mình sẽ cho vô đây là tầm nửa muỗng cà phê thôi.|Thì mình sẽ cho vô đây là tầm nửa muỗng cà phê thôi.
audio_01662|Thì chỉ một thời gian ngắn sau đó.|Thì chỉ một thời gian ngắn sau đó.
audio_01663|Thì mình có thể cho mứt dâu, mứt xoài, mứt cát.|Thì mình có thể cho mứt dâu, mứt xoài, mứt cát.
audio_01664|Cháu có thể mở cửa được rồi đó.|Cháu có thể mở cửa được rồi đó.
audio_01665|Chỉ duy nhất một nguyên tắc cốt lõi là không có một xã hội nào đáng để phục vụ mà phẩm giá cá nhân của các thành viên trong đó không được xem trọng như nhau.|Chỉ duy nhất một nguyên tắc cốt lõi là không có một xã hội nào đáng để phục vụ mà phẩm giá cá nhân của các thành viên trong đó không được xem trọng như nhau.
audio_01666|Thậm chí, Mahito còn có thể tự chữa lành vết thương của bản thân từ chính thuật thức của hắn.|Thậm chí, Mahito còn có thể tự chữa lành vết thương của bản thân từ chính thuật thức của hắn.
audio_01667|Mỗi ngày.|Mỗi ngày.
audio_01668|Trước khi mình nói cái này thì mình sẽ nói cái cấu trúc thi nhé.|Trước khi mình nói cái này thì mình sẽ nói cái cấu trúc thi nhé.
audio_01669|Mở thì chụp tab không tắt luôn.|Mở thì chụp tab không tắt luôn.
audio_01670|Ít nhất 576.000 người ở giải Gaza, tương đương 25% dân số, đang đối diện với nguy cơ nạn đói.|Ít nhất 576.000 người ở giải Gaza, tương đương 25% dân số, đang đối diện với nguy cơ nạn đói.
audio_01671|Trong đó, ngày 30 Tết là ngày trọng điểm với khối lượng rác dự kiến tăng gấp 3 lần bình thường.|Trong đó, ngày 30 Tết là ngày trọng điểm với khối lượng rác dự kiến tăng gấp 3 lần bình thường.
audio_01672|Thì tiếp sau nó lại là một loạt những câu hỏi khác.|Thì tiếp sau nó lại là một loạt những câu hỏi khác.
audio_01673|Và người đề xướng là nhà bác học người Pháp Lévi-Strauss.|Và người đề xướng là nhà bác học người Pháp Lévi-Strauss.
audio_01674|Mình sẽ khởi tạo 3 biến với 3 thông điệp khác nhau.|Mình sẽ khởi tạo 3 biến với 3 thông điệp khác nhau.
audio_01675|Những dữ liệu đáng lo ngại cho thấy chúng ta càng lúc càng dành nhiều thời gian trong ngày cho những giải pháp ngắn hạn để rồi lỡ mất cơ hội cải thiện chất lượng cuộc sống theo cách bệnh lâu.|Những dữ liệu đáng lo ngại cho thấy chúng ta càng lúc càng dành nhiều thời gian trong ngày cho những giải pháp ngắn hạn để rồi lỡ mất cơ hội cải thiện chất lượng cuộc sống theo cách bệnh lâu.
audio_01676|Khi đã xây dựng cho trẻ một mục tiêu mà trẻ muốn đạt được trong tương lai, trẻ sẽ có động lực học tập và luôn ghi nhớ trong lòng rằng phải cố gắng thật nhiều để đạt được những điều mình mong muốn.|Khi đã xây dựng cho trẻ một mục tiêu mà trẻ muốn đạt được trong tương lai, trẻ sẽ có động lực học tập và luôn ghi nhớ trong lòng rằng phải cố gắng thật nhiều để đạt được những điều mình mong muốn.
audio_01677|Bạn có biết cách chiên cơm này chưa?|Bạn có biết cách chiên cơm này chưa?
audio_01678|À thì ra đó là vậy, mình có khả năng sắp xếp kế hoạch đúng hơn, mình đừng có trần trừ trì hoãn để mình làm nó liền hơn.|À thì ra đó là vậy, mình có khả năng sắp xếp kế hoạch đúng hơn, mình đừng có trần trừ trì hoãn để mình làm nó liền hơn.
audio_01679|Cái phong trào phát triển, văn hóa đọc góp phần xây dựng trí thức của con người Việt Nam đến Bệnh đất Quảng Trì đã có những cái chuyển biến rất tốt.|Cái phong trào phát triển, văn hóa đọc góp phần xây dựng trí thức của con người Việt Nam đến Bệnh đất Quảng Trì đã có những cái chuyển biến rất tốt.
audio_01680|Thì hãy làm về nội dung đấy.|Thì hãy làm về nội dung đấy.
audio_01681|Đến 18 giờ cùng ngày, bị cáo mặc áo khoác ngoài màu đen, đội mũ bảo hiểm màu đen, đeo khẩu trang, mang theo chai xăng đến nhà trọ nói trên.|Đến 18 giờ cùng ngày, bị cáo mặc áo khoác ngoài màu đen, đội mũ bảo hiểm màu đen, đeo khẩu trang, mang theo chai xăng đến nhà trọ nói trên.
audio_01682|Cuối cùng cô ấy cũng đồng ý.|Cuối cùng cô ấy cũng đồng ý.
audio_01683|Nếu thân xác không phải là tôi, thì tinh thần thay đổi trong từng khoảnh khắc lại càng ít có khả năng là tôi hơn.|Nếu thân xác không phải là tôi, thì tinh thần thay đổi trong từng khoảnh khắc lại càng ít có khả năng là tôi hơn.
audio_01684|Các thành viên trong gia đình cũng có thể cùng nhau gia công, tạo nên một sản phẩm, góp phần tạo cho không khí làm việc trong gia đình vui vẻ, nâng cao hiệu quả công việc.|Các thành viên trong gia đình cũng có thể cùng nhau gia công, tạo nên một sản phẩm, góp phần tạo cho không khí làm việc trong gia đình vui vẻ, nâng cao hiệu quả công việc.
audio_01685|Nhưng bà ta đã không thể làm được điều đó.|Nhưng bà ta đã không thể làm được điều đó.
audio_01686|Điều này khiến họ tự hạn chế tiềm năng và không thể khám phá ra những khả năng tiềm ẩn bên trong mình.|Điều này khiến họ tự hạn chế tiềm năng và không thể khám phá ra những khả năng tiềm ẩn bên trong mình.
audio_01687|Quy tắc rất đơn giản thôi, chỉ cần nhớ những gì bạn nhìn thấy trong hình đầu tiên.|Quy tắc rất đơn giản thôi, chỉ cần nhớ những gì bạn nhìn thấy trong hình đầu tiên.
audio_01688|Tuy nhiên, thái độ bất cẩn đó lại càng làm cho Trung Quốc cảm thấy hứng thú hơn.|Tuy nhiên, thái độ bất cẩn đó lại càng làm cho Trung Quốc cảm thấy hứng thú hơn.
audio_01689|Vậy thì tất cả những gì mình có thể làm đấy chính là lắng nghe.|Vậy thì tất cả những gì mình có thể làm đấy chính là lắng nghe.
audio_01690|Chiều biên giới em ơi có nơi nào xanh hơn.|Chiều biên giới em ơi có nơi nào xanh hơn.
audio_01691|Martin Scorsese kể một câu chuyện rất rộng lớn về cả một thời đại trong lịch sử.|Martin Scorsese kể một câu chuyện rất rộng lớn về cả một thời đại trong lịch sử.
audio_01692|Vậy mình nghĩ chúng ta sẽ cần phải thay đổi hệ thống bản đồ một lần nữa cho thấy khu vực này hiện đã trở thành vùng sám.|Vậy mình nghĩ chúng ta sẽ cần phải thay đổi hệ thống bản đồ một lần nữa cho thấy khu vực này hiện đã trở thành vùng sám.
audio_01693|Các nhãn hàng thức ăn, tiệm ăn, chuỗi nhà hàng dần dần tập thói quen bỏ tiền ra để những cô cậu trẻ này ngồi ăn tại nhà hàng của họ và trò chuyện, nói lên những thứ ngon nhất, tốt nhất về nhà hàng.|Các nhãn hàng thức ăn, tiệm ăn, chuỗi nhà hàng dần dần tập thói quen bỏ tiền ra để những cô cậu trẻ này ngồi ăn tại nhà hàng của họ và trò chuyện, nói lên những thứ ngon nhất, tốt nhất về nhà hàng.
audio_01694|Mặc dù chưa bao giờ bị béo phì.|Mặc dù chưa bao giờ bị béo phì.
audio_01695|Một số người có đục thủy tinh thể nhận thấy rằng...|Một số người có đục thủy tinh thể nhận thấy rằng...
audio_01696|Liên Xô liên tục phản công như vũ bão, quân Đức không kịp xoay sở và bị đánh bật ra xa khỏi Moscow.|Liên Xô liên tục phản công như vũ bão, quân Đức không kịp xoay sở và bị đánh bật ra xa khỏi Moscow.
audio_01697|Tại chương trình, Ban khuyến học dòng họ Nguyễn Hữu Lan Thanh Quýt Quảng Nam tại Thành phố Đà Lạt đã khen thưởng và cho học bổng từ 1 tiến sĩ, 1 thạc sĩ, 2 cư nhân và 10 học sinh xuất sắc các bậc học.|Tại chương trình, Ban khuyến học dòng họ Nguyễn Hữu Lan Thanh Quýt Quảng Nam tại Thành phố Đà Lạt đã khen thưởng và cho học bổng từ 1 tiến sĩ, 1 thạc sĩ, 2 cư nhân và 10 học sinh xuất sắc các bậc học.
audio_01698|Thậm chí có những cờ hàng đã phải ngừng nhận đơn hàng đi một số tỉnh thành vì không thể tìm được đơn vị vận chuyển.|Thậm chí có những cờ hàng đã phải ngừng nhận đơn hàng đi một số tỉnh thành vì không thể tìm được đơn vị vận chuyển.
audio_01699|Thực vật phù du có thể không còn phát triển tốt nữa.|Thực vật phù du có thể không còn phát triển tốt nữa.
audio_01700|Thấy hào phụ mẫu khắc cùng tử tôn.|Thấy hào phụ mẫu khắc cùng tử tôn.
audio_01701|Negan sau đó đã tỏ ra không hài lòng với Ginny khi cô bé cứ im im, không nói gì mà chỉ có hành động bọc phát.|Negan sau đó đã tỏ ra không hài lòng với Ginny khi cô bé cứ im im, không nói gì mà chỉ có hành động bọc phát.
audio_01702|Nhưng lẽ thường này không nói cho chúng ta biết rằng, người nghèo đến từ đâu, và nguyên nhân gì dẫn đến nghèo.|Nhưng lẽ thường này không nói cho chúng ta biết rằng, người nghèo đến từ đâu, và nguyên nhân gì dẫn đến nghèo.
audio_01703|Đến với thực thể bí ẩn The High Wheel.|Đến với thực thể bí ẩn The High Wheel.
audio_01704|Những ổ gà, hố sâu xuất hiện dày đặc trên mặt đường khiến các phương tiện di chuyển qua đây đều phải nhường nhau, di chuyển chậm.|Những ổ gà, hố sâu xuất hiện dày đặc trên mặt đường khiến các phương tiện di chuyển qua đây đều phải nhường nhau, di chuyển chậm.
audio_01705|Nhưng mà chưa ăn sao học được. Khoan đã.|Nhưng mà chưa ăn sao học được. Khoan đã.
audio_01706|Nhưng không cố đứng ra đại diện cho bất kỳ ca nhân hay nhóm người nào.|Nhưng không cố đứng ra đại diện cho bất kỳ ca nhân hay nhóm người nào.
audio_01707|Trong Người chồng vĩnh cửu.|Trong Người chồng vĩnh cửu.
audio_01708|Tuy sở trường nấu nướng.|Tuy sở trường nấu nướng.
audio_01709|Làm ăn cũng khấm khá.|Làm ăn cũng khấm khá.
audio_01710|Và mình xin chào và hẹn gặp lại ạ.|Và mình xin chào và hẹn gặp lại ạ.
audio_01711|Tôi nói điều này với lưu ý rằng.|Tôi nói điều này với lưu ý rằng.
audio_01712|Nên hình dạng cũng như cách thức sinh sống của cây cũng khác nhau.|Nên hình dạng cũng như cách thức sinh sống của cây cũng khác nhau.
audio_01713|Chị ngạc nhiên vô cùng khi nhận được thư bé.|Chị ngạc nhiên vô cùng khi nhận được thư bé.
audio_01714|Ăn luôn em, lẹ lên em, cháy kìa.|Ăn luôn em, lẹ lên em, cháy kìa.
audio_01715|Chỉ ở trong môi trường được vận hành bằng luật pháp, thì mới có sự cai trị của quyền lợi công, và cái gọi là công vụ mới trở thành hiện thực.|Chỉ ở trong môi trường được vận hành bằng luật pháp, thì mới có sự cai trị của quyền lợi công, và cái gọi là công vụ mới trở thành hiện thực.
audio_01716|Sao chẳng có vẻ gì là nó nhở tay ta?|Sao chẳng có vẻ gì là nó nhở tay ta?
audio_01717|Người nhà nạn nhân cho biết thêm, công an từng khám và thu giữ một chiếc áo dịch máu từ nhà ông Vũ Công Huấn, nhưng chiếc áo đã bị loại khỏi hồ sơ vụ án.|Người nhà nạn nhân cho biết thêm, công an từng khám và thu giữ một chiếc áo dịch máu từ nhà ông Vũ Công Huấn, nhưng chiếc áo đã bị loại khỏi hồ sơ vụ án.
audio_01718|Tại sao lại là con gấu?|Tại sao lại là con gấu?
audio_01719|Bây giờ mời các bạn vào bếp cùng mình để thực hiện món ăn này nha.|Bây giờ mời các bạn vào bếp cùng mình để thực hiện món ăn này nha.
audio_01720|Dù kết quả của bạn có tệ hại đến mức nào trong quá khứ.|Dù kết quả của bạn có tệ hại đến mức nào trong quá khứ.
audio_01721|Hậu quả, nạn nhân bị gãy chân trái, đầu và vùng mặt bị thương, được đưa đến Bệnh viện Đa Khoa, tỉnh Thánh Hòa điều trị.|Hậu quả, nạn nhân bị gãy chân trái, đầu và vùng mặt bị thương, được đưa đến Bệnh viện Đa Khoa, tỉnh Thánh Hòa điều trị.
audio_01722|Trước sự hoảng loạn không lối thoát của Fitzgerald Lee.|Trước sự hoảng loạn không lối thoát của Fitzgerald Lee.
audio_01723|Nhưng cũng giống như cơ bắp, việc xây dựng mối quan hệ cần có thời gian.|Nhưng cũng giống như cơ bắp, việc xây dựng mối quan hệ cần có thời gian.
audio_01724|Tiếp theo thì mình sẽ đi áo bột ở bên ngoài.|Tiếp theo thì mình sẽ đi áo bột ở bên ngoài.
audio_01725|Nếu câu trả lời là không.|Nếu câu trả lời là không.
audio_01726|Hạt và trái cây thêm vào, các bạn có thể dùng tùy theo sở thích.|Hạt và trái cây thêm vào, các bạn có thể dùng tùy theo sở thích.
audio_01727|Cái phần viền màn hình được làm mỏng nè, tạo ra cái phần nhìn được rộng rãi hơn.|Cái phần viền màn hình được làm mỏng nè, tạo ra cái phần nhìn được rộng rãi hơn.
audio_01728|Thì được họ trí trá.|Thì được họ trí trá.
audio_01729|Bạn càng thích xem cái gì, nền tảng đó sẽ càng đề xuất đến bạn thứ đó.|Bạn càng thích xem cái gì, nền tảng đó sẽ càng đề xuất đến bạn thứ đó.
audio_01730|Theo Suriyakmap, thì phần lãnh thổ của mình biểu tị đã hoàn toàn nằm trong tay Nga.|Theo Suriyakmap, thì phần lãnh thổ của mình biểu tị đã hoàn toàn nằm trong tay Nga.
audio_01731|Anh thích em thì anh theo đuổi em thôi.|Anh thích em thì anh theo đuổi em thôi.
audio_01732|Không ai mua hết.|Không ai mua hết.
audio_01733|Còn những gì thuộc về tinh thần thì không hẳn thế, không bao giờ thế.|Còn những gì thuộc về tinh thần thì không hẳn thế, không bao giờ thế.
audio_01734|Không thì sớm muộn nó cũng cho mình thành tuần lọc đấy.|Không thì sớm muộn nó cũng cho mình thành tuần lọc đấy.
audio_01735|Hiểu đơn giản thì đó là cái giá của việc đi vay tiền.|Hiểu đơn giản thì đó là cái giá của việc đi vay tiền.
audio_01736|Thôi chết em rồi! Anh tha cho em! Anh cho em xuống ngay ạ!|Thôi chết em rồi! Anh tha cho em! Anh cho em xuống ngay ạ!
audio_01737|Khi bị một đội quân đi dép lê, nhai lá cây, biên chế có không ít người tàn tật, đánh cho bán sống bán chết.|Khi bị một đội quân đi dép lê, nhai lá cây, biên chế có không ít người tàn tật, đánh cho bán sống bán chết.
audio_01738|Điều này khiến cho vua Shah Jahan xây dựng kiệt tác kiến trúc triều Mogul như chúng ta đang thấy ngày nay.|Điều này khiến cho vua Shah Jahan xây dựng kiệt tác kiến trúc triều Mogul như chúng ta đang thấy ngày nay.
audio_01739|Hết hồn chưa, hết hồn chưa.|Hết hồn chưa, hết hồn chưa.
audio_01740|Trong lễ vạn thọ của Hoàng Thượng tất thầy phi tần đều có mặt.|Trong lễ vạn thọ của Hoàng Thượng tất thầy phi tần đều có mặt.
audio_01741|Sao còn không vẽ những bức tranh của Ken? Nó đẹp đấy chứ.|Sao còn không vẽ những bức tranh của Ken? Nó đẹp đấy chứ.
audio_01742|Nói ngắn gọn, thí nghiệm là một chuỗi các quan sát có thể được lặp lại, trong đó các yếu tố cần quan sát có thể được cô lập và thay đổi tùy ý.|Nói ngắn gọn, thí nghiệm là một chuỗi các quan sát có thể được lặp lại, trong đó các yếu tố cần quan sát có thể được cô lập và thay đổi tùy ý.
audio_01743|Ngồi xuống có gì từ từ nói.|Ngồi xuống có gì từ từ nói.
audio_01744|Vì vậy, kỳ lệ sẽ là 20 chia 60 bằng 1 phần 3.|Vì vậy, kỳ lệ sẽ là 20 chia 60 bằng 1 phần 3.
audio_01745|Hôm nay, hãy làm tương tự với việc trao đổi thư từ cũng như kế hoạch tiết kiệm của mình, và bạn sẽ nhanh chóng nhìn thấy quả ngọt của những nỗ lực mà bạn tích lũy qua từng năm, và cuối cùng là qua cuộc sống.|Hôm nay, hãy làm tương tự với việc trao đổi thư từ cũng như kế hoạch tiết kiệm của mình, và bạn sẽ nhanh chóng nhìn thấy quả ngọt của những nỗ lực mà bạn tích lũy qua từng năm, và cuối cùng là qua cuộc sống.
audio_01746|Năm 2012, một đoàn công nhân Bộ Quốc phòng tới bên dòng suối biên giới Việt Nam – Trung Quốc bên cạnh Mốc 71 xây dựng kẻ đá bảo vệ bờ và cột mốc.|Năm 2012, một đoàn công nhân Bộ Quốc phòng tới bên dòng suối biên giới Việt Nam – Trung Quốc bên cạnh Mốc 71 xây dựng kẻ đá bảo vệ bờ và cột mốc.
audio_01747|Cuộc sống đâu đâu cũng là lựa chọn, nhưng nói cho cùng, một lựa chọn có đúng hay không thì phải xem thâm tâm bạn có thực sự muốn như thế hay không.|Cuộc sống đâu đâu cũng là lựa chọn, nhưng nói cho cùng, một lựa chọn có đúng hay không thì phải xem thâm tâm bạn có thực sự muốn như thế hay không.
audio_01748|Đó mới đi tới được cái hướng đọc sách thành công.|Đó mới đi tới được cái hướng đọc sách thành công.
audio_01749|Vấn đề chính không phải là khói từ đám cháy, mà là sức nóng từ ngọn lửa sẽ khiến những tảng đá, tạo thành các bức tường và trần hang động nở ra.|Vấn đề chính không phải là khói từ đám cháy, mà là sức nóng từ ngọn lửa sẽ khiến những tảng đá, tạo thành các bức tường và trần hang động nở ra.
audio_01750|Tiến về phía trước ngồi. Đây là bước đầu tiên để bạn lấy lại sự đánh giá, tôn trọng, công bằng trong môi trường làm việc.|Tiến về phía trước ngồi. Đây là bước đầu tiên để bạn lấy lại sự đánh giá, tôn trọng, công bằng trong môi trường làm việc.
audio_01751|Một xu cũng có giá trị như một đô la.|Một xu cũng có giá trị như một đô la.
audio_01752|Vì vậy, những thông tin sau khi một số khán giả xem xong cho rằng phim đã lừa dối người xem là hoàn toàn sai sự thật và gây ảnh hưởng lớn đến những người yêu thích bộ phim cũng như chính các nhà làm phim.|Vì vậy, những thông tin sau khi một số khán giả xem xong cho rằng phim đã lừa dối người xem là hoàn toàn sai sự thật và gây ảnh hưởng lớn đến những người yêu thích bộ phim cũng như chính các nhà làm phim.
audio_01753|Các bạn đấy sẽ tập trung nhiều vào thị trường Nhật Bản.|Các bạn đấy sẽ tập trung nhiều vào thị trường Nhật Bản.
audio_01754|Ở video trước, mình đã nói khá kĩ về cách luyện tập tránh niệm, bạn có thể xem lại video này ở đây.|Ở video trước, mình đã nói khá kĩ về cách luyện tập tránh niệm, bạn có thể xem lại video này ở đây.
audio_01755|Nhưng mình vẫn cố chấp.|Nhưng mình vẫn cố chấp.
audio_01756|Lưu ý là kết quả sẽ được lấy theo 3 giờ cuối của lượt view video này, tính đến 9 giờ tối mai nhé.|Lưu ý là kết quả sẽ được lấy theo 3 giờ cuối của lượt view video này, tính đến 9 giờ tối mai nhé.
audio_01757|Đây là một ví dụ về câu lệnh lập.|Đây là một ví dụ về câu lệnh lập.
audio_01758|Bạn thân mến.|Bạn thân mến.
audio_01759|Tại Triều Tiên, dưới sự lãnh đạo của Kim Il Sung, quân đội Triều Tiên đã tiến hành các kế hoạch quấy thối Nhật.|Tại Triều Tiên, dưới sự lãnh đạo của Kim Il Sung, quân đội Triều Tiên đã tiến hành các kế hoạch quấy thối Nhật.
audio_01760|Jeff ngồi đó, không nhìn thấy gì, không có nhận thức về những gì xung quanh.|Jeff ngồi đó, không nhìn thấy gì, không có nhận thức về những gì xung quanh.
audio_01761|Cá nhân, ông Zdenikov không bị cáo buộc tham nhũng như một số trường hợp đã xảy ra trong nhóm quan chức dưới quyền của ông.|Cá nhân, ông Zdenikov không bị cáo buộc tham nhũng như một số trường hợp đã xảy ra trong nhóm quan chức dưới quyền của ông.
audio_01762|Tôi muốn nó.|Tôi muốn nó.
audio_01763|Vốn dĩ có cái mắt sinh ra để dành cho trẻ em là thế, nhưng cũng không thể loại trừ một số trường hợp.|Vốn dĩ có cái mắt sinh ra để dành cho trẻ em là thế, nhưng cũng không thể loại trừ một số trường hợp.
audio_01764|Chưa hề đăng ký cuộc hôn nhân của mình với Văn phòng Chiến tranh Anh Quốc.|Chưa hề đăng ký cuộc hôn nhân của mình với Văn phòng Chiến tranh Anh Quốc.
audio_01765|Một điều nữa là loại sương mù hỗn hợp này ẩn chứa rất nhiều chất ô nhiễm không khí có thể gây ảnh hưởng đến sức khỏe.|Một điều nữa là loại sương mù hỗn hợp này ẩn chứa rất nhiều chất ô nhiễm không khí có thể gây ảnh hưởng đến sức khỏe.
audio_01766|Mẹ la hoài mà vẫn không chừa.|Mẹ la hoài mà vẫn không chừa.
audio_01767|Tất nhiên.|Tất nhiên.
audio_01768|Đánh tiếp vào tốc độ trung bình.|Đánh tiếp vào tốc độ trung bình.
audio_01769|Pháp vẫn phủ nhận có binh sĩ tại Ukraine hoặc có binh sĩ Pháp tham gia vào cuộc xung đột.|Pháp vẫn phủ nhận có binh sĩ tại Ukraine hoặc có binh sĩ Pháp tham gia vào cuộc xung đột.
audio_01770|Kết luận rằng, vũ trụ này tồn tại một cách ngẫu nhiên.|Kết luận rằng, vũ trụ này tồn tại một cách ngẫu nhiên.
audio_01771|Chính vì thế, Fett đã lên kế hoạch âm thầm đưa các yêu cầu cho Ream, để hằng ngày giết những người có tầm quan trọng với nhân loại, và gián tiếp dẫn nhân loại tới bờ vực của tận thế.|Chính vì thế, Fett đã lên kế hoạch âm thầm đưa các yêu cầu cho Ream, để hằng ngày giết những người có tầm quan trọng với nhân loại, và gián tiếp dẫn nhân loại tới bờ vực của tận thế.
audio_01772|Phần nhiều trong số những thị trường tương lai sôi động không thật sự là thị trường hàng hóa mà có thể là thị trường tài chính trong khi rất nhiều thị trường hàng hóa không tương ứng với thị trường tương lai.|Phần nhiều trong số những thị trường tương lai sôi động không thật sự là thị trường hàng hóa mà có thể là thị trường tài chính trong khi rất nhiều thị trường hàng hóa không tương ứng với thị trường tương lai.
audio_01773|Liếm trên manh vải tay đỏ phủ lên lưng cu vện.|Liếm trên manh vải tay đỏ phủ lên lưng cu vện.
audio_01774|Mình cứ rơi xuống đáy là lại tìm được cách để trèo lên.|Mình cứ rơi xuống đáy là lại tìm được cách để trèo lên.
audio_01775|Người dân Trung Quốc thờ dòng như một sinh vật linh thiêng, là con của trời, thế nên vua thường được biểu tượng hóa bằng dòng.|Người dân Trung Quốc thờ dòng như một sinh vật linh thiêng, là con của trời, thế nên vua thường được biểu tượng hóa bằng dòng.
audio_01776|Tính ăn chặt.|Tính ăn chặt.
audio_01777|Không ai có thể trả lời mọi thắc mắc về cách luyện tập tốt nhất và cũng không có một chương trình nào được tối ưu cho tất cả mọi người.|Không ai có thể trả lời mọi thắc mắc về cách luyện tập tốt nhất và cũng không có một chương trình nào được tối ưu cho tất cả mọi người.
audio_01778|Tuần này, thời tiết miền Bắc có mưa dài rác, sáng sớm có sương mù và sương mù nhẹ dài rác, trời lạnh, vùng núi trời dép, đêm và sáng trời dép.|Tuần này, thời tiết miền Bắc có mưa dài rác, sáng sớm có sương mù và sương mù nhẹ dài rác, trời lạnh, vùng núi trời dép, đêm và sáng trời dép.
audio_01779|A. Thanh toàn hóa đơn và cho thêm tiền bo bình thường.|A. Thanh toàn hóa đơn và cho thêm tiền bo bình thường.
audio_01780|Mắt bạn sẽ rất khô, vì vậy bạn sẽ cảm thấy như bị bỏng.|Mắt bạn sẽ rất khô, vì vậy bạn sẽ cảm thấy như bị bỏng.
audio_01781|Là trò chơi phối hợp đồng đội 5 đấu 5 đầy tính chiến thuật, nơi mà mỗi người chơi chọn một vị tướng để đối đầu với nhau và phá nhà đối phương.|Là trò chơi phối hợp đồng đội 5 đấu 5 đầy tính chiến thuật, nơi mà mỗi người chơi chọn một vị tướng để đối đầu với nhau và phá nhà đối phương.
audio_01782|Một là dân chuyên nghiệp, có chỗ đứng trong xã hội, được đi đó đi đây, khiến cho người khác phải ngước nhìn trầm trồ.|Một là dân chuyên nghiệp, có chỗ đứng trong xã hội, được đi đó đi đây, khiến cho người khác phải ngước nhìn trầm trồ.
audio_01783|Còn bây giờ thì, xin chào và hẹn gặp lại.|Còn bây giờ thì, xin chào và hẹn gặp lại.
audio_01784|Với người không tự tin họ quan trọng hóa điều người khác nghĩ rồi mới cảm nhận về chính họ như thế nào.|Với người không tự tin họ quan trọng hóa điều người khác nghĩ rồi mới cảm nhận về chính họ như thế nào.
audio_01785|Cũng có thể ghét vì bực tức.|Cũng có thể ghét vì bực tức.
audio_01786|Đang trực trở bung tỏa.|Đang trực trở bung tỏa.
audio_01787|Lấy niết bàn thường lạc.|Lấy niết bàn thường lạc.
audio_01788|Thì mục đích của Apple là họ muốn làm như vậy để khi mà mình đeo kính này, nhìn nó giống thật hơn, nhìn nó đỡ tương lai hơn, nhìn nó đỡ xa cắt với thế giới hơn.|Thì mục đích của Apple là họ muốn làm như vậy để khi mà mình đeo kính này, nhìn nó giống thật hơn, nhìn nó đỡ tương lai hơn, nhìn nó đỡ xa cắt với thế giới hơn.
audio_01789|Màu nâu nâu như thế này.|Màu nâu nâu như thế này.
audio_01790|Ngài có định điều tra vụ này không?|Ngài có định điều tra vụ này không?
audio_01791|Trâm hỏi.|Trâm hỏi.
audio_01792|Và tất cả những cái tỷ phú tự thân đều cần một khoảng thời gian ít nhất là 10 năm để gây dựng nên sự nghiệp của chính mình.|Và tất cả những cái tỷ phú tự thân đều cần một khoảng thời gian ít nhất là 10 năm để gây dựng nên sự nghiệp của chính mình.
audio_01793|Và bút này vừa có tông đậm vừa có tông nhạt nên là mình có thể tận dụng để mình viết tiêu đề cũng rất là xinh.|Và bút này vừa có tông đậm vừa có tông nhạt nên là mình có thể tận dụng để mình viết tiêu đề cũng rất là xinh.
audio_01794|Đất Dừng Phương Nam của nhà văn đoàn giỏi lên đầu phim nhằm làm rõ hơn ý đồ của nhà làm phim về sự thay đổi mốc thời gian trong tác phẩm văn học, theo sát hơn bản phim truyền hình, vốn đã để lại dấu ấn trong lòng khán giả.|Đất Dừng Phương Nam của nhà văn đoàn giỏi lên đầu phim nhằm làm rõ hơn ý đồ của nhà làm phim về sự thay đổi mốc thời gian trong tác phẩm văn học, theo sát hơn bản phim truyền hình, vốn đã để lại dấu ấn trong lòng khán giả.
audio_01795|Bác sĩ Lord Tamin lầm rầm, tu một hơi rượu dài.|Bác sĩ Lord Tamin lầm rầm, tu một hơi rượu dài.
audio_01796|Từ con số 0.|Từ con số 0.
audio_01797|Bọn em tìm thấy có một con tàu ạ.|Bọn em tìm thấy có một con tàu ạ.
audio_01798|Và bản thân mình cũng có thể là nguồn động viên dành cho họ.|Và bản thân mình cũng có thể là nguồn động viên dành cho họ.
audio_01799|Chỉ có thể là phép màu, gần 400 hành khách thoát khỏi máy bay Nhật đang bốc cháy.|Chỉ có thể là phép màu, gần 400 hành khách thoát khỏi máy bay Nhật đang bốc cháy.
audio_01800|Nỗi đêm đầy, Nhân tự nhiên thấy sợ.|Nỗi đêm đầy, Nhân tự nhiên thấy sợ.
audio_01801|Chỉ làm việc cật lực thôi chưa đủ.|Chỉ làm việc cật lực thôi chưa đủ.
audio_01802|Khi bạn có lòng hiếu kì về thứ gì đó, bạn sẽ thích thú quan tâm tới nó.|Khi bạn có lòng hiếu kì về thứ gì đó, bạn sẽ thích thú quan tâm tới nó.
audio_01803|Người đàn ông trong video nói rằng anh ta mới tỉnh dậy trong bệnh viện, anh ấy không nhớ là chuyện gì đã xảy ra và tại sao anh ấy lại ở đó.|Người đàn ông trong video nói rằng anh ta mới tỉnh dậy trong bệnh viện, anh ấy không nhớ là chuyện gì đã xảy ra và tại sao anh ấy lại ở đó.
audio_01804|Cảm phục.|Cảm phục.
audio_01805|Cuộc sống này đâu thể tràn đầy hoa hồng mọi lúc.|Cuộc sống này đâu thể tràn đầy hoa hồng mọi lúc.
audio_01806|Như vậy thì nó sẽ rất xấu nha.|Như vậy thì nó sẽ rất xấu nha.
audio_01807|Nhưng khả năng phóng chiếu năng lượng của hệ thống luân sa là một trong những dạng giao tiếp phi ngôn ngữ đắc lực nhất của chúng ta dù chúng ta có nhận thức được điều đó hay không.|Nhưng khả năng phóng chiếu năng lượng của hệ thống luân sa là một trong những dạng giao tiếp phi ngôn ngữ đắc lực nhất của chúng ta dù chúng ta có nhận thức được điều đó hay không.
audio_01808|Nổi tiếng, khó tính. Nói đúng hơn là hơi dữ á.|Nổi tiếng, khó tính. Nói đúng hơn là hơi dữ á.
audio_01809|Âm T các bạn nghe không? Extend.|Âm T các bạn nghe không? Extend.
audio_01810|Trong cuộc tổng tuyển cử năm 2015, cộng đồng 1,3 triệu người Rohingya đã không được phép đi bỏ phiếu hoặc tranh cử.|Trong cuộc tổng tuyển cử năm 2015, cộng đồng 1,3 triệu người Rohingya đã không được phép đi bỏ phiếu hoặc tranh cử.
audio_01811|Hiện nay, tổng diện tích nuôi trồng thủy sản của huyện Bắc Quang là trên 980 hectare, tập trung nhiều tại các xã Vô Điếm, Kim Ngọc, Bằng Hành và Thị Trấn Vĩnh Thuy.|Hiện nay, tổng diện tích nuôi trồng thủy sản của huyện Bắc Quang là trên 980 hectare, tập trung nhiều tại các xã Vô Điếm, Kim Ngọc, Bằng Hành và Thị Trấn Vĩnh Thuy.
audio_01812|Hệ thống thần kinh thứ nhất là di sản xót lại từ thời xa xưa, đóng vai trò quan trọng trong cuộc cuộc đấu tranh sinh tồn của loài người.|Hệ thống thần kinh thứ nhất là di sản xót lại từ thời xa xưa, đóng vai trò quan trọng trong cuộc cuộc đấu tranh sinh tồn của loài người.
audio_01813|Truy cập nó ở nhà.|Truy cập nó ở nhà.
audio_01814|Nhưng làm sao có thể dễ dàng trở nên logic về những thứ mà bạn không biết chút gì?|Nhưng làm sao có thể dễ dàng trở nên logic về những thứ mà bạn không biết chút gì?
audio_01815|Mình nấu cho cả gia đình ăn sáng và chiều.|Mình nấu cho cả gia đình ăn sáng và chiều.
audio_01816|Còn tại Đầm Nhôn thì nhiệt độ là từ 15 đến 29 độ, độ ẩm từ 50 đến 95%.|Còn tại Đầm Nhôn thì nhiệt độ là từ 15 đến 29 độ, độ ẩm từ 50 đến 95%.
audio_01817|Nhưng từ đầu thế kỷ 21, tức thời điểm hiện tại, vai trò và tầm quan trọng của sách, dạng thông tin tổng quát giá trị cao, đã bị xoán khỏi ngôi vương.|Nhưng từ đầu thế kỷ 21, tức thời điểm hiện tại, vai trò và tầm quan trọng của sách, dạng thông tin tổng quát giá trị cao, đã bị xoán khỏi ngôi vương.
audio_01818|Gan là số 19.|Gan là số 19.
audio_01819|FBI tra được rằng nạn nhân đầu tiên tên Fletcher Marshall bị đánh chết 40 năm trước nhưng hung thủ vẫn chưa được tìm thấy.|FBI tra được rằng nạn nhân đầu tiên tên Fletcher Marshall bị đánh chết 40 năm trước nhưng hung thủ vẫn chưa được tìm thấy.
audio_01820|Việc phát triển số lượng game nhỏ hơn sẽ giúp đội ngũ làm game tập trung hơn, nguồn lực cũng được phân bổ hợp lý, từ đó mang lại lợi nhuận tối đa với các trò chơi chất lượng thực sự.|Việc phát triển số lượng game nhỏ hơn sẽ giúp đội ngũ làm game tập trung hơn, nguồn lực cũng được phân bổ hợp lý, từ đó mang lại lợi nhuận tối đa với các trò chơi chất lượng thực sự.
audio_01821|Người dịch Mai Trí Trung và Trần Quốc Hùng.|Người dịch Mai Trí Trung và Trần Quốc Hùng.
audio_01822|Có những ngày, chỉ thở thôi cũng đau đớn và vô vọng với cô.|Có những ngày, chỉ thở thôi cũng đau đớn và vô vọng với cô.
audio_01823|Trong phim thì, spoiler luôn nhớ.|Trong phim thì, spoiler luôn nhớ.
audio_01824|Phía Mỹ không thể ngờ rằng, không chỉ tên lửa pháo cao xạ, mà ngay cả những chiếc MiG-21 nhỏ bé, đơn khương, độc mã cũng có thể hạ vụ pháo đài bay bất khả xâm phạm của họ.|Phía Mỹ không thể ngờ rằng, không chỉ tên lửa pháo cao xạ, mà ngay cả những chiếc MiG-21 nhỏ bé, đơn khương, độc mã cũng có thể hạ vụ pháo đài bay bất khả xâm phạm của họ.
audio_01825|Nó yêu ớt cầu xin thần mặt trời.|Nó yêu ớt cầu xin thần mặt trời.
audio_01826|Chủ đồng bảo em trả và xét tiền.|Chủ đồng bảo em trả và xét tiền.
audio_01827|Trong quận băng an ninh của căn hộ, một người mặc áo chùm đầu lực nhìn thấy là đã xuất hiện, lẻn vào nhà của Akio.|Trong quận băng an ninh của căn hộ, một người mặc áo chùm đầu lực nhìn thấy là đã xuất hiện, lẻn vào nhà của Akio.
audio_01828|Bắp chân của Alma đã bị lộ ra ngoài khi mà da của cô ta bị lột từ đằng sau ra đằng trước.|Bắp chân của Alma đã bị lộ ra ngoài khi mà da của cô ta bị lột từ đằng sau ra đằng trước.
audio_01829|Ký ức là cơ chế của hành động.|Ký ức là cơ chế của hành động.
audio_01830|Nhóm phát triển đã đặt ra mục tiêu tạo ra một thành phố có khả năng vận hành độc lập trước những hành động dù có là điên khùng nhất của người chơi.|Nhóm phát triển đã đặt ra mục tiêu tạo ra một thành phố có khả năng vận hành độc lập trước những hành động dù có là điên khùng nhất của người chơi.
audio_01831|Bên cạnh đó thì anh cũng không hợp tác trong việc xác định giá trị của món đồ này.|Bên cạnh đó thì anh cũng không hợp tác trong việc xác định giá trị của món đồ này.
audio_01832|Đấy là cái mình nhớ nhất.|Đấy là cái mình nhớ nhất.
audio_01833|Trong nguyên tắc thì cậu bé phù thủy vô cùng chật vật để chiến đấu với kẻ thù.|Trong nguyên tắc thì cậu bé phù thủy vô cùng chật vật để chiến đấu với kẻ thù.
audio_01834|Và trở thành một người được yêu thích.|Và trở thành một người được yêu thích.
audio_01835|Cách thức tiến hành công việc lý tưởng nhất nên là phân tích và tổ chức công việc một cách hợp lý rồi mới bắt tay vào làm.|Cách thức tiến hành công việc lý tưởng nhất nên là phân tích và tổ chức công việc một cách hợp lý rồi mới bắt tay vào làm.
audio_01836|Nhái khô sau đó đầu bếp sẽ chiên lên.|Nhái khô sau đó đầu bếp sẽ chiên lên.
audio_01837|Tính năng In-Memory này là tính năng đã có từ phiên bản Oracle 12C và nó có thể giúp cải thiện những câu lệnh, đặc biệt những câu lệnh dạng như là phân tích chạy trên những hệ thống với DataWare, cải thiện rất là nhiều.|Tính năng In-Memory này là tính năng đã có từ phiên bản Oracle 12C và nó có thể giúp cải thiện những câu lệnh, đặc biệt những câu lệnh dạng như là phân tích chạy trên những hệ thống với DataWare, cải thiện rất là nhiều.
audio_01838|Ồ cái đồ đạo đức giả.|Ồ cái đồ đạo đức giả.
audio_01839|Theo quan điểm của Sinkyu, việc dùng thương và kiếm về cơ bản là sử dụng Vision.|Theo quan điểm của Sinkyu, việc dùng thương và kiếm về cơ bản là sử dụng Vision.
audio_01840|Thì nếu mà mình.|Thì nếu mà mình.
audio_01841|Một lần nữa mô hình không đều thể hiện qua 12 tháng.|Một lần nữa mô hình không đều thể hiện qua 12 tháng.
audio_01842|Và cả sau những tình huống pressing gây áp lực rất đáng chú ý ở mùa giải này.|Và cả sau những tình huống pressing gây áp lực rất đáng chú ý ở mùa giải này.
audio_01843|Mỗi phần khoai 500 gram.|Mỗi phần khoai 500 gram.
audio_01844|Giai đoạn tới, việc xây dựng phát triển các khu công nghiệp của Bình Dương cũng sẽ chuyên sâu hơn.|Giai đoạn tới, việc xây dựng phát triển các khu công nghiệp của Bình Dương cũng sẽ chuyên sâu hơn.
audio_01845|Nhưng hai vợ chồng lắc đầu nói gì tôi không muốn nhớ.|Nhưng hai vợ chồng lắc đầu nói gì tôi không muốn nhớ.
audio_01846|Khi cô ấy đứng đợi, thỉnh thoảng lại đưa tay vào dưới vòi phun kiểm tra nhiệt độ của nước.|Khi cô ấy đứng đợi, thỉnh thoảng lại đưa tay vào dưới vòi phun kiểm tra nhiệt độ của nước.
audio_01847|Nói xem, có vấn đề gì nào?|Nói xem, có vấn đề gì nào?
audio_01848|Cách làm đó của Trung Quốc hiển nhiên sẽ buộc các quốc gia xung quanh phải có thái độ cảnh sát.|Cách làm đó của Trung Quốc hiển nhiên sẽ buộc các quốc gia xung quanh phải có thái độ cảnh sát.
audio_01849|Ngày nay, chúng ta có khuyên hướng đón nhận một quan điểm mang tính tự nhiên.|Ngày nay, chúng ta có khuyên hướng đón nhận một quan điểm mang tính tự nhiên.
audio_01850|Trong bát mình có 130g bột mì đa dụng.|Trong bát mình có 130g bột mì đa dụng.
audio_01851|Nếu như các bạn mà chịu đau.|Nếu như các bạn mà chịu đau.
audio_01852|Mình dùng đây là 1 muỗng canh đường cát.|Mình dùng đây là 1 muỗng canh đường cát.
audio_01853|Sau đó, mỗi ngày liệt kê một danh sách công việc hợp lý có thể thực hiện được.|Sau đó, mỗi ngày liệt kê một danh sách công việc hợp lý có thể thực hiện được.
audio_01854|Thuốc viện thì mua được, còn giấm thanh ai bán?|Thuốc viện thì mua được, còn giấm thanh ai bán?
audio_01855|Thứ quả tôi thích nhất.|Thứ quả tôi thích nhất.
audio_01856|Nếu thấy hay thì hào phóng cho mình xin một like và đừng quên nhấn đăng ký kênh để xem nhiều video về ẩm thực và sức khỏe nha.|Nếu thấy hay thì hào phóng cho mình xin một like và đừng quên nhấn đăng ký kênh để xem nhiều video về ẩm thực và sức khỏe nha.
audio_01857|Một người vợ biết chia sẻ biết cảm thông.|Một người vợ biết chia sẻ biết cảm thông.
audio_01858|Không được sử dụng.|Không được sử dụng.
audio_01859|Trên lòng bàn chân phải.|Trên lòng bàn chân phải.
audio_01860|Lúc này, kẻ gian đã dùng giấy đăng ký xe vào bãi lấy xe của anh H.|Lúc này, kẻ gian đã dùng giấy đăng ký xe vào bãi lấy xe của anh H.
audio_01861|Riêng Tetsuji mất những hai năm.|Riêng Tetsuji mất những hai năm.
audio_01862|Nhưng biên kịch lại đặt anh chàng vào phe ác, để An bối rối và hoài nghi về sứ mệnh tàn sát của mình.|Nhưng biên kịch lại đặt anh chàng vào phe ác, để An bối rối và hoài nghi về sứ mệnh tàn sát của mình.
audio_01863|Bố mày lại sợ mày quá cơ, biết bố mày là ai không?|Bố mày lại sợ mày quá cơ, biết bố mày là ai không?
audio_01864|Những việc đàn áp nhân quyền, đàn áp tiếng ngưỡng vẫn diễn ra ở đất nước này.|Những việc đàn áp nhân quyền, đàn áp tiếng ngưỡng vẫn diễn ra ở đất nước này.
audio_01865|Đan sen kết hợp với văn hóa đường phố, mục tiêu của Medicom Toy là tạo ra các tác phẩm có thể siêu tập được, chứ không hẳn chỉ là đồ chơi thông thường.|Đan sen kết hợp với văn hóa đường phố, mục tiêu của Medicom Toy là tạo ra các tác phẩm có thể siêu tập được, chứ không hẳn chỉ là đồ chơi thông thường.
audio_01866|Tuy nhiên, cũng vì việc này mà chúng ta phát triển một thói quen mang tính phản ứng tức thì.|Tuy nhiên, cũng vì việc này mà chúng ta phát triển một thói quen mang tính phản ứng tức thì.
audio_01867|Ta yêu con rất nhiều.|Ta yêu con rất nhiều.
audio_01868|Tôi thiên về giả thuyết thứ 2 này hơn vì trong quá trình Vector chạy trốn, anh đã luôn gặp được những người sẵn sàng giúp đỡ anh.|Tôi thiên về giả thuyết thứ 2 này hơn vì trong quá trình Vector chạy trốn, anh đã luôn gặp được những người sẵn sàng giúp đỡ anh.
audio_01869|Cửa hàng mẹ em chưa kịp khai trương.|Cửa hàng mẹ em chưa kịp khai trương.
audio_01870|Dựa vào phần da trong móng tay nạn nhân hung thủ được xác định là Georgia Machen bạn thân của Beth.|Dựa vào phần da trong móng tay nạn nhân hung thủ được xác định là Georgia Machen bạn thân của Beth.
audio_01871|Thứ hai, nói về phần performance hay còn gọi là hiệu năng á, thì những con iPhone dòng thường nó sẽ chạy chip, năm nay là chạy chip Apple A16 Bionic.|Thứ hai, nói về phần performance hay còn gọi là hiệu năng á, thì những con iPhone dòng thường nó sẽ chạy chip, năm nay là chạy chip Apple A16 Bionic.
audio_01872|Sau đó, Nhi tiếp tục bán cháu của bà trên một đối tượng khác, ngụ quyền Hồng Dân, với số tiện 60 triệu đồng.|Sau đó, Nhi tiếp tục bán cháu của bà trên một đối tượng khác, ngụ quyền Hồng Dân, với số tiện 60 triệu đồng.
audio_01873|UBND phường 10 đã cho khoanh vùng, rau trắng đảm bảo an toàn, đồng thời huy động máy móc để giảm tải đất trên máy Tà Luy.|UBND phường 10 đã cho khoanh vùng, rau trắng đảm bảo an toàn, đồng thời huy động máy móc để giảm tải đất trên máy Tà Luy.
audio_01874|Tuy nhiên, Luckin Mỹ đã trở thành tâm điểm cho hàng loạt vụ kiện của các nhà đầu tư.|Tuy nhiên, Luckin Mỹ đã trở thành tâm điểm cho hàng loạt vụ kiện của các nhà đầu tư.
audio_01875|Ngay sau đó, gần 100 người là cán bộ chiến sĩ công an, quân đội biên phòng, dân quân tự dệ, người dân và nhân viên công ty triển khai các biện pháp tìm kiếm xuyên đêm, bổ rộng phiên trường.|Ngay sau đó, gần 100 người là cán bộ chiến sĩ công an, quân đội biên phòng, dân quân tự dệ, người dân và nhân viên công ty triển khai các biện pháp tìm kiếm xuyên đêm, bổ rộng phiên trường.
audio_01876|Đúng rồi, hôn miếng ạ.|Đúng rồi, hôn miếng ạ.
audio_01877|Thì mọi người vẫn tin điều đó thì nghe nó cũng hợp lý mà đúng không.|Thì mọi người vẫn tin điều đó thì nghe nó cũng hợp lý mà đúng không.
audio_01878|Tuy cạnh tranh và thích ứng thường bị nhầm là hai thái cực hoàn toàn khác nhau, thì thực ra chúng lại liên kết với nhau khá chặt chẽ.|Tuy cạnh tranh và thích ứng thường bị nhầm là hai thái cực hoàn toàn khác nhau, thì thực ra chúng lại liên kết với nhau khá chặt chẽ.
audio_01879|Nếu bạn làm vậy bạn sẽ thu hút dòng chảy nô lệ với nỗi sợ hãi và sự sỉ nhục ghê tẩm.|Nếu bạn làm vậy bạn sẽ thu hút dòng chảy nô lệ với nỗi sợ hãi và sự sỉ nhục ghê tẩm.
audio_01880|Chưa nói đến hàng loạt công ty khởi nghiệp như Israel đã làm.|Chưa nói đến hàng loạt công ty khởi nghiệp như Israel đã làm.
audio_01881|Dưới sự chăm sóc của Tân Công Nghĩa các bệnh nhân dần bình phục.|Dưới sự chăm sóc của Tân Công Nghĩa các bệnh nhân dần bình phục.
audio_01882|Mưa to quá.|Mưa to quá.
audio_01883|Dùng những lời lẽ thô tục.|Dùng những lời lẽ thô tục.
audio_01884|Tôi làm gì có hạnh phúc khi ở bên anh Duy.|Tôi làm gì có hạnh phúc khi ở bên anh Duy.
audio_01885|Sáo cũ lận.|Sáo cũ lận.
audio_01886|Quái linh luôn anh em ơi.|Quái linh luôn anh em ơi.
audio_01887|Xin chúc mừng bạn, đó là lúc thói quen của bạn đã định hình.|Xin chúc mừng bạn, đó là lúc thói quen của bạn đã định hình.
audio_01888|Một lát sau, tôi lại nghĩ, nếu em đến, tôi sẽ xử sự sao đây cho phải.|Một lát sau, tôi lại nghĩ, nếu em đến, tôi sẽ xử sự sao đây cho phải.
audio_01889|Để đây ta lại có thêm sự liên kết giữa Macarong và những người ngoài tình biết thay đổi hình dạng.|Để đây ta lại có thêm sự liên kết giữa Macarong và những người ngoài tình biết thay đổi hình dạng.
audio_01890|Nhà khoa học này đang nhận lấy trách nhiệm cải cách công tác đào tạo các nhà nghiên cứu tương lai theo hướng phi chuyên môn hóa.|Nhà khoa học này đang nhận lấy trách nhiệm cải cách công tác đào tạo các nhà nghiên cứu tương lai theo hướng phi chuyên môn hóa.
audio_01891|Trong mưa rong có khả năng xảy ra lóc rét và gió giật mềnh, nhiệt độ thấp nhất từ 22 đến 25 độ, nhiệt độ cao nhất từ 30 đến 33 độ.|Trong mưa rong có khả năng xảy ra lóc rét và gió giật mềnh, nhiệt độ thấp nhất từ 22 đến 25 độ, nhiệt độ cao nhất từ 30 đến 33 độ.
audio_01892|Cảnh sát xác định, chân dài tham gia đường dây đa dạng thành phần, từ gái bản dâm chuyên nghiệp đến sinh viên, người mẫu, diễn viên, ca sĩ, người nổi tiếng trên mạng xã hội.|Cảnh sát xác định, chân dài tham gia đường dây đa dạng thành phần, từ gái bản dâm chuyên nghiệp đến sinh viên, người mẫu, diễn viên, ca sĩ, người nổi tiếng trên mạng xã hội.
audio_01893|Mình cho số bột còn lại vào.|Mình cho số bột còn lại vào.
audio_01894|Nhưng mà thật ra cái việc mà các bạn đang làm, đó là tạo ra niềm vui và tạo ra giá trị cho các bạn.|Nhưng mà thật ra cái việc mà các bạn đang làm, đó là tạo ra niềm vui và tạo ra giá trị cho các bạn.
audio_01895|Hắn giải thích cho Loki rằng không rệt sẽ mặc định khởi động lại dòng thời gian thiêng một khi quá tải và triệt tiêu hết các dòng thời gian dãy nhánh.|Hắn giải thích cho Loki rằng không rệt sẽ mặc định khởi động lại dòng thời gian thiêng một khi quá tải và triệt tiêu hết các dòng thời gian dãy nhánh.
audio_01896|Đó là 46,2%.|Đó là 46,2%.
audio_01897|Đồng nghĩa với việc.|Đồng nghĩa với việc.
audio_01898|Và cái cảm giác của chúng ta là sau mỗi lần chúng ta đi tìm kiếm những cái đỉnh đấy thì giá nó vụt lên 5 giá, 7 giá, thậm chí là 10 giá.|Và cái cảm giác của chúng ta là sau mỗi lần chúng ta đi tìm kiếm những cái đỉnh đấy thì giá nó vụt lên 5 giá, 7 giá, thậm chí là 10 giá.
audio_01899|Thế nên là cứ hỏng là gọi ông ấy đến mang xe về sửa cho mình.|Thế nên là cứ hỏng là gọi ông ấy đến mang xe về sửa cho mình.
audio_01900|Việc người ấy chấp nhận hình thoi màu lam không cung cấp đủ thông tin để chúng ta chắc chắn về việc người ấy sẽ chấp nhận hay loại bỏ bất cứ biểu tượng nào trong số còn lại.|Việc người ấy chấp nhận hình thoi màu lam không cung cấp đủ thông tin để chúng ta chắc chắn về việc người ấy sẽ chấp nhận hay loại bỏ bất cứ biểu tượng nào trong số còn lại.
audio_01901|Sau khi chiến tranh thế giới lần hai chấm dứt, ông ghi danh vào Đảng Cộng sản Ý, nhưng sự tham gia của ông chỉ thuần văn học.|Sau khi chiến tranh thế giới lần hai chấm dứt, ông ghi danh vào Đảng Cộng sản Ý, nhưng sự tham gia của ông chỉ thuần văn học.
audio_01902|Cô cũng nói rõ.|Cô cũng nói rõ.
audio_01903|Tại vì mấy thằng 3, 4, 5 thằng nào cũng đem giỏng đem liều hết.|Tại vì mấy thằng 3, 4, 5 thằng nào cũng đem giỏng đem liều hết.
audio_01904|Với tên giáo sĩ, mong muốn của hắn là gặp lại người vợ.|Với tên giáo sĩ, mong muốn của hắn là gặp lại người vợ.
audio_01905|Ông khẽ vẫy tay.|Ông khẽ vẫy tay.
audio_01906|Ok vậy để bắt đầu thì trực giác hướng nội là gì?|Ok vậy để bắt đầu thì trực giác hướng nội là gì?
audio_01907|Giai đoạn hậu bị từ khi hươu con được từ 2 đến 3 tuần tuổi.|Giai đoạn hậu bị từ khi hươu con được từ 2 đến 3 tuần tuổi.
audio_01908|Hàng ngàn người dân hiếu kỳ tập trung hai bên đường theo dõi vụ cháy, khiến giao thông ủn ứ.|Hàng ngàn người dân hiếu kỳ tập trung hai bên đường theo dõi vụ cháy, khiến giao thông ủn ứ.
audio_01909|Tôi phấn khích chờ đợi tương lai mà cuốn sách này, công nghệ này sẽ mang tới cho chúng ta.|Tôi phấn khích chờ đợi tương lai mà cuốn sách này, công nghệ này sẽ mang tới cho chúng ta.
audio_01910|Chả bố anh.|Chả bố anh.
audio_01911|Chúng tôi sử dụng những thanh gỗ vuông, cắt nó thành 4 đoạn có độ dài 30cm và 2 đoạn dài 32cm.|Chúng tôi sử dụng những thanh gỗ vuông, cắt nó thành 4 đoạn có độ dài 30cm và 2 đoạn dài 32cm.
audio_01912|Và thứ hai.|Và thứ hai.
audio_01913|Mà với cách kho này bạn có thể áp dụng cho nhiều loại cá khác nhau cũng ngon không kém.|Mà với cách kho này bạn có thể áp dụng cho nhiều loại cá khác nhau cũng ngon không kém.
audio_01914|Quả đào ăn dở.|Quả đào ăn dở.
audio_01915|Tuổi trẻ thường tìm cách lắp đầy chỗ thiếu của mình bằng cách cố giống với một hình ảnh nào đó theo họ là chuẩn mực.|Tuổi trẻ thường tìm cách lắp đầy chỗ thiếu của mình bằng cách cố giống với một hình ảnh nào đó theo họ là chuẩn mực.
audio_01916|Cậu ấy nhớ mới đây thôi, cậu ấy vẫn còn 60 con kiểu, nhưng mà giờ thì cậu chẳng còn gì cả.|Cậu ấy nhớ mới đây thôi, cậu ấy vẫn còn 60 con kiểu, nhưng mà giờ thì cậu chẳng còn gì cả.
audio_01917|Bây giờ mình sẽ cùng bắt đầu.|Bây giờ mình sẽ cùng bắt đầu.
audio_01918|Thì hình ra là.|Thì hình ra là.
audio_01919|Kể cả những nền kinh tế hàng đầu thế giới như Mỹ, Trung, châu Âu cũng đều không tránh khỏi ảnh hưởng.|Kể cả những nền kinh tế hàng đầu thế giới như Mỹ, Trung, châu Âu cũng đều không tránh khỏi ảnh hưởng.
audio_01920|Có vẻ anh cố tình đi chậm lại.|Có vẻ anh cố tình đi chậm lại.
audio_01921|Tôi biết ơn bố mẹ đã sinh ra tôi, nuôi nấn tôi từ tấm bé, đã cùng tôi trải qua những năm tháng cơ cực nhất của cuộc đời.|Tôi biết ơn bố mẹ đã sinh ra tôi, nuôi nấn tôi từ tấm bé, đã cùng tôi trải qua những năm tháng cơ cực nhất của cuộc đời.
audio_01922|Rồi bây giờ Mai sẽ trộn tất cả hỗn hợp vào.|Rồi bây giờ Mai sẽ trộn tất cả hỗn hợp vào.
audio_01923|Và đơi vào những ác cảm.|Và đơi vào những ác cảm.
audio_01924|Vào ngày thứ 28 sau khi chuyển đến, gia đình Lutz quyết bỏ trốn khỏi nhà, bỏ lại tất cả đồ đạc.|Vào ngày thứ 28 sau khi chuyển đến, gia đình Lutz quyết bỏ trốn khỏi nhà, bỏ lại tất cả đồ đạc.
audio_01925|Và cách làm như thế nào thì Mai mời cả nhà mình cùng vào bếp nướng khô với Mai nha.|Và cách làm như thế nào thì Mai mời cả nhà mình cùng vào bếp nướng khô với Mai nha.
audio_01926|Tớ cũng từng khá lung tung để có thể sâu chuỗi 9 phần phim Saw với nhau theo tư tự dòng thời gian.|Tớ cũng từng khá lung tung để có thể sâu chuỗi 9 phần phim Saw với nhau theo tư tự dòng thời gian.
audio_01927|Các bạn hãy thử làm 1 lần.|Các bạn hãy thử làm 1 lần.
audio_01928|Thực hiện nghị quyết 1540 của Hội đồng Bảo an Liên Hợp Quốc về chống phổ biến vũ khí hủy diệt hàng loạt.|Thực hiện nghị quyết 1540 của Hội đồng Bảo an Liên Hợp Quốc về chống phổ biến vũ khí hủy diệt hàng loạt.
audio_01929|Tôi chưa bao giờ nhờ ai giúp đỡ, kể cả trong sự nghiệp.|Tôi chưa bao giờ nhờ ai giúp đỡ, kể cả trong sự nghiệp.
audio_01930|Và mắt anh ta ánh lên vẻ dữ tợn.|Và mắt anh ta ánh lên vẻ dữ tợn.
audio_01931|Tuy nhiên, sau vụ cháy tàu Apollo 1, các kỹ sư buộc phải đánh giá lại quyết định này và cuối cùng đi đến một thỏa hiểm.|Tuy nhiên, sau vụ cháy tàu Apollo 1, các kỹ sư buộc phải đánh giá lại quyết định này và cuối cùng đi đến một thỏa hiểm.
audio_01932|Và không có các đặc điểm rõ ràng trên khuôn mặt.|Và không có các đặc điểm rõ ràng trên khuôn mặt.
audio_01933|Vì ả cho rằng chính cô đã khiến Sam, anh trai của mình bất mạng.|Vì ả cho rằng chính cô đã khiến Sam, anh trai của mình bất mạng.
audio_01934|Tôi, tôi đi giải quyết cái đã nhé.|Tôi, tôi đi giải quyết cái đã nhé.
audio_01935|Đó là lời cảnh cáo của Thượng Thiền đối với trụ vương.|Đó là lời cảnh cáo của Thượng Thiền đối với trụ vương.
audio_01936|Nếu mà các bạn không có cối thì mình băm thật là nhiễn nha.|Nếu mà các bạn không có cối thì mình băm thật là nhiễn nha.
audio_01937|Theo anh em thì đâu mới là kẻ nguy hiểm nhất trong game?|Theo anh em thì đâu mới là kẻ nguy hiểm nhất trong game?
audio_01938|Chỉ có cách đó mới thành công thôi.|Chỉ có cách đó mới thành công thôi.
audio_01939|Mình muốn dùng cách nào thì mình dùng.|Mình muốn dùng cách nào thì mình dùng.
audio_01940|Khác hẳn một tác giả thâm trầm trong hình dung của tôi.|Khác hẳn một tác giả thâm trầm trong hình dung của tôi.
audio_01941|Đây là nguyên tắc của ứng dụng này hiện được cung cấp cho các dịch vụ khẩn cấp ở 80 tỉnh thành trên khắp nước Pháp.|Đây là nguyên tắc của ứng dụng này hiện được cung cấp cho các dịch vụ khẩn cấp ở 80 tỉnh thành trên khắp nước Pháp.
audio_01942|Người thợ làm pháo chăm chút từng ít đất trong tay họ.|Người thợ làm pháo chăm chút từng ít đất trong tay họ.
audio_01943|Rồi em lại biến thành một cái bia, một cái bô, một cái lá trắng cuối cùng. Rồi liệu có một ngã?|Rồi em lại biến thành một cái bia, một cái bô, một cái lá trắng cuối cùng. Rồi liệu có một ngã?
audio_01944|Khi địch lọt bầu thủ kích.|Khi địch lọt bầu thủ kích.
audio_01945|Nên đến cuối mùa thu, nguyên xoái Zhukov và Vasilevsky đã huy động một lực lượng khổng lồ lên đến 80 vạn quân, nhằm chuẩn bị cho cuộc phản công trên quy mô lớn.|Nên đến cuối mùa thu, nguyên xoái Zhukov và Vasilevsky đã huy động một lực lượng khổng lồ lên đến 80 vạn quân, nhằm chuẩn bị cho cuộc phản công trên quy mô lớn.
audio_01946|Trong quá trình đó.|Trong quá trình đó.
audio_01947|Theo một vị nhân sứ Đông Lạc chia sẻ.|Theo một vị nhân sứ Đông Lạc chia sẻ.
audio_01948|Thì khi tim mà nhiệt quá.|Thì khi tim mà nhiệt quá.
audio_01949|Chỉ bởi một phút yếu đuối đúng không?|Chỉ bởi một phút yếu đuối đúng không?
audio_01950|Nếu cậu ta sao chép khả năng đó, nó sẽ không chỉ là điều kỳ diệu, mà cậu ta còn có thể có được các giác quan và tầm nhìn của Gojo.|Nếu cậu ta sao chép khả năng đó, nó sẽ không chỉ là điều kỳ diệu, mà cậu ta còn có thể có được các giác quan và tầm nhìn của Gojo.
audio_01951|Thậm chí, nó còn nghe răng cười khì khì.|Thậm chí, nó còn nghe răng cười khì khì.
audio_01952|Di chuyển cùng nhau với mục đích hỗ trợ và bảo vệ.|Di chuyển cùng nhau với mục đích hỗ trợ và bảo vệ.
audio_01953|Này chú heo con, lúc sáu giờ sáng ngày mai.|Này chú heo con, lúc sáu giờ sáng ngày mai.
audio_01954|Mà bạn đã tạo ra cho chính mình.|Mà bạn đã tạo ra cho chính mình.
audio_01955|Có thể bạn không muốn xây dựng một doanh nghiệp tỷ đô. Có thể bạn chỉ muốn tạo ra nguồn thu nhập ổn định cho gia đình và thoát khỏi nợ nần.|Có thể bạn không muốn xây dựng một doanh nghiệp tỷ đô. Có thể bạn chỉ muốn tạo ra nguồn thu nhập ổn định cho gia đình và thoát khỏi nợ nần.
audio_01956|Và đó là lý do vì sao ổng thành công.|Và đó là lý do vì sao ổng thành công.
audio_01957|Của chị xa hơn rồi.|Của chị xa hơn rồi.
audio_01958|Sống vui sống khỏe sống có ích 13 phút trôi qua rồi và tôi vẫn rất khỏe.|Sống vui sống khỏe sống có ích 13 phút trôi qua rồi và tôi vẫn rất khỏe.
audio_01959|Có một đêm hai mẹ con cãi nhau rất là căng.|Có một đêm hai mẹ con cãi nhau rất là căng.
audio_01960|Ngay cả với sự thận trọng của khoa học.|Ngay cả với sự thận trọng của khoa học.
audio_01961|Các quận huyện đã tổ chức tốt các hoạt động văn hóa, thể thao, lễ hội truyền thống hấp dẫn mới lạ tại các di tích, công trình, văn hóa và điểm du lịch.|Các quận huyện đã tổ chức tốt các hoạt động văn hóa, thể thao, lễ hội truyền thống hấp dẫn mới lạ tại các di tích, công trình, văn hóa và điểm du lịch.
audio_01962|Các dịch vụ đi kèm thường thấy gồm có.|Các dịch vụ đi kèm thường thấy gồm có.
audio_01963|Các địa phương đang nỗ lực triển khai đầu tư hạ tầng kỹ thuật đô thị, bám vào các tiêu chí đô thị 2 còn thiếu.|Các địa phương đang nỗ lực triển khai đầu tư hạ tầng kỹ thuật đô thị, bám vào các tiêu chí đô thị 2 còn thiếu.
audio_01964|Chúng ta sẽ thảo luận về từng điểm này.|Chúng ta sẽ thảo luận về từng điểm này.
audio_01965|Sự tháo vát, ốc sáng tạo.|Sự tháo vát, ốc sáng tạo.
audio_01966|Con nói với má rồi, má cứ đòi tự nấu.|Con nói với má rồi, má cứ đòi tự nấu.
audio_01967|Tôi đã từ chối.|Tôi đã từ chối.
audio_01968|Một tài liệu ghi lại các khoản tiền gửi và rút tiền hoặc các dữ liệu khác.|Một tài liệu ghi lại các khoản tiền gửi và rút tiền hoặc các dữ liệu khác.
audio_01969|Còn chapter 3 thì lối chơi lại theo hướng kinh dị giải đố nên nó cũng không quá phức tạp để phá đảo.|Còn chapter 3 thì lối chơi lại theo hướng kinh dị giải đố nên nó cũng không quá phức tạp để phá đảo.
audio_01970|Và thậm chí là chúng ta phải làm tới cái kháng sinh đồ để biết được xem cái con vi khuẩn đó, nó nhảy với kháng sinh nào, và mình sử dụng kháng sinh cho nó đúng.|Và thậm chí là chúng ta phải làm tới cái kháng sinh đồ để biết được xem cái con vi khuẩn đó, nó nhảy với kháng sinh nào, và mình sử dụng kháng sinh cho nó đúng.
audio_01971|Nên đã mất đi vẻ ngoài xinh đẹp ban đầu.|Nên đã mất đi vẻ ngoài xinh đẹp ban đầu.
audio_01972|Nó là về một cái bánh mì.|Nó là về một cái bánh mì.
audio_01973|Ông mua về cho bà nhà đếm chơi!|Ông mua về cho bà nhà đếm chơi!
audio_01974|Làm thế nào tôi có thể tạo ra sự quan tâm?|Làm thế nào tôi có thể tạo ra sự quan tâm?
audio_01975|Nhưng điều quan trọng nhất là chúng ta đã có những cái giây phút vượt qua chính mình và hạnh phúc khi chúng ta đạt được những cái thành tựu nhất định.|Nhưng điều quan trọng nhất là chúng ta đã có những cái giây phút vượt qua chính mình và hạnh phúc khi chúng ta đạt được những cái thành tựu nhất định.
audio_01976|Cảm ơn ai?|Cảm ơn ai?
audio_01977|Một món ăn tuy là không có nấu nướng gì cả.|Một món ăn tuy là không có nấu nướng gì cả.
audio_01978|Trái này rất giàu chất sư, giàu protein và các khoáng chất như maze, cali, kém.|Trái này rất giàu chất sư, giàu protein và các khoáng chất như maze, cali, kém.
audio_01979|Khi còn là một cậu bé, tôi đã là một nhà phát minh trong gara.|Khi còn là một cậu bé, tôi đã là một nhà phát minh trong gara.
audio_01980|Vị trí nào phải thực sự là nhói.|Vị trí nào phải thực sự là nhói.
audio_01981|Tập cho mình thói quen dọn dẹp nhà cửa thường xuyên.|Tập cho mình thói quen dọn dẹp nhà cửa thường xuyên.
audio_01982|Học tập.|Học tập.
audio_01983|Cây cầu bắt qua cả dòng sông.|Cây cầu bắt qua cả dòng sông.
audio_01984|Ý bỗng thấy gian phòng.|Ý bỗng thấy gian phòng.
audio_01985|Vô làm nhẵn sĩ cả lên đi.|Vô làm nhẵn sĩ cả lên đi.
audio_01986|Ví dụ như các bạn đang hình dung đây là một chiếc iPhone 15 Pro Max đây.|Ví dụ như các bạn đang hình dung đây là một chiếc iPhone 15 Pro Max đây.
audio_01987|Ở Hà Nội.|Ở Hà Nội.
audio_01988|Cả trường xôn xao về việc.|Cả trường xôn xao về việc.
audio_01989|Vào thập niên, vào thập niên 1980, theo tỷ lệ dân số, Đài Loan có nhiều hơn 70% kỹ sư so với Hoa Kỳ.|Vào thập niên, vào thập niên 1980, theo tỷ lệ dân số, Đài Loan có nhiều hơn 70% kỹ sư so với Hoa Kỳ.
audio_01990|Bởi con người là một động vật rất kỳ lạ.|Bởi con người là một động vật rất kỳ lạ.
audio_01991|Vậy nên mọi người vẫn muốn khai thác thêm thông tin.|Vậy nên mọi người vẫn muốn khai thác thêm thông tin.
audio_01992|Có vẻ như ở đây là chủ của bọn tôi.|Có vẻ như ở đây là chủ của bọn tôi.
audio_01993|Họ cũng mô tả và giải thích được hành vi con người và nhiều người làm rất tốt việc này.|Họ cũng mô tả và giải thích được hành vi con người và nhiều người làm rất tốt việc này.
audio_01994|Có lẽ sẽ là con số chẳng bao giờ có thể tính toán được chính xác.|Có lẽ sẽ là con số chẳng bao giờ có thể tính toán được chính xác.
audio_01995|Đối với những người dân Nga hiện tại.|Đối với những người dân Nga hiện tại.
audio_01996|Và hàm F lớn sẽ nhỏ nhất sẽ bằng 0.|Và hàm F lớn sẽ nhỏ nhất sẽ bằng 0.
audio_01997|Ở trong của nó là hình tròn á.|Ở trong của nó là hình tròn á.
audio_01998|Bực bội quá đi.|Bực bội quá đi.
audio_01999|Nhìn cô rồi nói.|Nhìn cô rồi nói.
audio_02000|Con chào mẹ ạ.|Con chào mẹ ạ.
audio_02001|Chỉ có điều là Mark và Carol đang thực sự thái quá trong vấn đề này.|Chỉ có điều là Mark và Carol đang thực sự thái quá trong vấn đề này.
audio_02002|Mọi người có thể thấy là thái nó dễ hơn rất là nhiều.|Mọi người có thể thấy là thái nó dễ hơn rất là nhiều.
audio_02003|Đẹp đôi đấy chứ.|Đẹp đôi đấy chứ.
audio_02004|Xịt tin này khi cho vô nó sẽ giúp cho táo của mình có 1 cái màu đẹp hơn.|Xịt tin này khi cho vô nó sẽ giúp cho táo của mình có 1 cái màu đẹp hơn.
audio_02005|Anh em hãy cẩn thận nhà cửa, đừng có để cháy nổ.|Anh em hãy cẩn thận nhà cửa, đừng có để cháy nổ.
audio_02006|Cho nên là em biết đâu được nếu em chơi với bạn rồi trò chuyện, làm việc cùng với nhau em có thể học được cái tính chặt chẽ, chi tiết và nghiêm túc của bạn.|Cho nên là em biết đâu được nếu em chơi với bạn rồi trò chuyện, làm việc cùng với nhau em có thể học được cái tính chặt chẽ, chi tiết và nghiêm túc của bạn.
audio_02007|Minh cứ lắp bắp căng thẳng chẳng nói được gì.|Minh cứ lắp bắp căng thẳng chẳng nói được gì.
audio_02008|Tổ chức này bao gồm các chức sắc trong một thôn xã như Tránh Tổng, Lý Trưởng, Trương Tuần, những người cam tâm hoặc bị ép buộc đi theo Pháp.|Tổ chức này bao gồm các chức sắc trong một thôn xã như Tránh Tổng, Lý Trưởng, Trương Tuần, những người cam tâm hoặc bị ép buộc đi theo Pháp.
audio_02009|YouTube hiện đang là một nền tảng online rất nổi tiếng và được phổ biến trên toàn thế giới, tới nhiều những độ tuổi và những lĩnh vực khác nhau.|YouTube hiện đang là một nền tảng online rất nổi tiếng và được phổ biến trên toàn thế giới, tới nhiều những độ tuổi và những lĩnh vực khác nhau.
audio_02010|Nhưng mà tôi rất ám ảnh cái nụ cười của anh rể như người phụ nữ bụng bầu kìa.|Nhưng mà tôi rất ám ảnh cái nụ cười của anh rể như người phụ nữ bụng bầu kìa.
audio_02011|Một cuộc sống thanh bình.|Một cuộc sống thanh bình.
audio_02012|Của sự rèn luyện.|Của sự rèn luyện.
audio_02013|Một đêm nọ, cô giết chết bố mẹ nuôi của mình.|Một đêm nọ, cô giết chết bố mẹ nuôi của mình.
audio_02014|Cũng đừng trách móc bản thân.|Cũng đừng trách móc bản thân.
audio_02015|Và anh không bao giờ quên được sự giúp đỡ của Đại sứ quản Ireland, Đại sứ quản New Zealand.|Và anh không bao giờ quên được sự giúp đỡ của Đại sứ quản Ireland, Đại sứ quản New Zealand.
audio_02016|Cùng với nỗi cô đơn sâu thẳm.|Cùng với nỗi cô đơn sâu thẳm.
audio_02017|Bây giờ mình làm lại cái biển hiệu thì sao?|Bây giờ mình làm lại cái biển hiệu thì sao?
audio_02018|Thì chăm lo được chưa?|Thì chăm lo được chưa?
audio_02019|Bất chấp những rủi ro như vậy, chiến tranh ủy nhiệm vẫn đang thu hút sự tham gia của các cường quốc.|Bất chấp những rủi ro như vậy, chiến tranh ủy nhiệm vẫn đang thu hút sự tham gia của các cường quốc.
audio_02020|Và để mở được nắp quan tài buộc phải dùng điều khiển.|Và để mở được nắp quan tài buộc phải dùng điều khiển.
audio_02021|Hãy đừng quá bất ngờ nếu có những nhân vật mạnh bị xếp ở top dưới, bởi đơn giản vì họ có thể sử dụng tối yêu và những nhân vật yếu được xếp ở top trên.|Hãy đừng quá bất ngờ nếu có những nhân vật mạnh bị xếp ở top dưới, bởi đơn giản vì họ có thể sử dụng tối yêu và những nhân vật yếu được xếp ở top trên.
audio_02022|Hồng xiên quả nhiên biết được cả chuyện mưa, chuyện nắng.|Hồng xiên quả nhiên biết được cả chuyện mưa, chuyện nắng.
audio_02023|Từ thùa bè đến giờ.|Từ thùa bè đến giờ.
audio_02024|Đĩa DVD đựng trong hộp ngang 135mm dài 191mm.|Đĩa DVD đựng trong hộp ngang 135mm dài 191mm.
audio_02025|Lần đầu tiên sau ngận ấy năm tôi mới nhớ đến lời của Carnegie khi nói về cái tôi khác.|Lần đầu tiên sau ngận ấy năm tôi mới nhớ đến lời của Carnegie khi nói về cái tôi khác.
audio_02026|Năm 2020, Toshiba vẫn tiếp tục phát hiện bất thường trong kế toán.|Năm 2020, Toshiba vẫn tiếp tục phát hiện bất thường trong kế toán.
audio_02027|Điều này có nghĩa là trước khi làm điều gì đó, hãy hình dung về kết quả bạn muốn có được.|Điều này có nghĩa là trước khi làm điều gì đó, hãy hình dung về kết quả bạn muốn có được.
audio_02028|Và để sống, để chiến thắng thì không thể mất lòng tin và hy vọng, không thể thiếu ước mơ. Hơn nữa là càng phải biết yêu cái chân, cái thiện, cái mỹ thật sâu sắc để biết cái ác, cái dối trá, cái ti tiền, cái hèn nhát thật sâu sắc.|Và để sống, để chiến thắng thì không thể mất lòng tin và hy vọng, không thể thiếu ước mơ. Hơn nữa là càng phải biết yêu cái chân, cái thiện, cái mỹ thật sâu sắc để biết cái ác, cái dối trá, cái ti tiền, cái hèn nhát thật sâu sắc.
audio_02029|Lạnh lùng thuần túy, cao ngạo mà sắc bén là ánh mắt mà khoảnh khắc ấy anh nhận được.|Lạnh lùng thuần túy, cao ngạo mà sắc bén là ánh mắt mà khoảnh khắc ấy anh nhận được.
audio_02030|Càng ướp lâu thì càng thấm.|Càng ướp lâu thì càng thấm.
audio_02031|Để đạt được kết quả như ngày hôm nay, ông Sâm chia sẻ.|Để đạt được kết quả như ngày hôm nay, ông Sâm chia sẻ.
audio_02032|Thì ngay cả một người như Steve Jobs cũng không thể làm được chuyện đó.|Thì ngay cả một người như Steve Jobs cũng không thể làm được chuyện đó.
audio_02033|Hãy thử điều chỉnh và áp dụng chương trình này vào công việc của bạn và bạn sẽ ngạc nhiên trước kết quả đạt được.|Hãy thử điều chỉnh và áp dụng chương trình này vào công việc của bạn và bạn sẽ ngạc nhiên trước kết quả đạt được.
audio_02034|Tiêu chí nào dễ thực hiện trước.|Tiêu chí nào dễ thực hiện trước.
audio_02035|Đúng như lời ông Trump nói.|Đúng như lời ông Trump nói.
audio_02036|Đến khoảng.. 3, 4 tiếng đồng hồ cúi trái là cái bụng anh nó.. nó đầy hơi nó cứng nha.|Đến khoảng.. 3, 4 tiếng đồng hồ cúi trái là cái bụng anh nó.. nó đầy hơi nó cứng nha.
audio_02037|Trên thực tế, Hoa Kỳ đã nỗ lực để hỗ trợ chính quyền Sài Gòn ở mức cao nhất.|Trên thực tế, Hoa Kỳ đã nỗ lực để hỗ trợ chính quyền Sài Gòn ở mức cao nhất.
audio_02038|Nhớ đến những tin tức xấu về tình hình an ninh.|Nhớ đến những tin tức xấu về tình hình an ninh.
audio_02039|Mà tự thấy vui.|Mà tự thấy vui.
audio_02040|Vì vậy, giới quan sát cho rằng vụ dò dì kế hoạch tấn công cầu Krum khiến Ukraine càng khó có khả năng nhận tên lửa Thoros từ Đức, ít nhất là vào thời điểm hiện tại.|Vì vậy, giới quan sát cho rằng vụ dò dì kế hoạch tấn công cầu Krum khiến Ukraine càng khó có khả năng nhận tên lửa Thoros từ Đức, ít nhất là vào thời điểm hiện tại.
audio_02041|Do đó, Sukuna đột nhiên nhận thức được đạo đức của con người khiến mọi thứ hơi khác so với thời đại mà hắn sống.|Do đó, Sukuna đột nhiên nhận thức được đạo đức của con người khiến mọi thứ hơi khác so với thời đại mà hắn sống.
audio_02042|Tuy nhiên là nó cũng còn một số lớn cớn ở đây.|Tuy nhiên là nó cũng còn một số lớn cớn ở đây.
audio_02043|Bốn bề là quỷ dữ, người vợ núp sau những bụi cây, đi ra được đến đầu làng, thì kinh ngạc nhìn về phía cây đào.|Bốn bề là quỷ dữ, người vợ núp sau những bụi cây, đi ra được đến đầu làng, thì kinh ngạc nhìn về phía cây đào.
audio_02044|Các bạn làm cả bên tay trái và cả bên tay phải.|Các bạn làm cả bên tay trái và cả bên tay phải.
audio_02045|Bước ra khỏi khách sạn.|Bước ra khỏi khách sạn.
audio_02046|Netflix đạt doanh thu lên tới 20,1 tỷ USD từ 167 triệu người dùng.|Netflix đạt doanh thu lên tới 20,1 tỷ USD từ 167 triệu người dùng.
audio_02047|Dốc thoải thoải kéo dài.|Dốc thoải thoải kéo dài.
audio_02048|Trời ơi còn súc chán nữa.|Trời ơi còn súc chán nữa.
audio_02049|Không khí của gia đình Quỳnh Như sao mà êm đềm, hạnh phúc quá.|Không khí của gia đình Quỳnh Như sao mà êm đềm, hạnh phúc quá.
audio_02050|Ngày nay, đôi khi bạn sẽ còn gặp những cây cà na mọc trên các mé sông và cho rất nhiều trái trong mùa nước nổi.|Ngày nay, đôi khi bạn sẽ còn gặp những cây cà na mọc trên các mé sông và cho rất nhiều trái trong mùa nước nổi.
audio_02051|Chỉ có một chai nước hoa nam và bằng chứng cho thấy ai đó đã tắm trước khi xảy ra án mạng.|Chỉ có một chai nước hoa nam và bằng chứng cho thấy ai đó đã tắm trước khi xảy ra án mạng.
audio_02052|Then the young people of Singapore.|Then the young people of Singapore.
audio_02053|Chăm lo Tết, Lan Tỏa yêu thương đến những hoàn cảnh khó khăn với tinh thần thiện nguyện, tấm lòng ấm áp của những người phụ nữ, nhưng vẫn không quên phát triển kinh tế chăm lo hạnh phúc gia đình.|Chăm lo Tết, Lan Tỏa yêu thương đến những hoàn cảnh khó khăn với tinh thần thiện nguyện, tấm lòng ấm áp của những người phụ nữ, nhưng vẫn không quên phát triển kinh tế chăm lo hạnh phúc gia đình.
audio_02054|Có thể hy vọng đề cập mọi cách tiếp cận lịch sử.|Có thể hy vọng đề cập mọi cách tiếp cận lịch sử.
audio_02055|Tuy nhiên, khi chiếc bụng của Richard đã sôi lên vì cơn đói, cả đội lại tiếp tục đối mặt với một nhóm sát thủ nữa do Langston cử đến.|Tuy nhiên, khi chiếc bụng của Richard đã sôi lên vì cơn đói, cả đội lại tiếp tục đối mặt với một nhóm sát thủ nữa do Langston cử đến.
audio_02056|Không tán thưởng.|Không tán thưởng.
audio_02057|Đề mở.|Đề mở.
audio_02058|Đã trói nó đâu.|Đã trói nó đâu.
audio_02059|Bột hạnh nhân các bạn có thể mua ở các hàng nguyên liệu làm bánh.|Bột hạnh nhân các bạn có thể mua ở các hàng nguyên liệu làm bánh.
audio_02060|Cuốn sách được dịch sang nhiều ngôn ngữ khác nhau, nhận được sự quan tâm và đón đọc của nhiều thế hệ đọc giả toàn cầu.|Cuốn sách được dịch sang nhiều ngôn ngữ khác nhau, nhận được sự quan tâm và đón đọc của nhiều thế hệ đọc giả toàn cầu.
audio_02061|Có thể là vì họ sợ gì đó.|Có thể là vì họ sợ gì đó.
audio_02062|Chúng ta khao khát sự chia sẻ, nhưng lại sợ bị tổn thương.|Chúng ta khao khát sự chia sẻ, nhưng lại sợ bị tổn thương.
audio_02063|Và các hoạt động.|Và các hoạt động.
audio_02064|Anh đọc pass mà tim mình đau đớn.|Anh đọc pass mà tim mình đau đớn.
audio_02065|Luân cho rằng bà Bình xây nhà to như thế chắc chắn sẽ có tiền.|Luân cho rằng bà Bình xây nhà to như thế chắc chắn sẽ có tiền.
audio_02066|Tôi quay lại địa ngục, lấy các khối, lấy dây chỉ đan thành len và chế tạo một chiếc giường.|Tôi quay lại địa ngục, lấy các khối, lấy dây chỉ đan thành len và chế tạo một chiếc giường.
audio_02067|Theo như thông tin của hãng ấy, thì sức chứa của máy là đâu đó khoảng chừng 15 bộ châu Âu.|Theo như thông tin của hãng ấy, thì sức chứa của máy là đâu đó khoảng chừng 15 bộ châu Âu.
audio_02068|Nhưng ngoài sàn tập ra, tôi chưa từng tham gia bất kỳ trận ấu đá nào.|Nhưng ngoài sàn tập ra, tôi chưa từng tham gia bất kỳ trận ấu đá nào.
audio_02069|Về cái chết của Nikkaido, anh bị dìm chết sau khi đi cùng với Ichieda và Rokuda vào trong khu rừng tìm kiếm Rekka.|Về cái chết của Nikkaido, anh bị dìm chết sau khi đi cùng với Ichieda và Rokuda vào trong khu rừng tìm kiếm Rekka.
audio_02070|Thái tử MBS lên ngôi trong bối cảnh Ả Rập Xê Út bình thường hóa quan hệ với Iraq từ 2015 thay vì đối đầu như trước đây.|Thái tử MBS lên ngôi trong bối cảnh Ả Rập Xê Út bình thường hóa quan hệ với Iraq từ 2015 thay vì đối đầu như trước đây.
audio_02071|Còn yêu được ngày nào thì hãy hết mình ngày đó.|Còn yêu được ngày nào thì hãy hết mình ngày đó.
audio_02072|Hello mọi người, bây giờ sáng hôm nay thì mình và cả team chuẩn bị rất là nhiều nước ép cho các bạn.|Hello mọi người, bây giờ sáng hôm nay thì mình và cả team chuẩn bị rất là nhiều nước ép cho các bạn.
audio_02073|Các bạn có thể theo dõi nó trên Netflix hoặc trên các nền tảng chiếu phim miễn phí khác không tiện nêu tên.|Các bạn có thể theo dõi nó trên Netflix hoặc trên các nền tảng chiếu phim miễn phí khác không tiện nêu tên.
audio_02074|Để cho rau câu của mình nó được trong hơn nha.|Để cho rau câu của mình nó được trong hơn nha.
audio_02075|Chắc nước ra thì các bạn cũng không có cần là mình chắc quá kỹ.|Chắc nước ra thì các bạn cũng không có cần là mình chắc quá kỹ.
audio_02076|Kênh Nấu Ăn Tú Lê Miền Tây mến chào quý của chú anh chị và các bạn.|Kênh Nấu Ăn Tú Lê Miền Tây mến chào quý của chú anh chị và các bạn.
audio_02077|Là nói thiệt.|Là nói thiệt.
audio_02078|Nấm linh chi và nấm maitake có khả năng giảm huyết áp bằng cách ức chế men chuyển angiotensin, ACE, dược tính tương tự như một số loại thuốc giảm huyết áp.|Nấm linh chi và nấm maitake có khả năng giảm huyết áp bằng cách ức chế men chuyển angiotensin, ACE, dược tính tương tự như một số loại thuốc giảm huyết áp.
audio_02079|Vì thế, bạn lại nhẫn nhị để đường chia các đất nước mình di chuyển lên phía Bắc ở vĩ tuyến 17.|Vì thế, bạn lại nhẫn nhị để đường chia các đất nước mình di chuyển lên phía Bắc ở vĩ tuyến 17.
audio_02080|Em cũng muốn làm.|Em cũng muốn làm.
audio_02081|Tớ rất muốn, nhưng tớ đang chuẩn bị đến nhà Philips.|Tớ rất muốn, nhưng tớ đang chuẩn bị đến nhà Philips.
audio_02082|Khi hiểu thêm về những phương pháp luyện tập sự tránh niệm, đơn giản hóa và xác định một vài điều ưu tiên trong cuộc sống, mà cô muốn dành nhiều thời gian và năng lượng nhất.|Khi hiểu thêm về những phương pháp luyện tập sự tránh niệm, đơn giản hóa và xác định một vài điều ưu tiên trong cuộc sống, mà cô muốn dành nhiều thời gian và năng lượng nhất.
audio_02083|Công tác phòng chống dịch bệnh được thực hiện nghiêm túc theo chỉ đạo của Thủ tướng Chính phủ.|Công tác phòng chống dịch bệnh được thực hiện nghiêm túc theo chỉ đạo của Thủ tướng Chính phủ.
audio_02084|Một cuộc sống hạnh phúc, chỉ có đọc và viết.|Một cuộc sống hạnh phúc, chỉ có đọc và viết.
audio_02085|Từ dưới chân lên trên nóc nhà.|Từ dưới chân lên trên nóc nhà.
audio_02086|Còn bạn thì sao?|Còn bạn thì sao?
audio_02087|Tôi chỉ nghe đôi ba lần bà tôi kể về ông ấy, có nhắc đến cái tên đó.|Tôi chỉ nghe đôi ba lần bà tôi kể về ông ấy, có nhắc đến cái tên đó.
audio_02088|Bà vải có sách.|Bà vải có sách.
audio_02089|Mối quan hệ lâu đời giữa hai quốc gia sẽ vừa giúp Triều Tiên có lựa chọn đa dạng hơn để khôi phục kinh tế và tà trợ thêm cho chương trình hạt nhân, vừa có thể giúp Bình Nhưỡng né tranh các lệnh trừng phạt của Liên Hợp Quốc và các nước khác.|Mối quan hệ lâu đời giữa hai quốc gia sẽ vừa giúp Triều Tiên có lựa chọn đa dạng hơn để khôi phục kinh tế và tà trợ thêm cho chương trình hạt nhân, vừa có thể giúp Bình Nhưỡng né tranh các lệnh trừng phạt của Liên Hợp Quốc và các nước khác.
audio_02090|Nên, tiêu đề này chắc là hấp dẫn á.|Nên, tiêu đề này chắc là hấp dẫn á.
audio_02091|Tự trọng.|Tự trọng.
audio_02092|Sau đó mình sẽ cho qua cái rây này nè.|Sau đó mình sẽ cho qua cái rây này nè.
audio_02093|Chào đón tôi ở đất liền là một tòa tháp.|Chào đón tôi ở đất liền là một tòa tháp.
audio_02094|Vào năm 1964, khi Nhật Bản đăng cai kỳ thế vận hội Olympic đầu tiên của mình, quốc gia này đã làm cả thế giới phải trầm trồ bằng những màn phô trương công nghệ tiên tiến.|Vào năm 1964, khi Nhật Bản đăng cai kỳ thế vận hội Olympic đầu tiên của mình, quốc gia này đã làm cả thế giới phải trầm trồ bằng những màn phô trương công nghệ tiên tiến.
audio_02095|Nhà còn khách khứa.|Nhà còn khách khứa.
audio_02096|Và nếu nhiều dây các cùng hỏng, ngay tận thế Internet có thể xảy ra.|Và nếu nhiều dây các cùng hỏng, ngay tận thế Internet có thể xảy ra.
audio_02097|Lạ lùng thay, bộ phim mà đám đông đó theo dõi lại chính là cuộc đi săn của Robert.|Lạ lùng thay, bộ phim mà đám đông đó theo dõi lại chính là cuộc đi săn của Robert.
audio_02098|Có lẽ tôi không cần phải giới thiệu quá nhiều về người phụ nữ này nữa.|Có lẽ tôi không cần phải giới thiệu quá nhiều về người phụ nữ này nữa.
audio_02099|Hãy giả định rằng tác giả của những nguồn này đáng tin hơn các nhà báo.|Hãy giả định rằng tác giả của những nguồn này đáng tin hơn các nhà báo.
audio_02100|Trước tiên thì mình sẽ cho tôm và thịt vào trong cái tô lớn.|Trước tiên thì mình sẽ cho tôm và thịt vào trong cái tô lớn.
audio_02101|Trong cùng khi ấy chỉ có duy nhất hai vị đích công chúa là Hàng Đề, con gái của Thái Hậu và Cảnh Sát, con gái của Hoàng hậu.|Trong cùng khi ấy chỉ có duy nhất hai vị đích công chúa là Hàng Đề, con gái của Thái Hậu và Cảnh Sát, con gái của Hoàng hậu.
audio_02102|Đối diện với tôi, người bác sĩ chậm chậm châm điếu thuốc lá rồi nói đây là lần đầu tiên ông gặp thứ kỳ lạ như vậy.|Đối diện với tôi, người bác sĩ chậm chậm châm điếu thuốc lá rồi nói đây là lần đầu tiên ông gặp thứ kỳ lạ như vậy.
audio_02103|Vật liệu làm chuồng chủ yếu là gỗ, mái lá cọ, lá dừa, tấm tôn, bro xi măng, lưới thép.|Vật liệu làm chuồng chủ yếu là gỗ, mái lá cọ, lá dừa, tấm tôn, bro xi măng, lưới thép.
audio_02104|Cái sự nhạy cảm.|Cái sự nhạy cảm.
audio_02105|Một thứ nữa là bản thân mình cũng thấy khá là hay và trải nghiệm mình thấy đã ở trên Vision Pro đó là việc xem phim.|Một thứ nữa là bản thân mình cũng thấy khá là hay và trải nghiệm mình thấy đã ở trên Vision Pro đó là việc xem phim.
audio_02106|Mà không nêu rõ cụ thể là khu vực 51.|Mà không nêu rõ cụ thể là khu vực 51.
audio_02107|Một trong những thứ đó là nước, thứ khác là gió, thứ khác nữa là mặt trời, và đó luôn là món quà đến sau những cơn mưa. Hãy cảm nhận mưa đi, giang đôi cánh của con.|Một trong những thứ đó là nước, thứ khác là gió, thứ khác nữa là mặt trời, và đó luôn là món quà đến sau những cơn mưa. Hãy cảm nhận mưa đi, giang đôi cánh của con.
audio_02108|Ông đã không gặp hay liên lạc với cô ấy kể từ đó.|Ông đã không gặp hay liên lạc với cô ấy kể từ đó.
audio_02109|Khoảng 2 ngày là có thể ăn ngon được rồi nè.|Khoảng 2 ngày là có thể ăn ngon được rồi nè.
audio_02110|Còn khi giao tiếp hàng ngày, không cần phục vụ khách hàng, thì mình dùng sir với lại ma'am cho người lớn tuổi hơn mình.|Còn khi giao tiếp hàng ngày, không cần phục vụ khách hàng, thì mình dùng sir với lại ma'am cho người lớn tuổi hơn mình.
audio_02111|Tất cả hệ thống chính trị phải vào cuộc.|Tất cả hệ thống chính trị phải vào cuộc.
audio_02112|Mỗi loại mình sẽ có thể chia thành 4 cục như vậy.|Mỗi loại mình sẽ có thể chia thành 4 cục như vậy.
audio_02113|Đi đường một đoạn thì Elias nói với Jacob rằng anh ta đã tin những sinh vật quái dị mà Jacob chạm mặt là có thật.|Đi đường một đoạn thì Elias nói với Jacob rằng anh ta đã tin những sinh vật quái dị mà Jacob chạm mặt là có thật.
audio_02114|Đây cũng có thể là do con người tạo nên, chứ không phải là do đột biến tự nhiên.|Đây cũng có thể là do con người tạo nên, chứ không phải là do đột biến tự nhiên.
audio_02115|Tại nhà bếp, nhân vật chính một lần nữa gặp lại cả nhóm.|Tại nhà bếp, nhân vật chính một lần nữa gặp lại cả nhóm.
audio_02116|Đẹp.|Đẹp.
audio_02117|Ba mẹ tổn thương sẽ nuôi dạy những đứa con tổn thương.|Ba mẹ tổn thương sẽ nuôi dạy những đứa con tổn thương.
audio_02118|Kẻ trụ lại đến cùng mới là người chiến thắng.|Kẻ trụ lại đến cùng mới là người chiến thắng.
audio_02119|Tiếp tục chăm sóc và nhân rộng các tuyến đường hoa, xây dựng cảnh quan xanh sạch đẹp, nâng cao tiêu chí xây dựng nông thôn mới.|Tiếp tục chăm sóc và nhân rộng các tuyến đường hoa, xây dựng cảnh quan xanh sạch đẹp, nâng cao tiêu chí xây dựng nông thôn mới.
audio_02120|Kỹ tính như Him Phil.|Kỹ tính như Him Phil.
audio_02121|Bất cứ ai cũng có thể trở nên xấu xa, chỉ cần trải qua cảm giác ganh tị.|Bất cứ ai cũng có thể trở nên xấu xa, chỉ cần trải qua cảm giác ganh tị.
audio_02122|Để rồi đến một ngày.|Để rồi đến một ngày.
audio_02123|Nó không khiến chúng ta phải mất thời gian để làm quen, để làm mới.|Nó không khiến chúng ta phải mất thời gian để làm quen, để làm mới.
audio_02124|Trong 8 năm, ông đã giấu mặt thành công dưới cái tên đó, xuất bản những cuốn sách như Rage, The Long Walk và Thinner.|Trong 8 năm, ông đã giấu mặt thành công dưới cái tên đó, xuất bản những cuốn sách như Rage, The Long Walk và Thinner.
audio_02125|Nó sẽ thơm.|Nó sẽ thơm.
audio_02126|Bánh này mình để lượng phô mai vào ít vừa đủ nên nó không quá ngậy.|Bánh này mình để lượng phô mai vào ít vừa đủ nên nó không quá ngậy.
audio_02127|Hai nợ nhân được đưa đi khắp cứu trong tình trạng nguy kịch.|Hai nợ nhân được đưa đi khắp cứu trong tình trạng nguy kịch.
audio_02128|Nhưng dù tướng con ngựa được đến thế nào, thì cũng phải cho chạy thử.|Nhưng dù tướng con ngựa được đến thế nào, thì cũng phải cho chạy thử.
audio_02129|Để ném tên chính xác hơn, chúng ta đã tiến hóa đôi cánh tay của mình rắn chắc, linh hoạt hơn.|Để ném tên chính xác hơn, chúng ta đã tiến hóa đôi cánh tay của mình rắn chắc, linh hoạt hơn.
audio_02130|Nhà tôi lúc nào cũng phải có bể nước nó mới phong thủy các bạn ạ.|Nhà tôi lúc nào cũng phải có bể nước nó mới phong thủy các bạn ạ.
audio_02131|Thế mình ghen tị với họ.|Thế mình ghen tị với họ.
audio_02132|Nhà hàng trong xe hơi, driving restaurant, là một hình thức kinh doanh xuất hiện từ đầu những năm 1930 và dần trở nên phổ biến.|Nhà hàng trong xe hơi, driving restaurant, là một hình thức kinh doanh xuất hiện từ đầu những năm 1930 và dần trở nên phổ biến.
audio_02133|Đấng đã gìn giữ sự sống cho chúng ta bảo vệ ta và cho phép chúng ta chạm tới khoảnh khắc này.|Đấng đã gìn giữ sự sống cho chúng ta bảo vệ ta và cho phép chúng ta chạm tới khoảnh khắc này.
audio_02134|Quanh tạc tại thị trường Bắc Mỹ, những kỷ nguyên của Taylor Swift đã chính thức ra mắt tại Việt Nam và nhanh chóng giành vị trí thứ 2 với doanh thu 8,7 tỷ đồng.|Quanh tạc tại thị trường Bắc Mỹ, những kỷ nguyên của Taylor Swift đã chính thức ra mắt tại Việt Nam và nhanh chóng giành vị trí thứ 2 với doanh thu 8,7 tỷ đồng.
audio_02135|Đó là một sự thiếu hụt trên iPhone 15 thường.|Đó là một sự thiếu hụt trên iPhone 15 thường.
audio_02136|Diện bảo phủ Bảo hiểm xã hội duy trì đà tăng, quyền lợi của người dân, người lao động tham gia các chính sách được bảo đảm đã thiết thực góp phần nổi rộng, củng cố vững chắc nền tảng an sinh xã hội.|Diện bảo phủ Bảo hiểm xã hội duy trì đà tăng, quyền lợi của người dân, người lao động tham gia các chính sách được bảo đảm đã thiết thực góp phần nổi rộng, củng cố vững chắc nền tảng an sinh xã hội.
audio_02137|Nó cứ chạy tới chạy lui mà nó bị treo máy.|Nó cứ chạy tới chạy lui mà nó bị treo máy.
audio_02138|Để hỏi ý kiến các nhà tiên tri của Amon.|Để hỏi ý kiến các nhà tiên tri của Amon.
audio_02139|Bạn có thể áp dụng những sức mạnh ấy.|Bạn có thể áp dụng những sức mạnh ấy.
audio_02140|Đó là tôi quyết định phải tắm rửa sạch sẽ, gột sạch bản thân.|Đó là tôi quyết định phải tắm rửa sạch sẽ, gột sạch bản thân.
audio_02141|Không làm mất thêm thời gian của các bạn nữa, chúng ta sẽ bắt đầu video ngay bây giờ.|Không làm mất thêm thời gian của các bạn nữa, chúng ta sẽ bắt đầu video ngay bây giờ.
audio_02142|Khi tìm thấy một chấm phản chiếu màu đỏ, bạn cần bật đèn pin để kiểm tra xem có camera ẩn hay không.|Khi tìm thấy một chấm phản chiếu màu đỏ, bạn cần bật đèn pin để kiểm tra xem có camera ẩn hay không.
audio_02143|Như vậy có một tỷ lệ khá lớn mọi người là không muốn chơi trò chơi này.|Như vậy có một tỷ lệ khá lớn mọi người là không muốn chơi trò chơi này.
audio_02144|Theo cảm nhận của mình khi đọc tác phẩm, mình nghĩ nguồn cơn cho mọi hành động sai lệch của chú Tiểu chính là nỗi thất vọng.|Theo cảm nhận của mình khi đọc tác phẩm, mình nghĩ nguồn cơn cho mọi hành động sai lệch của chú Tiểu chính là nỗi thất vọng.
audio_02145|Nếu không học hành chăm chỉ và đạt thành tích theo các tiêu chuẩn của trường học, thông thường hoặc đại học, thì coi như bạn không có tương lai.|Nếu không học hành chăm chỉ và đạt thành tích theo các tiêu chuẩn của trường học, thông thường hoặc đại học, thì coi như bạn không có tương lai.
audio_02146|Theo thời gian, các tầng lớp văn hóa dân gian được bao trùm lên theo lịch sử của dân tộc, và cũng không biết từ bao giờ ngôi đền đã là nơi tôn thờ mẫu.|Theo thời gian, các tầng lớp văn hóa dân gian được bao trùm lên theo lịch sử của dân tộc, và cũng không biết từ bao giờ ngôi đền đã là nơi tôn thờ mẫu.
audio_02147|Khi không còn ai có thể cứu vớt ngành công nghiệp tài chính tham lam, Fed sẽ là người giang tay và chính người lao động sẽ phải trả cái giá đắt nhất trong cơn suy thoái tồi tệ mà họ chưa bao giờ gây ra.|Khi không còn ai có thể cứu vớt ngành công nghiệp tài chính tham lam, Fed sẽ là người giang tay và chính người lao động sẽ phải trả cái giá đắt nhất trong cơn suy thoái tồi tệ mà họ chưa bao giờ gây ra.
audio_02148|Cả hai chúng ta, Gustafson, và tất cả mọi người biết chị ấy.|Cả hai chúng ta, Gustafson, và tất cả mọi người biết chị ấy.
audio_02149|Nhưng mình cho trước vào trong đây 1 ít để mình xay cơm nguội nha.|Nhưng mình cho trước vào trong đây 1 ít để mình xay cơm nguội nha.
audio_02150|Chăn ga gối niệm là nó có rất là nhiều vi khuẩn.|Chăn ga gối niệm là nó có rất là nhiều vi khuẩn.
audio_02151|Kẻ trộm là người lao công.|Kẻ trộm là người lao công.
audio_02152|Trộn cho đến khi nào những hạt đậu đều áo được một lớp trứng ở bên ngoài như thế này là đạt.|Trộn cho đến khi nào những hạt đậu đều áo được một lớp trứng ở bên ngoài như thế này là đạt.
audio_02153|Cái thao ăn chán chưa.|Cái thao ăn chán chưa.
audio_02154|Tùy theo cô bác anh chị thích làm bao nhiêu cánh hoa thì mình sẽ cắt nha.|Tùy theo cô bác anh chị thích làm bao nhiêu cánh hoa thì mình sẽ cắt nha.
audio_02155|Nó có thể trở thành một phong trào.|Nó có thể trở thành một phong trào.
audio_02156|Bản thân được con trai thứ hai, vốn là người thân thiết với Howard trong gia đình, giờ đây cũng bẽ bảng nhận ra sự thật gã không phải là một người cha tốt khi có mối quan hệ ngoài luồng.|Bản thân được con trai thứ hai, vốn là người thân thiết với Howard trong gia đình, giờ đây cũng bẽ bảng nhận ra sự thật gã không phải là một người cha tốt khi có mối quan hệ ngoài luồng.
audio_02157|Tôi cứ vẽ bằng sơn dầu đấy.|Tôi cứ vẽ bằng sơn dầu đấy.
audio_02158|Tỏi có tính oxy hóa, kháng khuẩn, khử trùng.|Tỏi có tính oxy hóa, kháng khuẩn, khử trùng.
audio_02159|Chúc mọi người tìm được cho mình ý nghĩa trong cuộc sống và hẹn gặp lại mọi người trong tập podcast lần sau.|Chúc mọi người tìm được cho mình ý nghĩa trong cuộc sống và hẹn gặp lại mọi người trong tập podcast lần sau.
audio_02160|Sau khi mà...|Sau khi mà...
audio_02161|Margaret Mitchell sinh năm 1900 trong một gia đình khá già tại thành phố Atlanta, thủ phủ bang Xhosa, miền đàm nước Mỹ.|Margaret Mitchell sinh năm 1900 trong một gia đình khá già tại thành phố Atlanta, thủ phủ bang Xhosa, miền đàm nước Mỹ.
audio_02162|Với bộ lông đen dài rậm và rối bời gầm chi chích hàng ngàn hạt cỏ.|Với bộ lông đen dài rậm và rối bời gầm chi chích hàng ngàn hạt cỏ.
audio_02163|Xong loop này.|Xong loop này.
audio_02164|Phải chăng 12 tông đồ ấy cũng chính là những người nằm giữ trí tuệ siêu Việt?|Phải chăng 12 tông đồ ấy cũng chính là những người nằm giữ trí tuệ siêu Việt?
audio_02165|Nhưng đến giờ tin vẫn còn sống để nghĩ đến họ.|Nhưng đến giờ tin vẫn còn sống để nghĩ đến họ.
audio_02166|Cũng là một lý do dễ hiểu của con người.|Cũng là một lý do dễ hiểu của con người.
audio_02167|Để lại sự quan mang tột độ cho cả gia đình.|Để lại sự quan mang tột độ cho cả gia đình.
audio_02168|Số tiền phải chi ra cho trầm cảm là rất lớn.|Số tiền phải chi ra cho trầm cảm là rất lớn.
audio_02169|Hãy tạo cho họ cơ hội.|Hãy tạo cho họ cơ hội.
audio_02170|Nhưng vừa chạy, tôi vừa phải liếc nhìn con nai lúc ấy đang chạy song hàng với ngựa tôi cách chừng 30 thước.|Nhưng vừa chạy, tôi vừa phải liếc nhìn con nai lúc ấy đang chạy song hàng với ngựa tôi cách chừng 30 thước.
audio_02171|Sáng hình của Nali tuy thấp bé và chắc nịch nhưng lại toát ra một vẻ uy quyền tự nhiên.|Sáng hình của Nali tuy thấp bé và chắc nịch nhưng lại toát ra một vẻ uy quyền tự nhiên.
audio_02172|Nó được một số công chức, tư sản, địa chủ, trí thức sáng lập và phát triển chủ yếu ở các tỉnh thành tại Nam Bộ.|Nó được một số công chức, tư sản, địa chủ, trí thức sáng lập và phát triển chủ yếu ở các tỉnh thành tại Nam Bộ.
audio_02173|Theo từng đợt khóc, tim và phổi sẽ co thắt, nhịp thở dài ra và bị nén lại khá lâu, sẽ không tạo đủ oxy cho máu, điều đó làm ta cảm thấy tệ. Tuy nhiên thì đó là cảm giác trước và trong khi khóc.|Theo từng đợt khóc, tim và phổi sẽ co thắt, nhịp thở dài ra và bị nén lại khá lâu, sẽ không tạo đủ oxy cho máu, điều đó làm ta cảm thấy tệ. Tuy nhiên thì đó là cảm giác trước và trong khi khóc.
audio_02174|Phiên đạn này đã tác động ngược trở lại vũ khí trên tay của Titan cameraman.|Phiên đạn này đã tác động ngược trở lại vũ khí trên tay của Titan cameraman.
audio_02175|Các cậu có thể xem thử 2 tập phim 640 và 641 này để có thể cảm nhận được độ căng của vụ án nghé.|Các cậu có thể xem thử 2 tập phim 640 và 641 này để có thể cảm nhận được độ căng của vụ án nghé.
audio_02176|Khi học được cách kiểm soát khả năng tập trung, bạn sẽ thấy rằng mình hiện diện nhiều hơn khi dành thời gian cho bạn bè và những người thân yêu.|Khi học được cách kiểm soát khả năng tập trung, bạn sẽ thấy rằng mình hiện diện nhiều hơn khi dành thời gian cho bạn bè và những người thân yêu.
audio_02177|Tuy nhiên có những cái tài khoản tốt và những cái tài khoản xấu.|Tuy nhiên có những cái tài khoản tốt và những cái tài khoản xấu.
audio_02178|Em ờ ờ, rồi hả, cất vào ví, đó, mới chỉ là cú sốc đầu tiên thôi.|Em ờ ờ, rồi hả, cất vào ví, đó, mới chỉ là cú sốc đầu tiên thôi.
audio_02179|Đừng nàn trí cho dù chúng ta có đang ở dưới cùng của vực đáy.|Đừng nàn trí cho dù chúng ta có đang ở dưới cùng của vực đáy.
audio_02180|Và nếu như ai trả lời được thì mình sẽ tặng họ 10 đồng tới 20 đồng đô sinh.|Và nếu như ai trả lời được thì mình sẽ tặng họ 10 đồng tới 20 đồng đô sinh.
audio_02181|Xin chào và chào mừng các bạn đến với video cập nhật chiến sự Ukraine trực tiếp trên bản đồ sáng thứ 2 ngày 15 tháng 1.|Xin chào và chào mừng các bạn đến với video cập nhật chiến sự Ukraine trực tiếp trên bản đồ sáng thứ 2 ngày 15 tháng 1.
audio_02182|Thường tà tà thì phường săn về.|Thường tà tà thì phường săn về.
audio_02183|Vì vậy công ty phải tính phí thuê váy áo cao hơn giá mua để bù đắp chi phí.|Vì vậy công ty phải tính phí thuê váy áo cao hơn giá mua để bù đắp chi phí.
audio_02184|Mình đun trên bếp ở lửa nhỏ, vừa đun và khuấy đều để làm chín trứng.|Mình đun trên bếp ở lửa nhỏ, vừa đun và khuấy đều để làm chín trứng.
audio_02185|Thay vào đó anh sẽ đem những điều anh đang học về thú vị và chứa lành để phục vụ cho người khác.|Thay vào đó anh sẽ đem những điều anh đang học về thú vị và chứa lành để phục vụ cho người khác.
audio_02186|Tôi đang nhìn trường hợp ngoại lệ.|Tôi đang nhìn trường hợp ngoại lệ.
audio_02187|Youtube có quá nhiều điều bất ngờ.|Youtube có quá nhiều điều bất ngờ.
audio_02188|Viên đá bí ẩn chính là một mảnh của thiên thạch đó, và tiến sĩ Connor gọi dạng sinh vật này là Symbiote, một dạng ký sinh có khả năng phục hồi ở cấp độ tế bào.|Viên đá bí ẩn chính là một mảnh của thiên thạch đó, và tiến sĩ Connor gọi dạng sinh vật này là Symbiote, một dạng ký sinh có khả năng phục hồi ở cấp độ tế bào.
audio_02189|Để thuyết phục lại lần thứ 2, lần thứ 3, lần thứ 4.|Để thuyết phục lại lần thứ 2, lần thứ 3, lần thứ 4.
audio_02190|Nhưng lần này, Margot một mực muốn cho Will xem vết xẹo của cô.|Nhưng lần này, Margot một mực muốn cho Will xem vết xẹo của cô.
audio_02191|Thật sự, thật sự đó là vợ của mình.|Thật sự, thật sự đó là vợ của mình.
audio_02192|Thời gian qua, người dân khu dân cư Đồng Pháp, phường Ái Quốc, thành phố Hải Dương luôn sống trong tình trạng ô nhiễm môi trường. Nguyên nhân là bởi một hộ gia đình chuyên thu gom, phân loại và xử lý rác thải ngay trong khu dân cư.|Thời gian qua, người dân khu dân cư Đồng Pháp, phường Ái Quốc, thành phố Hải Dương luôn sống trong tình trạng ô nhiễm môi trường. Nguyên nhân là bởi một hộ gia đình chuyên thu gom, phân loại và xử lý rác thải ngay trong khu dân cư.
audio_02193|Vậy có gì mà bộ truyện và bộ anime này lại hot đến vậy? Cùng quay trôi khuya tìm hiểu ngay sau đây nhé!|Vậy có gì mà bộ truyện và bộ anime này lại hot đến vậy? Cùng quay trôi khuya tìm hiểu ngay sau đây nhé!
audio_02194|Và cuối cùng, cuốn sách đã ra đời.|Và cuối cùng, cuốn sách đã ra đời.
audio_02195|Các bạn sẽ được nhận lại như vậy.|Các bạn sẽ được nhận lại như vậy.
audio_02196|Quay trở lại ví dụ trước của chúng ta.|Quay trở lại ví dụ trước của chúng ta.
audio_02197|Lão tiên sinh mở miệng.|Lão tiên sinh mở miệng.
audio_02198|Và tự hỏi mình là lúc đó.|Và tự hỏi mình là lúc đó.
audio_02199|Ông vừa hát, vừa chơi đàn luyết, viết nhạc và dạy nhạc.|Ông vừa hát, vừa chơi đàn luyết, viết nhạc và dạy nhạc.
audio_02200|Thì chị ta đã hẹn em tra rồi nói thẳng mặt.|Thì chị ta đã hẹn em tra rồi nói thẳng mặt.
audio_02201|Của tiến sĩ Phạm Đức Hùng.|Của tiến sĩ Phạm Đức Hùng.
audio_02202|Anretta đã sở hữu mảnh số 6 của nó, nghĩa là vẫn còn rất nhiều mảnh sọ của đề các khác nữa.|Anretta đã sở hữu mảnh số 6 của nó, nghĩa là vẫn còn rất nhiều mảnh sọ của đề các khác nữa.
audio_02203|Độc gồ có một quá khứ anh nhiều lỗi lầm, anh cũng đã có quãng thời gian trả giá cho lỗi lầm của mình.|Độc gồ có một quá khứ anh nhiều lỗi lầm, anh cũng đã có quãng thời gian trả giá cho lỗi lầm của mình.
audio_02204|Kết quả cho thấy tai nạn ở đây xảy ra thường xuyên.|Kết quả cho thấy tai nạn ở đây xảy ra thường xuyên.
audio_02205|Thì cũng như tôi đã nói ở trên.|Thì cũng như tôi đã nói ở trên.
audio_02206|Nhưng đối với cậu thì, cậu đã mang cái xài nhảy đó khắp trường vào đêm qua.|Nhưng đối với cậu thì, cậu đã mang cái xài nhảy đó khắp trường vào đêm qua.
audio_02207|Nên trong chị có tuổi hơn hẳn người bình thường.|Nên trong chị có tuổi hơn hẳn người bình thường.
audio_02208|Dơ đây.|Dơ đây.
audio_02209|Dù bạn là ai và vì bất cứ điều gì đã thôi thúc bạn chọn cuốn sách này, hãy nhớ rằng chúng tôi cảm ơn bạn rất nhiều vì đã chọn chúng tôi trên hành trình hướng tới việc cải thiện cuộc sống của những đứa trẻ mà bạn yêu thương.|Dù bạn là ai và vì bất cứ điều gì đã thôi thúc bạn chọn cuốn sách này, hãy nhớ rằng chúng tôi cảm ơn bạn rất nhiều vì đã chọn chúng tôi trên hành trình hướng tới việc cải thiện cuộc sống của những đứa trẻ mà bạn yêu thương.
audio_02210|Diễn biến thực sự ở tiền tuyến so với các video và tin tức được đưa lên bao giờ cũng chậm hơn.|Diễn biến thực sự ở tiền tuyến so với các video và tin tức được đưa lên bao giờ cũng chậm hơn.
audio_02211|Còn những đợt tấn công bằng máy bay không người lái của họ thì nhắm vào phạm vi này.|Còn những đợt tấn công bằng máy bay không người lái của họ thì nhắm vào phạm vi này.
audio_02212|Chẳng dư ra được.|Chẳng dư ra được.
audio_02213|Ngoài giờ học trên lớp, học sinh biết sắp xếp thời gian học tập, lao động hợp lý, được tham gia vào các hoạt động giải trí, vui chơi, văn nghệ, thể dục thể thao.|Ngoài giờ học trên lớp, học sinh biết sắp xếp thời gian học tập, lao động hợp lý, được tham gia vào các hoạt động giải trí, vui chơi, văn nghệ, thể dục thể thao.
audio_02214|Trên đường đi xuống nhà máy sản xuất.|Trên đường đi xuống nhà máy sản xuất.
audio_02215|Hình thức của học thuyết này không đóng vai trò lớn.|Hình thức của học thuyết này không đóng vai trò lớn.
audio_02216|Một business, một cửa hàng tạo ra một dòng tiền mạnh.|Một business, một cửa hàng tạo ra một dòng tiền mạnh.
audio_02217|Nhưng mà setup hơi bị sai lên lần đầu không thành công.|Nhưng mà setup hơi bị sai lên lần đầu không thành công.
audio_02218|Cùng vào bếp làm thử ngay nha. Chúc các bạn thành công.|Cùng vào bếp làm thử ngay nha. Chúc các bạn thành công.
audio_02219|Món này thì mình có dùng thêm 1 nguyên liệu đặc biệt đó là khô cá ngộ.|Món này thì mình có dùng thêm 1 nguyên liệu đặc biệt đó là khô cá ngộ.
audio_02220|Hàng ngàn năm qua, con người đã biết cách ứng dụng năng lượng mặt trời để trồng trọt, sửa ấm và làm khô thức ăn.|Hàng ngàn năm qua, con người đã biết cách ứng dụng năng lượng mặt trời để trồng trọt, sửa ấm và làm khô thức ăn.
audio_02221|Thì có thời gian các bạn ướp 2 tiếng để cho thịt vịt nấm ngon hơn nhé.|Thì có thời gian các bạn ướp 2 tiếng để cho thịt vịt nấm ngon hơn nhé.
audio_02222|Lúc đi tôi cũng đã thử rủ em đi cùng, năng nỉ, thuyết phục các kiểu. Nhưng em không đi, chỉ bởi lý do là không thích đi, đến nơi nhiều đông người vậy. Như vậy còn chưa đủ.|Lúc đi tôi cũng đã thử rủ em đi cùng, năng nỉ, thuyết phục các kiểu. Nhưng em không đi, chỉ bởi lý do là không thích đi, đến nơi nhiều đông người vậy. Như vậy còn chưa đủ.
audio_02223|Sau khi nắm quyền điều hành, Howard Scoot đã liên tục mở rộng Starbucks và IPO Starbucks thành công.|Sau khi nắm quyền điều hành, Howard Scoot đã liên tục mở rộng Starbucks và IPO Starbucks thành công.
audio_02224|Và nhiều nhiều thứ nữa.|Và nhiều nhiều thứ nữa.
audio_02225|Một nhà thiết kế trang web nhận thấy rằng, các thiết kế tùy chỉnh của cô ấy quá đắt đối với một số người.|Một nhà thiết kế trang web nhận thấy rằng, các thiết kế tùy chỉnh của cô ấy quá đắt đối với một số người.
audio_02226|Chơi với họ vui hơn.|Chơi với họ vui hơn.
audio_02227|Tôi còn nhớ dáng cô Phát đứng cong cong chăm chuối nghe bà chửi.|Tôi còn nhớ dáng cô Phát đứng cong cong chăm chuối nghe bà chửi.
audio_02228|Mọi chuyện cứ như vậy, đến năm 51 tuổi, trải qua gần nửa đời người, Adnan ngày càng cảm nhận được sức mạnh của thủ lĩnh đứng đầu.|Mọi chuyện cứ như vậy, đến năm 51 tuổi, trải qua gần nửa đời người, Adnan ngày càng cảm nhận được sức mạnh của thủ lĩnh đứng đầu.
audio_02229|Các mục tiêu tiếp theo của Nga sẽ là ở hướng bắc vị trí nêu trên.|Các mục tiêu tiếp theo của Nga sẽ là ở hướng bắc vị trí nêu trên.
audio_02230|Loa của máy cũng là một cái điểm cộng rất là lớn trên con Firefly 16G10 này.|Loa của máy cũng là một cái điểm cộng rất là lớn trên con Firefly 16G10 này.
audio_02231|Không chỉ có vậy, hệ thống phóng thẳng đứng của chiếc tàu khu trục mạnh nhất trong biên chế Hải quân Trung Quốc còn có thể triển khai tên lửa trường kiếm 10 hay còn gọi là CJ-10, DH-10 hoặc DF-10.|Không chỉ có vậy, hệ thống phóng thẳng đứng của chiếc tàu khu trục mạnh nhất trong biên chế Hải quân Trung Quốc còn có thể triển khai tên lửa trường kiếm 10 hay còn gọi là CJ-10, DH-10 hoặc DF-10.
audio_02232|Nước Việt Nam ta xưa kia tôn sùng nho giáo, cho là chính đạo độc tôn.|Nước Việt Nam ta xưa kia tôn sùng nho giáo, cho là chính đạo độc tôn.
audio_02233|Và đừng quên, đó là hãy xem video này với những người tò mò giống như các bạn.|Và đừng quên, đó là hãy xem video này với những người tò mò giống như các bạn.
audio_02234|Cây chúng tôi lưu ý là khu phía đông bộ thì là trọng tâm thủ đô Hà Nội thì trong năm nay chúng tôi nhận định là cái tháng 3 này có khả năng xảy ra những cái hiện tượng là mưa nhỏ, mưa phùn, hiện tượng nổ mở, hiện tượng lưu ý.|Cây chúng tôi lưu ý là khu phía đông bộ thì là trọng tâm thủ đô Hà Nội thì trong năm nay chúng tôi nhận định là cái tháng 3 này có khả năng xảy ra những cái hiện tượng là mưa nhỏ, mưa phùn, hiện tượng nổ mở, hiện tượng lưu ý.
audio_02235|Dạ.|Dạ.
audio_02236|Bạn cần lắng nghe và hiểu những gì đối phương nói ra.|Bạn cần lắng nghe và hiểu những gì đối phương nói ra.
audio_02237|Chúng ta có thể đoán sơ qua được luật chơi này.|Chúng ta có thể đoán sơ qua được luật chơi này.
audio_02238|Nói thêm, thanh năng lượng từ gốc là energy bar một loại thức ăn nhỏ gọn chứa ngũ cốc và các thành phần giàu năng lượng khác giúp người ăn nhanh chóng phục hồi sức lực.|Nói thêm, thanh năng lượng từ gốc là energy bar một loại thức ăn nhỏ gọn chứa ngũ cốc và các thành phần giàu năng lượng khác giúp người ăn nhanh chóng phục hồi sức lực.
audio_02239|Người đã giúp tôi thực hiện nghiên cứu.|Người đã giúp tôi thực hiện nghiên cứu.
audio_02240|Kiếm tiền, chia sẻ suy nghĩ.|Kiếm tiền, chia sẻ suy nghĩ.
audio_02241|Ta đâu có ngốc mà để các người lựa.|Ta đâu có ngốc mà để các người lựa.
audio_02242|Trong đó, có 1 phần 3 là gốc phơ đến từ nước ngoài.|Trong đó, có 1 phần 3 là gốc phơ đến từ nước ngoài.
audio_02243|Mình cũng xay luôn.|Mình cũng xay luôn.
audio_02244|Và không dài dòng hơn nữa, cùng tôi bắt đầu với nội trung chính ngay bây giờ nhá.|Và không dài dòng hơn nữa, cùng tôi bắt đầu với nội trung chính ngay bây giờ nhá.
audio_02245|Đồng thời, tách trà tương tự cũng được tìm thấy tại Thiểu Trang Don.|Đồng thời, tách trà tương tự cũng được tìm thấy tại Thiểu Trang Don.
audio_02246|Có hai phiên bản phổ biến nhất về teke teke được lưu truyền rộng rãi tại Nhật Bản.|Có hai phiên bản phổ biến nhất về teke teke được lưu truyền rộng rãi tại Nhật Bản.
audio_02247|Họ yêu cầu bạn phải tự giải quyết vấn đề của mình.|Họ yêu cầu bạn phải tự giải quyết vấn đề của mình.
audio_02248|Có thể nói rằng chưa có một tác phẩm nào đã thay đổi tư tưởng của thời cận đại một cách vang dội như tác phẩm phê phán lý tính thuần túy của ông.|Có thể nói rằng chưa có một tác phẩm nào đã thay đổi tư tưởng của thời cận đại một cách vang dội như tác phẩm phê phán lý tính thuần túy của ông.
audio_02249|Và tôi thật sự đã tin anh.|Và tôi thật sự đã tin anh.
audio_02250|Ngao gác gì mà heo beo hết rồi ai mua.|Ngao gác gì mà heo beo hết rồi ai mua.
audio_02251|Do các cơ quan chức năng biên soạn có tính chất tổng kết xúc tích, vì vậy không thể viết chi tiết mọi sự kiện cụ thể.|Do các cơ quan chức năng biên soạn có tính chất tổng kết xúc tích, vì vậy không thể viết chi tiết mọi sự kiện cụ thể.
audio_02252|Mặt khác, ông ấy hy vọng Inuyasha sẽ yêu một nửa con người của mình và bảo vệ con người như chính Toga đã hy vọng làm được.|Mặt khác, ông ấy hy vọng Inuyasha sẽ yêu một nửa con người của mình và bảo vệ con người như chính Toga đã hy vọng làm được.
audio_02253|Những chú quạ nhỏ các con của bố xin hãy tha thứ cho ta.|Những chú quạ nhỏ các con của bố xin hãy tha thứ cho ta.
audio_02254|Bạn sẽ nhận thấy các đồng nghiệp chiếu cố bạn nhiều hơn.|Bạn sẽ nhận thấy các đồng nghiệp chiếu cố bạn nhiều hơn.
audio_02255|Ngoài ra, du khách còn được thưởng thức ẩm thực.|Ngoài ra, du khách còn được thưởng thức ẩm thực.
audio_02256|Sau khi quét xong, cô tiếp tục nhận được tin nhắn đe dọa từ kẻ biến thái ẩn danh kia.|Sau khi quét xong, cô tiếp tục nhận được tin nhắn đe dọa từ kẻ biến thái ẩn danh kia.
audio_02257|Nhiều người tin rằng bức ảnh này là giả mạo khi người đàn ông đang đứng ở mô đất quá băng phẳng để làm khu vực khai quật.|Nhiều người tin rằng bức ảnh này là giả mạo khi người đàn ông đang đứng ở mô đất quá băng phẳng để làm khu vực khai quật.
audio_02258|Là 1 cái đặt cược.|Là 1 cái đặt cược.
audio_02259|Rồi, bây giờ thì mình sẽ xuống dưới nhà.|Rồi, bây giờ thì mình sẽ xuống dưới nhà.
audio_02260|Với những người cao tuổi nên đi khám định kỳ để phát hiện sớm, lại trừ những yếu tố nguy cơ dẫn đến đột quỵ.|Với những người cao tuổi nên đi khám định kỳ để phát hiện sớm, lại trừ những yếu tố nguy cơ dẫn đến đột quỵ.
audio_02261|Tôi cố gắng để lấy điện thoại của mình ra gọi cảnh sát.|Tôi cố gắng để lấy điện thoại của mình ra gọi cảnh sát.
audio_02262|Địch sẽ bị ta chặn lại bởi hàng giao điện tử dọc dưới tuyến.|Địch sẽ bị ta chặn lại bởi hàng giao điện tử dọc dưới tuyến.
audio_02263|Tại buổi lễ ra mắt câu lạc bộ, đồng chí Nguyễn Ngọc Bình, ủy viên Ban thường vụ tỉnh ủy, bí thư thành ủy đã đến dự động viên và tặng hòa chúc mừng.|Tại buổi lễ ra mắt câu lạc bộ, đồng chí Nguyễn Ngọc Bình, ủy viên Ban thường vụ tỉnh ủy, bí thư thành ủy đã đến dự động viên và tặng hòa chúc mừng.
audio_02264|Qua giai đoạn 2, dạy sớm.|Qua giai đoạn 2, dạy sớm.
audio_02265|Mình vừa cho nước vào vừa khuấy lên.|Mình vừa cho nước vào vừa khuấy lên.
audio_02266|Tôi có nhiều bạn là người cáo, người cá sấu hay là người khủng long nè.|Tôi có nhiều bạn là người cáo, người cá sấu hay là người khủng long nè.
audio_02267|Cũng lấy cảm hứng từ chiếc gia.|Cũng lấy cảm hứng từ chiếc gia.
audio_02268|Một con sói lớn tiếp cận hai vợ chồng trong lúc họ đứng bên ngoài nhà.|Một con sói lớn tiếp cận hai vợ chồng trong lúc họ đứng bên ngoài nhà.
audio_02269|Về phía bắc cầu Cồng Vàng là nơi sinh sống của khoảng 7.200 người.|Về phía bắc cầu Cồng Vàng là nơi sinh sống của khoảng 7.200 người.
audio_02270|Năm 1930, Grant Wood đã bị ấn tượng bởi một ngôi nhà gỗ với một cửa sổ của mái vòm nhọn rất lớn được thiết kế theo phong cách kiến trúc Gothic.|Năm 1930, Grant Wood đã bị ấn tượng bởi một ngôi nhà gỗ với một cửa sổ của mái vòm nhọn rất lớn được thiết kế theo phong cách kiến trúc Gothic.
audio_02271|Dường như họ đã từng chơi chung một tựa game nào đó.|Dường như họ đã từng chơi chung một tựa game nào đó.
audio_02272|Nếu các bạn cảm thấy thích video này.|Nếu các bạn cảm thấy thích video này.
audio_02273|Không lâu sau, chuồng điện thoại đổ.|Không lâu sau, chuồng điện thoại đổ.
audio_02274|Tác giả sách sử dụng nhiều trích dẫn từ các tác phẩm của.|Tác giả sách sử dụng nhiều trích dẫn từ các tác phẩm của.
audio_02275|Mỗi lần xem lại có một suy nghĩ khác với những diễn biến nội dung của phim.|Mỗi lần xem lại có một suy nghĩ khác với những diễn biến nội dung của phim.
audio_02276|Ủa.|Ủa.
audio_02277|Thời đó camera quan sát còn chưa phổ biến nên nếu không có manh mối cảnh sát không thể tìm ra người đàn ông đó.|Thời đó camera quan sát còn chưa phổ biến nên nếu không có manh mối cảnh sát không thể tìm ra người đàn ông đó.
audio_02278|Không bới thức ăn lộn xộn lên.|Không bới thức ăn lộn xộn lên.
audio_02279|Tương tự lãi xe, Nguyễn Danh Tuyên cho biết là anh mới chạy xe chiều và đêm hôm 17 tháng 2 trên cao tốc Túy Loan, La Sơn và La Sơn Cam Lộ và có một vài cảm nhận cá nhân về cao tốc này.|Tương tự lãi xe, Nguyễn Danh Tuyên cho biết là anh mới chạy xe chiều và đêm hôm 17 tháng 2 trên cao tốc Túy Loan, La Sơn và La Sơn Cam Lộ và có một vài cảm nhận cá nhân về cao tốc này.
audio_02280|Một số loại xiên que phổ biến và được khách hàng ưa chuộng nhất có thể kể đến như cá viên, bò viên, xúc xích, lạp xưởng, thịt viên, ném chua.|Một số loại xiên que phổ biến và được khách hàng ưa chuộng nhất có thể kể đến như cá viên, bò viên, xúc xích, lạp xưởng, thịt viên, ném chua.
audio_02281|Nối tỉnh Quảng Trị với Thừa Thiên Huế mới được phân kỳ đầu tư.|Nối tỉnh Quảng Trị với Thừa Thiên Huế mới được phân kỳ đầu tư.
audio_02282|Ok, quay trở lại với cái câu chuyện mà mình đã nêu ra ở đầu video.|Ok, quay trở lại với cái câu chuyện mà mình đã nêu ra ở đầu video.
audio_02283|Cuối cùng, làm gì cũng được, nhưng đừng quên bạn phải sống ý nghĩa nhé!|Cuối cùng, làm gì cũng được, nhưng đừng quên bạn phải sống ý nghĩa nhé!
audio_02284|Vùng 2 Hệ limbic.|Vùng 2 Hệ limbic.
audio_02285|Và cũng xin lỗi các bạn là tối hôm nay chúng ta đã không có video mới nhé.|Và cũng xin lỗi các bạn là tối hôm nay chúng ta đã không có video mới nhé.
audio_02286|Đó là một người đàn ông muốn thoát khỏi cành tầm thường, muốn có một danh tính được xã hội đề cao.|Đó là một người đàn ông muốn thoát khỏi cành tầm thường, muốn có một danh tính được xã hội đề cao.
audio_02287|Cái công cụ.|Cái công cụ.
audio_02288|Mình chỉ học ở cái trường làng bé bé thôi.|Mình chỉ học ở cái trường làng bé bé thôi.
audio_02289|Còn nhiều phần việc cần phải triển khai để ổn định đời sống người dân, suối găng và lục rong sau khi bàn giao về Hải Dương.|Còn nhiều phần việc cần phải triển khai để ổn định đời sống người dân, suối găng và lục rong sau khi bàn giao về Hải Dương.
audio_02290|Toàn huyện có 42 thôn không còn thuộc khu vực 2, khu vực 3, nhiều xã, thôn không được hỗ trợ thẻ bảo hiểm y tế, nên tỷ lệ người dân có thẻ bảo hiểm y tế bị giảm.|Toàn huyện có 42 thôn không còn thuộc khu vực 2, khu vực 3, nhiều xã, thôn không được hỗ trợ thẻ bảo hiểm y tế, nên tỷ lệ người dân có thẻ bảo hiểm y tế bị giảm.
audio_02291|Thông qua phỏng vấn, khảo sát và kinh nghiệm nhiều năm làm việc lâm sàng, tôi phát hiện ra rằng đứt người nhạy cảm có cách tương tác khác nhau với từng người khác nhau.|Thông qua phỏng vấn, khảo sát và kinh nghiệm nhiều năm làm việc lâm sàng, tôi phát hiện ra rằng đứt người nhạy cảm có cách tương tác khác nhau với từng người khác nhau.
audio_02292|Săn đã làm xong kế hoạch cho năm 2022 rồi.|Săn đã làm xong kế hoạch cho năm 2022 rồi.
audio_02293|Làm sao mà hạnh phúc.|Làm sao mà hạnh phúc.
audio_02294|Và, đói với vui là hai thứ gia vị cần cho tiệc yến, cũng như cần cho bữa cơm sau.|Và, đói với vui là hai thứ gia vị cần cho tiệc yến, cũng như cần cho bữa cơm sau.
audio_02295|Tất nhiên là tôi phi ngay vào rồi, leo theo quả cầu thang chui xuống hầm bí mật, nhặt được một quả táo vàng và một lọ thuốc yếu đuối.|Tất nhiên là tôi phi ngay vào rồi, leo theo quả cầu thang chui xuống hầm bí mật, nhặt được một quả táo vàng và một lọ thuốc yếu đuối.
audio_02296|Bên trong túi sách có một điện thoại di động trị giá khoảng 26 triệu đồng.|Bên trong túi sách có một điện thoại di động trị giá khoảng 26 triệu đồng.
audio_02297|Kẻ nào có lửa thì kẻ đó thống trị.|Kẻ nào có lửa thì kẻ đó thống trị.
audio_02298|Dành cho ông bro.|Dành cho ông bro.
audio_02299|Bột kem whipping thì không bắt buộc nhé.|Bột kem whipping thì không bắt buộc nhé.
audio_02300|Tuy vậy thì tên vô đạo kia lại không có hạt rẻ nào để chữ cả.|Tuy vậy thì tên vô đạo kia lại không có hạt rẻ nào để chữ cả.
audio_02301|Nếu mình thấy đặc quá thì có thể thêm cái dầu hành phi lúc nãy vô cho nó loạn loạn ra để mình quậy đều.|Nếu mình thấy đặc quá thì có thể thêm cái dầu hành phi lúc nãy vô cho nó loạn loạn ra để mình quậy đều.
audio_02302|Là điều dưỡng trưởng, chị Trang thường xuyên chủ động đến buồn bệnh hàng ngày để kiểm tra tay nghề các điều dưỡng viên, tổ chức tập ứng ôn lại các kỹ thuật chuyên môn cho điều dưỡng viên tại khoa nhằm góp phần nâng cao chất lượng chăm sóc người bệnh.|Là điều dưỡng trưởng, chị Trang thường xuyên chủ động đến buồn bệnh hàng ngày để kiểm tra tay nghề các điều dưỡng viên, tổ chức tập ứng ôn lại các kỹ thuật chuyên môn cho điều dưỡng viên tại khoa nhằm góp phần nâng cao chất lượng chăm sóc người bệnh.
audio_02303|Nay quý phi đã tự chuốt lấy sự trừng phạt từ hoàng đế, Nhị Ý khéo nhắc về sự góp sức của hoàng hậu.|Nay quý phi đã tự chuốt lấy sự trừng phạt từ hoàng đế, Nhị Ý khéo nhắc về sự góp sức của hoàng hậu.
audio_02304|Và lúc này thì các loài động vật đã xuất hiện trên đảo cỏ rồi.|Và lúc này thì các loài động vật đã xuất hiện trên đảo cỏ rồi.
audio_02305|Tạo thói quen luôn giúp đỡ người khác và dạy con.|Tạo thói quen luôn giúp đỡ người khác và dạy con.
audio_02306|Rồi sau 5 phút nữa thì mình đã tỉ đưa thêm 2 con gậy mới nha các bạn.|Rồi sau 5 phút nữa thì mình đã tỉ đưa thêm 2 con gậy mới nha các bạn.
audio_02307|Chính Prometheus đã dùng đất xét để nạn ra đàn ông.|Chính Prometheus đã dùng đất xét để nạn ra đàn ông.
audio_02308|Cũng chẳng ai chịu tin.|Cũng chẳng ai chịu tin.
audio_02309|Nhưng mọi cậu bé sinh ra đều có khả năng thể hiện mọi cung bật cảm xúc khác nhau.|Nhưng mọi cậu bé sinh ra đều có khả năng thể hiện mọi cung bật cảm xúc khác nhau.
audio_02310|Ở trên đầu kia thì có một con thác rất đẹp.|Ở trên đầu kia thì có một con thác rất đẹp.
audio_02311|Hoặc là một người nào khác.|Hoặc là một người nào khác.
audio_02312|Chúng tìm cách thủ tiêu cô và xóa sổ tòa tạp đôi Tokyo mới hình thành.|Chúng tìm cách thủ tiêu cô và xóa sổ tòa tạp đôi Tokyo mới hình thành.
audio_02313|Đơn vị ủy thác bản quyền Shichida Educational Institute Việt Nam.|Đơn vị ủy thác bản quyền Shichida Educational Institute Việt Nam.
audio_02314|Và các trại hành quyết.|Và các trại hành quyết.
audio_02315|Viết là 7 ngày không gầu không ngứa.|Viết là 7 ngày không gầu không ngứa.
audio_02316|Điện thoại 0968 382 188 Mr. Thắng, 0965 383 987 Mr. Toại.|Điện thoại 0968 382 188 Mr. Thắng, 0965 383 987 Mr. Toại.
audio_02317|Tùy thuộc vào hình dáng và kích thước lỗ hồng mà họ có thể tạo ra âm thanh khác nhau.|Tùy thuộc vào hình dáng và kích thước lỗ hồng mà họ có thể tạo ra âm thanh khác nhau.
audio_02318|Bảo vệ dậy bảo vệ ơi.|Bảo vệ dậy bảo vệ ơi.
audio_02319|Còn tại Tây Nguyên, trời dịu mát hơn, với nhiệt độ cao nhất sẽ giao động quanh ngưỡng 31 đến 33 độ.|Còn tại Tây Nguyên, trời dịu mát hơn, với nhiệt độ cao nhất sẽ giao động quanh ngưỡng 31 đến 33 độ.
audio_02320|Xét về tổng thể, INS Vikramaditya dài 200 tấn, và có lượng dã nước 44.000 tấn, nhỏ hơn 20% so với tàu sân bay liêu ninh của Trung Quốc.|Xét về tổng thể, INS Vikramaditya dài 200 tấn, và có lượng dã nước 44.000 tấn, nhỏ hơn 20% so với tàu sân bay liêu ninh của Trung Quốc.
audio_02321|Nhà ông Bình có 2 con.|Nhà ông Bình có 2 con.
audio_02322|Những người thợ ngó vào.|Những người thợ ngó vào.
audio_02323|Thì có khi là họ cũng đang sợ hãi.|Thì có khi là họ cũng đang sợ hãi.
audio_02324|Liên tiếp tìm thấy những người Trung Quốc nhập cảnh trái phép chứng tỏ chắc chắn là phải có đường dây.|Liên tiếp tìm thấy những người Trung Quốc nhập cảnh trái phép chứng tỏ chắc chắn là phải có đường dây.
audio_02325|Chị hửi bánh mì.|Chị hửi bánh mì.
audio_02326|Nếu Putin vẫn cứ đánh nhau với nghệ sĩ hài như bây giờ, suy thoái bao lâu chỉ có thể đoán được dựa trên mức độ suy thoái.|Nếu Putin vẫn cứ đánh nhau với nghệ sĩ hài như bây giờ, suy thoái bao lâu chỉ có thể đoán được dựa trên mức độ suy thoái.
audio_02327|Tại OpenAI, 2 trong số 13 thành viên trong nhóm phát triển Sora được xác định là đến từ Trung Quốc.|Tại OpenAI, 2 trong số 13 thành viên trong nhóm phát triển Sora được xác định là đến từ Trung Quốc.
audio_02328|Nhưng dẫu sao đi nữa tôi cũng không quên đưa vào những chỗ dung sai ở nơi nào có thể.|Nhưng dẫu sao đi nữa tôi cũng không quên đưa vào những chỗ dung sai ở nơi nào có thể.
audio_02329|Còn bây giờ, xin chào tạm biệt và hẹn gặp lại.|Còn bây giờ, xin chào tạm biệt và hẹn gặp lại.
audio_02330|Tiến thẳng tới cổng di chuyển.|Tiến thẳng tới cổng di chuyển.
audio_02331|Trận chiến này hay.|Trận chiến này hay.
audio_02332|Sau sắp xếp, dự kiến giảm 619 đơn vị.|Sau sắp xếp, dự kiến giảm 619 đơn vị.
audio_02333|Có giải luôn. Con gái chỉ cần cấp giọng thôi là có giải luôn.|Có giải luôn. Con gái chỉ cần cấp giọng thôi là có giải luôn.
audio_02334|Phía bắc, ở trên đầu đất nước là sa mạc Al-Nafut kết nối với sa mạc Rub Al-Khali, sa mạc cát liền mạch lớn nhất thế giới.|Phía bắc, ở trên đầu đất nước là sa mạc Al-Nafut kết nối với sa mạc Rub Al-Khali, sa mạc cát liền mạch lớn nhất thế giới.
audio_02335|Nội tình của ngoại tình là cuộc đối thoại về nguyên nhân và động cơ của hành động ngoại tình.|Nội tình của ngoại tình là cuộc đối thoại về nguyên nhân và động cơ của hành động ngoại tình.
audio_02336|Nhưng chúng ta yêu nhau như Romeo và Juliet, cực kỳ giống phần 2 New Moon của phim Twilight hay Trạng Vạn.|Nhưng chúng ta yêu nhau như Romeo và Juliet, cực kỳ giống phần 2 New Moon của phim Twilight hay Trạng Vạn.
audio_02337|Vỏ não trước tráng là nơi chúng ta muốn tổ chức hành vi và suy nghĩ với các mục tiêu chúng ta đã vạch ra.|Vỏ não trước tráng là nơi chúng ta muốn tổ chức hành vi và suy nghĩ với các mục tiêu chúng ta đã vạch ra.
audio_02338|Đừng để đôi mắt tâm hồn trái tim của mình bị mù lòa.|Đừng để đôi mắt tâm hồn trái tim của mình bị mù lòa.
audio_02339|Vì đây là game chạy nhẹ Parkour trá hình, thế nên Dying Light cũng đã dành hẳn ra một căn phòng bí mật cho tựa game có thể được xem là ông tổ của thể loại này.|Vì đây là game chạy nhẹ Parkour trá hình, thế nên Dying Light cũng đã dành hẳn ra một căn phòng bí mật cho tựa game có thể được xem là ông tổ của thể loại này.
audio_02340|Cơn dối loạn mê man thay cho sự tỉnh táo.|Cơn dối loạn mê man thay cho sự tỉnh táo.
audio_02341|Lễ giao nhận quân năm nay tại các địa phương diễn ra trang trọng, trong không khí vui tươi phấn khởi.|Lễ giao nhận quân năm nay tại các địa phương diễn ra trang trọng, trong không khí vui tươi phấn khởi.
audio_02342|Và mình xin chào và hẹn gặp lại ạ.|Và mình xin chào và hẹn gặp lại ạ.
audio_02343|Đầu tiên bà thu xếp một khoản trợ cấp thường niên cho hôn thê của Henry.|Đầu tiên bà thu xếp một khoản trợ cấp thường niên cho hôn thê của Henry.
audio_02344|Và tay mình cũng có thể cho thêm chút xíu dầu ăn cho nó không có dính.|Và tay mình cũng có thể cho thêm chút xíu dầu ăn cho nó không có dính.
audio_02345|Thì cái điều này nó sẽ dẫn đến tâm lý của bà bầu là họ sẽ tự hỏi lại bản thân là.|Thì cái điều này nó sẽ dẫn đến tâm lý của bà bầu là họ sẽ tự hỏi lại bản thân là.
audio_02346|Bao nhiêu năm qua, tao đã phải đánh đổi rất nhiều thứ chỉ cho một mục đích duy nhất.|Bao nhiêu năm qua, tao đã phải đánh đổi rất nhiều thứ chỉ cho một mục đích duy nhất.
audio_02347|Bây giờ mình quay trở lại phần 2 trước.|Bây giờ mình quay trở lại phần 2 trước.
audio_02348|Mình lấy ra được rồi nè.|Mình lấy ra được rồi nè.
audio_02349|Blue chạy đến phía tôi ở trong bếp.|Blue chạy đến phía tôi ở trong bếp.
audio_02350|Phận con trai 12 bến nước.|Phận con trai 12 bến nước.
audio_02351|Chỉ cần thực thể ở cách khu vực nổ không quá xa thì quá bom sẽ hiệu quả.|Chỉ cần thực thể ở cách khu vực nổ không quá xa thì quá bom sẽ hiệu quả.
audio_02352|Một diễn biến quan trọng dẫn đến áp lực bán cạn kiệt là việc FTX hoàn tất việc bán số cổ phiếu GBTC nắm giữ đáng kể của mình.|Một diễn biến quan trọng dẫn đến áp lực bán cạn kiệt là việc FTX hoàn tất việc bán số cổ phiếu GBTC nắm giữ đáng kể của mình.
audio_02353|Đứa nào mồ hôi cũng vã cả da, ướt đẫm.|Đứa nào mồ hôi cũng vã cả da, ướt đẫm.
audio_02354|Những trải nghiệm đau đớn có thể quay trở lại, áp đạo lý trí, khiến chúng ta suy giảm khả năng phán xét, dẫn ta đến thẳng vùng đá ngầm chứa đầy ký ức tổn thương.|Những trải nghiệm đau đớn có thể quay trở lại, áp đạo lý trí, khiến chúng ta suy giảm khả năng phán xét, dẫn ta đến thẳng vùng đá ngầm chứa đầy ký ức tổn thương.
audio_02355|Và 15% của 1.500 bạn là 225 bạn rồi, nghỉ mà không cần offer một vị trí khác.|Và 15% của 1.500 bạn là 225 bạn rồi, nghỉ mà không cần offer một vị trí khác.
audio_02356|Không thể lấy cái nào hết.|Không thể lấy cái nào hết.
audio_02357|Trên con đường đó, bạn sẽ đối mặt với nhiều thử thách.|Trên con đường đó, bạn sẽ đối mặt với nhiều thử thách.
audio_02358|Đây là một tiên tri bị sai.|Đây là một tiên tri bị sai.
audio_02359|Nếu bị tiếp xúc vùng mắt, cần rửa nhiều bằng nước muối sinh lý 0,9%.|Nếu bị tiếp xúc vùng mắt, cần rửa nhiều bằng nước muối sinh lý 0,9%.
audio_02360|Phía tận cùng là một khe hẹp tôi lách người chui vào và gặp một anh bạn đồng nghiệp đang cầm cái máy tính trên tay.|Phía tận cùng là một khe hẹp tôi lách người chui vào và gặp một anh bạn đồng nghiệp đang cầm cái máy tính trên tay.
audio_02361|Cũng như là có thể là có những cái điều mà người khác người ta làm được nhưng mình cảm thấy là tò mò và mình cảm thấy là mình cũng muốn phân tích cái đó.|Cũng như là có thể là có những cái điều mà người khác người ta làm được nhưng mình cảm thấy là tò mò và mình cảm thấy là mình cũng muốn phân tích cái đó.
audio_02362|Số nhiều đàn ông là Frenchman. Số nhiều phụ nữ là Frenchwomen.|Số nhiều đàn ông là Frenchman. Số nhiều phụ nữ là Frenchwomen.
audio_02363|Thang vừa đến nơi, cửa mở ra, sát của dì Trần đốn ngược vào trong.|Thang vừa đến nơi, cửa mở ra, sát của dì Trần đốn ngược vào trong.
audio_02364|Rachel vốn được yêu thích vì vẻ ngoài xinh đẹp từ nhỏ.|Rachel vốn được yêu thích vì vẻ ngoài xinh đẹp từ nhỏ.
audio_02365|Nhằm giúp chúng ta phát triển kỹ năng nghe và nói thông qua chuyện lửa, mưa và con hổ hung hăng.|Nhằm giúp chúng ta phát triển kỹ năng nghe và nói thông qua chuyện lửa, mưa và con hổ hung hăng.
audio_02366|Cò bạch rung rung đôi cánh.|Cò bạch rung rung đôi cánh.
audio_02367|Bởi vì hãy vững lòng tin là 1 năm, 2 năm sau thôi.|Bởi vì hãy vững lòng tin là 1 năm, 2 năm sau thôi.
audio_02368|Nhưng không giống như con nhện trước đây, con chó này mạnh hơn Jin-woo rất nhiều.|Nhưng không giống như con nhện trước đây, con chó này mạnh hơn Jin-woo rất nhiều.
audio_02369|Ông ta mặc chiếc áo choàng sẫm màu, cổ áo kéo lên cao, quanh cổ còn choàng thêm cái khăn.|Ông ta mặc chiếc áo choàng sẫm màu, cổ áo kéo lên cao, quanh cổ còn choàng thêm cái khăn.
audio_02370|Cái gì? 50 triệu hả?|Cái gì? 50 triệu hả?
audio_02371|Thế nên tôi sẽ không bao giờ mua thêm bất kỳ sản phẩm nào của công ty anh nữa.|Thế nên tôi sẽ không bao giờ mua thêm bất kỳ sản phẩm nào của công ty anh nữa.
audio_02372|Còn đối với những cái bạn mà nắm rất là nhiều về lý thuyết ấy nhưng mà kết quả cuối cùng là theo tuần, theo tháng, theo năm, theo vài năm thậm chí các bạn vẫn thua lỗ và bạn cháy tài khoản.|Còn đối với những cái bạn mà nắm rất là nhiều về lý thuyết ấy nhưng mà kết quả cuối cùng là theo tuần, theo tháng, theo năm, theo vài năm thậm chí các bạn vẫn thua lỗ và bạn cháy tài khoản.
audio_02373|Đúng thế.|Đúng thế.
audio_02374|Và bắt đầu nó sôi nhẹ và nó trong lại như vầy rồi.|Và bắt đầu nó sôi nhẹ và nó trong lại như vầy rồi.
audio_02375|Theo Benjamin Franklin, chỉ có sách vở mới có thể trang bị cho chúng ta một vốn tự đa dạng và phong phú.|Theo Benjamin Franklin, chỉ có sách vở mới có thể trang bị cho chúng ta một vốn tự đa dạng và phong phú.
audio_02376|Và bước thứ 2 thì các bạn dùng cái vòi nước.|Và bước thứ 2 thì các bạn dùng cái vòi nước.
audio_02377|Tòa án Nhân dân tỉnh Đồng Nai vừa mở phiên tòa xét xử và tuyên phạt bị cáo Nguyễn Mạnh Trí, 50 tuổi, ngụ huyện Tráng Bơm, tỉnh Đồng Nai, 12 năm tù giam, về tội giết người.|Tòa án Nhân dân tỉnh Đồng Nai vừa mở phiên tòa xét xử và tuyên phạt bị cáo Nguyễn Mạnh Trí, 50 tuổi, ngụ huyện Tráng Bơm, tỉnh Đồng Nai, 12 năm tù giam, về tội giết người.
audio_02378|Từ đây, một cánh cửa lúc trước bị khóa cũng sẽ được mở ra.|Từ đây, một cánh cửa lúc trước bị khóa cũng sẽ được mở ra.
audio_02379|Chúng tôi đã quyết định là quay lại với nhau.|Chúng tôi đã quyết định là quay lại với nhau.
audio_02380|Chúa đã cho người Do Thái thứ mà họ cần sau ba ngày nghỉ lễ cầu nguyện kết thúc.|Chúa đã cho người Do Thái thứ mà họ cần sau ba ngày nghỉ lễ cầu nguyện kết thúc.
audio_02381|Cam ruột đỏ chứa các hợp chất thúc đẩy cơ thể sản sinh insulin, góp phần cải thiện khả năng dùng nạp đường glucosa của cơ thể.|Cam ruột đỏ chứa các hợp chất thúc đẩy cơ thể sản sinh insulin, góp phần cải thiện khả năng dùng nạp đường glucosa của cơ thể.
audio_02382|Sự thật thứ ba, cá sấu có thể nhịn thở từ 2 tới 3 phút ở dưới mặt nước.|Sự thật thứ ba, cá sấu có thể nhịn thở từ 2 tới 3 phút ở dưới mặt nước.
audio_02383|Hãy cùng tìm hiểu trong video này nhé!|Hãy cùng tìm hiểu trong video này nhé!
audio_02384|Quy tắc số 21 chính là sử dụng một phiên bản giả định tinh vi.|Quy tắc số 21 chính là sử dụng một phiên bản giả định tinh vi.
audio_02385|Quá trình giải quyết đền bồ, giải phóng mặt bằng cần công khai, minh bạch, công bằng.|Quá trình giải quyết đền bồ, giải phóng mặt bằng cần công khai, minh bạch, công bằng.
audio_02386|Cũng là nhờ nó chăm chỉ tích co bạn.|Cũng là nhờ nó chăm chỉ tích co bạn.
audio_02387|Thuế phương nhập doanh nghiệp cuối năm nó sẽ là 20% trên loại nhuận.|Thuế phương nhập doanh nghiệp cuối năm nó sẽ là 20% trên loại nhuận.
audio_02388|Ở phần cuối của cuốn tiểu thuyết, vào một buổi sáng rất bình thường.|Ở phần cuối của cuốn tiểu thuyết, vào một buổi sáng rất bình thường.
audio_02389|Kỳ băng hà tiếp theo sẽ do con người gây ra.|Kỳ băng hà tiếp theo sẽ do con người gây ra.
audio_02390|Ở một khía cạnh khác, thị trường đôi khi trao đảo bất thường. Thay vì sợ hãi trước sự bất ổn, nhà đầu tư có thể tận dụng cơ hội để mua vào khi giá thấp và bán ra khi giá cổ phiếu vượt lên trên giá trị thực.|Ở một khía cạnh khác, thị trường đôi khi trao đảo bất thường. Thay vì sợ hãi trước sự bất ổn, nhà đầu tư có thể tận dụng cơ hội để mua vào khi giá thấp và bán ra khi giá cổ phiếu vượt lên trên giá trị thực.
audio_02391|Kuon cũng bị đội W cho ăn nò hành.|Kuon cũng bị đội W cho ăn nò hành.
audio_02392|Dây thần kinh trụ của bạn được bảo vệ tốt bởi cơ, mỡ và xương.|Dây thần kinh trụ của bạn được bảo vệ tốt bởi cơ, mỡ và xương.
audio_02393|Và Phú Quốc cũng đã trở thành quê hương thứ hai của họ khi trong những dịp Tết đến xuân về, mọi người cùng sung hợp nấu những món ăn ngon và kể cho nhau nghe những chuyện buồn vui trong một năm đã qua.|Và Phú Quốc cũng đã trở thành quê hương thứ hai của họ khi trong những dịp Tết đến xuân về, mọi người cùng sung hợp nấu những món ăn ngon và kể cho nhau nghe những chuyện buồn vui trong một năm đã qua.
audio_02394|Đến sáng ngày 29 tháng 2, ban quản lý di tích tiến hành họp kiểm điểm các cá nhân có liên quan trong ca trực ngày 25 tháng 2.|Đến sáng ngày 29 tháng 2, ban quản lý di tích tiến hành họp kiểm điểm các cá nhân có liên quan trong ca trực ngày 25 tháng 2.
audio_02395|Thì ra cô tên Nga.|Thì ra cô tên Nga.
audio_02396|Vậy nên tôi cũng bỏ qua nó.|Vậy nên tôi cũng bỏ qua nó.
audio_02397|Vào thời điểm khi nhân vật chính bắt đầu lên tiểu học, cậu đã tập viết một bức thư để khoe ông về điều này.|Vào thời điểm khi nhân vật chính bắt đầu lên tiểu học, cậu đã tập viết một bức thư để khoe ông về điều này.
audio_02398|Thế giới hôm nay thay đổi với tốc độ chống mặt và như một hệ quả tất yếu, chúng ta dễ bị áp lực căng thẳng hơn bao giờ hết.|Thế giới hôm nay thay đổi với tốc độ chống mặt và như một hệ quả tất yếu, chúng ta dễ bị áp lực căng thẳng hơn bao giờ hết.
audio_02399|Bây giờ, quay trở lại với nội dung chính thôi.|Bây giờ, quay trở lại với nội dung chính thôi.
audio_02400|Trong đó, con quỷ Asmodeus tập trung vào việc xâm nhập vào Vatican bằng cách chiếm hữu tà Amorth.|Trong đó, con quỷ Asmodeus tập trung vào việc xâm nhập vào Vatican bằng cách chiếm hữu tà Amorth.
audio_02401|Rồi mình sẽ cho luôn phần muối vô.|Rồi mình sẽ cho luôn phần muối vô.
audio_02402|Bà Tanadier không trả lời.|Bà Tanadier không trả lời.
audio_02403|Những cái bài tập đó mình dịch ra tiếng Việt có nghĩa là luyện tập tương tác mắt hoặc là luyện tập liên kết đôi mắt.|Những cái bài tập đó mình dịch ra tiếng Việt có nghĩa là luyện tập tương tác mắt hoặc là luyện tập liên kết đôi mắt.
audio_02404|Mời bạn cùng Phonos điểm qua 3 nội dung chính trong cuốn sách Hãy tò mò như một đứa trẻ.|Mời bạn cùng Phonos điểm qua 3 nội dung chính trong cuốn sách Hãy tò mò như một đứa trẻ.
audio_02405|Thì thế.|Thì thế.
audio_02406|Nhưng tôi nhất quyết cự tuyệt.|Nhưng tôi nhất quyết cự tuyệt.
audio_02407|Và nhớ lại cái cảm giác mà.|Và nhớ lại cái cảm giác mà.
audio_02408|Không được.|Không được.
audio_02409|Và cho đến một ngày, người thầy này chứng kiến cảnh cậu học sinh vội vàng đẩy xe lăn giúp một người phụ nữ trước khi đi học.|Và cho đến một ngày, người thầy này chứng kiến cảnh cậu học sinh vội vàng đẩy xe lăn giúp một người phụ nữ trước khi đi học.
audio_02410|Bài làm này do tao bịa ra đó.|Bài làm này do tao bịa ra đó.
audio_02411|Làm tan rã hệ thống đồn bốt tháp canh.|Làm tan rã hệ thống đồn bốt tháp canh.
audio_02412|Nở bung hạt ra và bắt đầu nó đã mềm rồi.|Nở bung hạt ra và bắt đầu nó đã mềm rồi.
audio_02413|Bạn chỉ cần bắt đầu và bạn sẽ ngạc nhiên khi biết có bao nhiêu người mình quen biết được và họ sẽ dạy bạn nhiều bao nhiêu.|Bạn chỉ cần bắt đầu và bạn sẽ ngạc nhiên khi biết có bao nhiêu người mình quen biết được và họ sẽ dạy bạn nhiều bao nhiêu.
audio_02414|Sau khi mà bước 1.|Sau khi mà bước 1.
audio_02415|Và thành thật là trước khi quay cái video clip này, anh đã lên một cái kịch bản với nội dung rất chi tiết để cà khịa cực khét cái thói mua sắm đua đòi bất chấp này.|Và thành thật là trước khi quay cái video clip này, anh đã lên một cái kịch bản với nội dung rất chi tiết để cà khịa cực khét cái thói mua sắm đua đòi bất chấp này.
audio_02416|Khi người thí nghiệm làm như thế, anh ta thấy cả hai bàn tay, cái tay thật và cái tay trong gương, cuộn tròn lại thành nắm đấm.|Khi người thí nghiệm làm như thế, anh ta thấy cả hai bàn tay, cái tay thật và cái tay trong gương, cuộn tròn lại thành nắm đấm.
audio_02417|Điều đó phù hợp với kinh nghiệm lâm sàng đang được ghi nhận của chúng tôi.|Điều đó phù hợp với kinh nghiệm lâm sàng đang được ghi nhận của chúng tôi.
audio_02418|Nhưng cần đúng.|Nhưng cần đúng.
audio_02419|Một sĩ quan pháo binh dưới quyền chỉ huy của ông ta đã bị thương trên đường tới Tô Lon.|Một sĩ quan pháo binh dưới quyền chỉ huy của ông ta đã bị thương trên đường tới Tô Lon.
audio_02420|Và khi viết thì nó giải tỏa được căng thẳng rất là nhiều.|Và khi viết thì nó giải tỏa được căng thẳng rất là nhiều.
audio_02421|Đầu tiên bạn sẽ cần phải tiến hành sử dụng cái database đó đã.|Đầu tiên bạn sẽ cần phải tiến hành sử dụng cái database đó đã.
audio_02422|Theo như anh thấy thì cái tàu này chạy khá là êm luôn.|Theo như anh thấy thì cái tàu này chạy khá là êm luôn.
audio_02423|Trong năm 2024, thành phố Đà Nẵng đạt mục tiêu khách do cơ sở lưu trú phục vụ phấn đấu đạt 8,42 triệu lượt, trong đó khách quốc tế 2,5 triệu lượt, khách nội địa 5,92 triệu lượt.|Trong năm 2024, thành phố Đà Nẵng đạt mục tiêu khách do cơ sở lưu trú phục vụ phấn đấu đạt 8,42 triệu lượt, trong đó khách quốc tế 2,5 triệu lượt, khách nội địa 5,92 triệu lượt.
audio_02424|Em bị rồi nè, mới khui hôm kia luôn, nguyên giỏ quà to bự mà xếp ra không đầy được hai đĩa bánh.|Em bị rồi nè, mới khui hôm kia luôn, nguyên giỏ quà to bự mà xếp ra không đầy được hai đĩa bánh.
audio_02425|Anh Hải còn tự tin.|Anh Hải còn tự tin.
audio_02426|Khi đã có được những miếng khoai như thế, tôi sẽ lấy hai chiếc đũa, đặt dọc hai bên miếng khoai.|Khi đã có được những miếng khoai như thế, tôi sẽ lấy hai chiếc đũa, đặt dọc hai bên miếng khoai.
audio_02427|Bộ tài chính.|Bộ tài chính.
audio_02428|Tôi đưa con trỏ chuột vào phía bên phải của màn hình để xem là có bao nhiêu người đang ở trong phòng chat này.|Tôi đưa con trỏ chuột vào phía bên phải của màn hình để xem là có bao nhiêu người đang ở trong phòng chat này.
audio_02429|Cậu ấy không mất tích.|Cậu ấy không mất tích.
audio_02430|Thực ra khoảng 40% những hoạt động ta làm hàng ngày là thói quen.|Thực ra khoảng 40% những hoạt động ta làm hàng ngày là thói quen.
audio_02431|Nói là làm.|Nói là làm.
audio_02432|Vì vậy, nhằm hỗ trợ nông dân tiêu thụ qua kiển trong những ngày cuối năm quý bảo.|Vì vậy, nhằm hỗ trợ nông dân tiêu thụ qua kiển trong những ngày cuối năm quý bảo.
audio_02433|Chắc chắn chúng ta sẽ thích cho những khoản vay vài tỷ hơn.|Chắc chắn chúng ta sẽ thích cho những khoản vay vài tỷ hơn.
audio_02434|Còn đòn tấn công đỏ ta sẽ chỉ có thể né và sẽ có một kỹ năng giúp ta lộn ra phía sau kẻ địch khi chúng ra đòn đỏ.|Còn đòn tấn công đỏ ta sẽ chỉ có thể né và sẽ có một kỹ năng giúp ta lộn ra phía sau kẻ địch khi chúng ra đòn đỏ.
audio_02435|Bạn đã bao giờ tự hỏi tại sao con chó của bạn lại nhai ghế sofa chưa?|Bạn đã bao giờ tự hỏi tại sao con chó của bạn lại nhai ghế sofa chưa?
audio_02436|Hôm nay, Better Version sẽ tiếp tục chia sẻ những gì tinh túy nhất từ một cuốn sách được bán chạy khác và có sức ảnh hưởng lớn hơn của ông, mang tên Cách Sống Từ Bình Thường Trở Nên Phi Thường.|Hôm nay, Better Version sẽ tiếp tục chia sẻ những gì tinh túy nhất từ một cuốn sách được bán chạy khác và có sức ảnh hưởng lớn hơn của ông, mang tên Cách Sống Từ Bình Thường Trở Nên Phi Thường.
audio_02437|Khi bạn tự nhận thức được.|Khi bạn tự nhận thức được.
audio_02438|Khi bột đã rẻ mịn thì mình sẽ để nghỉ khoảng 5-10 phút trong tủ lạnh.|Khi bột đã rẻ mịn thì mình sẽ để nghỉ khoảng 5-10 phút trong tủ lạnh.
audio_02439|Đừng có như vậy.|Đừng có như vậy.
audio_02440|Và cái thứ 3.|Và cái thứ 3.
audio_02441|Chào bạn, mình là Chi Nguyễn, hay còn được biết đến với tên The Present Writer. Mình là tác giả sách, một cuốn sách về chủ nghĩa tối giản.|Chào bạn, mình là Chi Nguyễn, hay còn được biết đến với tên The Present Writer. Mình là tác giả sách, một cuốn sách về chủ nghĩa tối giản.
audio_02442|Để tìm được 4 món đồ này, ta cần phải đọc các manh mối trong cuốn sách cũ.|Để tìm được 4 món đồ này, ta cần phải đọc các manh mối trong cuốn sách cũ.
audio_02443|Bộ phim được quay ở thành phố Tù Châu.|Bộ phim được quay ở thành phố Tù Châu.
audio_02444|Mất hết cả thương hiệu.|Mất hết cả thương hiệu.
audio_02445|Nhưng thực chất là đe dọa, nếu mà còn bén mãn tới em lần nữa, thì mười quả đấm cũng chưa là gì.|Nhưng thực chất là đe dọa, nếu mà còn bén mãn tới em lần nữa, thì mười quả đấm cũng chưa là gì.
audio_02446|Để mai quét một thể.|Để mai quét một thể.
audio_02447|Một điều mà Iraq không hề mong muốn trong bối cảnh đất nước đang hết sức kiệt quệ vì bị cấm vận.|Một điều mà Iraq không hề mong muốn trong bối cảnh đất nước đang hết sức kiệt quệ vì bị cấm vận.
audio_02448|Con có cuộc sống riêng tư của con nữa.|Con có cuộc sống riêng tư của con nữa.
audio_02449|Dịch là tra cứu, tra cứu và tra cứu.|Dịch là tra cứu, tra cứu và tra cứu.
audio_02450|Hoặc khi một người mua mã ACB ở mức giá thấp, kỳ vọng nó lên 30, nhưng chỉ đến 2 năm nó đã quay đầu rồi, thành ra ông này tiếc, sau giá cứ đến gần 2 năm là bán luôn.|Hoặc khi một người mua mã ACB ở mức giá thấp, kỳ vọng nó lên 30, nhưng chỉ đến 2 năm nó đã quay đầu rồi, thành ra ông này tiếc, sau giá cứ đến gần 2 năm là bán luôn.
audio_02451|Chị có 15, 16 tuổi.|Chị có 15, 16 tuổi.
audio_02452|Và 2 muỗng canh là mắm chay hay còn gọi là mắm đậu.|Và 2 muỗng canh là mắm chay hay còn gọi là mắm đậu.
audio_02453|Chẳng phải đó là hành tinh của tên hành tử sao?|Chẳng phải đó là hành tinh của tên hành tử sao?
audio_02454|Tại vì mình là shipper mình sẽ rất là gần với là những cái quán ăn và gần với khách hàng.|Tại vì mình là shipper mình sẽ rất là gần với là những cái quán ăn và gần với khách hàng.
audio_02455|Nếu mà bình thường, chúng tôi có các giám đốc điều hành xem xét những gì diễn ra ngay nay qua ngày khác.|Nếu mà bình thường, chúng tôi có các giám đốc điều hành xem xét những gì diễn ra ngay nay qua ngày khác.
audio_02456|Có câu học y có tiếng, học dược có tiền.|Có câu học y có tiếng, học dược có tiền.
audio_02457|Quá trình hình thành một nhà tư bản Mỹ.|Quá trình hình thành một nhà tư bản Mỹ.
audio_02458|Họ kinh doanh đúng theo là đầu trend luôn.|Họ kinh doanh đúng theo là đầu trend luôn.
audio_02459|Chầm kéo tay cầm ngồi xuống bên cạnh.|Chầm kéo tay cầm ngồi xuống bên cạnh.
audio_02460|Và quên đi toàn thể giấc mơ của thế giới bên ngoài.|Và quên đi toàn thể giấc mơ của thế giới bên ngoài.
audio_02461|Ủy ban nhân dân tỉnh Gia Lai sơ kết triển khai thực hiện đề án 06 của Chính phủ về phát triển ứng dụng dữ liệu về dân cư, định danh và xác thực điện tử, phục vụ chuyển đổi số quốc gia.|Ủy ban nhân dân tỉnh Gia Lai sơ kết triển khai thực hiện đề án 06 của Chính phủ về phát triển ứng dụng dữ liệu về dân cư, định danh và xác thực điện tử, phục vụ chuyển đổi số quốc gia.
audio_02462|Trong đời sống riêng, ông cũng bị dặn co trước ảnh hưởng của gia đình.|Trong đời sống riêng, ông cũng bị dặn co trước ảnh hưởng của gia đình.
audio_02463|Và sau đó là có những việc như là live stream, rồi là quay.|Và sau đó là có những việc như là live stream, rồi là quay.
audio_02464|Cuối cùng, ông cũng nhận được cái gắt đầu của Peter Hammond, đối tác đầu tiên trên hành trình bán bí kíp hoàng kim môn phái của mình.|Cuối cùng, ông cũng nhận được cái gắt đầu của Peter Hammond, đối tác đầu tiên trên hành trình bán bí kíp hoàng kim môn phái của mình.
audio_02465|Có lẽ cũng khó để cưỡng lại sự tò mò, lít trộn một tí, nhưng đừng lo, chúng sẽ lộ diện sớm thôi.|Có lẽ cũng khó để cưỡng lại sự tò mò, lít trộn một tí, nhưng đừng lo, chúng sẽ lộ diện sớm thôi.
audio_02466|Điều này giúp bạn kiên định với mục tiêu của mình và không bị lệch khởi quỹ đạo của thành công.|Điều này giúp bạn kiên định với mục tiêu của mình và không bị lệch khởi quỹ đạo của thành công.
audio_02467|Có thể vì thế mà những dấu tích quan trọng của một thành phố cổ đại đã biến bất.|Có thể vì thế mà những dấu tích quan trọng của một thành phố cổ đại đã biến bất.
audio_02468|Rồi tiếp theo là cặp bánh ít nha các bạn.|Rồi tiếp theo là cặp bánh ít nha các bạn.
audio_02469|Không.|Không.
audio_02470|Nằm trong khuôn khổ tuần văn hóa ẩm thực du lịch và xúc tiến thương mại lễ hội mùa xuân Côn Sơn Kiếp Bạc năm 2024 đã diễn ra chương trình trình diễn áo dài với chủ đề mùa xuân.|Nằm trong khuôn khổ tuần văn hóa ẩm thực du lịch và xúc tiến thương mại lễ hội mùa xuân Côn Sơn Kiếp Bạc năm 2024 đã diễn ra chương trình trình diễn áo dài với chủ đề mùa xuân.
audio_02471|Kịch bản của Rare Exports đang xen nhuẩn nhuyễn giữa các yếu tố siêu thực, hài hước và kinh dị, tạo ra trải nghiệm xem phim hấp dẫn với một định nghĩa về hình tượng Santa Claus quen thuộc.|Kịch bản của Rare Exports đang xen nhuẩn nhuyễn giữa các yếu tố siêu thực, hài hước và kinh dị, tạo ra trải nghiệm xem phim hấp dẫn với một định nghĩa về hình tượng Santa Claus quen thuộc.
audio_02472|Cách đây ít ngày tại thành phố Hạ Long, Quảng Ninh, xảy ra sự việc 1 Thượng úy Công an Phường trong quá trình hỗ trợ gia đình đưa cô gái đi khám bệnh thì bất ngờ bị chính người này dùng hung khí chém vào vào đầu.|Cách đây ít ngày tại thành phố Hạ Long, Quảng Ninh, xảy ra sự việc 1 Thượng úy Công an Phường trong quá trình hỗ trợ gia đình đưa cô gái đi khám bệnh thì bất ngờ bị chính người này dùng hung khí chém vào vào đầu.
audio_02473|Trên cơ sở đó, xây dựng chương trình, kế hoạch cụ thể, sát hợp với tình hình, bảo đảm nâng cao hơn nữa chất lượng giáo dục đào tạo của tỉnh nhà.|Trên cơ sở đó, xây dựng chương trình, kế hoạch cụ thể, sát hợp với tình hình, bảo đảm nâng cao hơn nữa chất lượng giáo dục đào tạo của tỉnh nhà.
audio_02474|Về video thứ ba mình làm đó là tư duy win-win.|Về video thứ ba mình làm đó là tư duy win-win.
audio_02475|Cho đến ngày hôm nay.|Cho đến ngày hôm nay.
audio_02476|Đội trưởng điên hay sao mà gây thêm một đám cháy khác gì thế?|Đội trưởng điên hay sao mà gây thêm một đám cháy khác gì thế?
audio_02477|Bây giờ giả dụ mình có một cái tình huống như thế này đi các bạn.|Bây giờ giả dụ mình có một cái tình huống như thế này đi các bạn.
audio_02478|Margaret khó chịu ra mặt, Mr. Jingles động viên và hứa hẹn sẽ bảo vệ cô.|Margaret khó chịu ra mặt, Mr. Jingles động viên và hứa hẹn sẽ bảo vệ cô.
audio_02479|Chỉ có cuộc sống vì người khác mới đáng giá.|Chỉ có cuộc sống vì người khác mới đáng giá.
audio_02480|Con đường đến trường cũng gập gành núi đá.|Con đường đến trường cũng gập gành núi đá.
audio_02481|Và di sản của Caesar quả thật vô cùng vĩ đại.|Và di sản của Caesar quả thật vô cùng vĩ đại.
audio_02482|Và những phân tích vừa rồi cũng đã tạm khép lại về gà tinh ở Banban Chapter 3.|Và những phân tích vừa rồi cũng đã tạm khép lại về gà tinh ở Banban Chapter 3.
audio_02483|Và bạn mình cũng sẽ ngó cho mình.|Và bạn mình cũng sẽ ngó cho mình.
audio_02484|Còn 18 phút nữa thôi.|Còn 18 phút nữa thôi.
audio_02485|Và khi cho giò heo này vào là cái nước dừa nó sôi hả cho nha.|Và khi cho giò heo này vào là cái nước dừa nó sôi hả cho nha.
audio_02486|Nhưng mà tôi né tránh, tôi không nói về nó.|Nhưng mà tôi né tránh, tôi không nói về nó.
audio_02487|Bên cạnh đó, sản phẩm có tính năng ALLM mang đến những thức phim hành động mực mà và giảm độ trễ.|Bên cạnh đó, sản phẩm có tính năng ALLM mang đến những thức phim hành động mực mà và giảm độ trễ.
audio_02488|Tôi biết tại sao. Do tôi khuyết tật nên không ai tin thật vào tôi.|Tôi biết tại sao. Do tôi khuyết tật nên không ai tin thật vào tôi.
audio_02489|Vậy hãy cùng chờ xem liệu họ có thành công với kế hoạch của mình hay không.|Vậy hãy cùng chờ xem liệu họ có thành công với kế hoạch của mình hay không.
audio_02490|Chúng ta có một video cần thảo luận.|Chúng ta có một video cần thảo luận.
audio_02491|Có thể comment xuống phía dưới cho chúng mình biết nhé.|Có thể comment xuống phía dưới cho chúng mình biết nhé.
audio_02492|Đáp lại câu chuyện trên thì tác giả Kokami Soji đã đưa ra một câu trả lời mà mình tâm đắc vô cùng.|Đáp lại câu chuyện trên thì tác giả Kokami Soji đã đưa ra một câu trả lời mà mình tâm đắc vô cùng.
audio_02493|Nhưng trước sự ăn nguy của đồng loại.|Nhưng trước sự ăn nguy của đồng loại.
audio_02494|Kế hoạch ban đầu của Lucas là thả cô cách lãnh sự quán Anh Quốc ở Milan, một quán đi bộ ngắn và trông thoát.|Kế hoạch ban đầu của Lucas là thả cô cách lãnh sự quán Anh Quốc ở Milan, một quán đi bộ ngắn và trông thoát.
audio_02495|Như đã hiểu.|Như đã hiểu.
audio_02496|Hầu tiên mời đây, dọa sẽ tiếp tục nhắm vào tàu Hoàng Anh sau khi lực lượng này thắng trước tập kích tên lửa khiến tàu Rubema của London chìm mở biển đỏ.|Hầu tiên mời đây, dọa sẽ tiếp tục nhắm vào tàu Hoàng Anh sau khi lực lượng này thắng trước tập kích tên lửa khiến tàu Rubema của London chìm mở biển đỏ.
audio_02497|Và kẻ đồng phạm với Tudor đã để lại dấu vết của hắn, đó là vết hắc ín, một chất lỏng nhớt và rất dính thường được dùng để làm nhựa đường.|Và kẻ đồng phạm với Tudor đã để lại dấu vết của hắn, đó là vết hắc ín, một chất lỏng nhớt và rất dính thường được dùng để làm nhựa đường.
audio_02498|Khi đó, sự tự tin sáng tạo của họ mới bùng nổ.|Khi đó, sự tự tin sáng tạo của họ mới bùng nổ.
audio_02499|Hãy áp dụng những bài học bạn sắp được tìm hiểu.|Hãy áp dụng những bài học bạn sắp được tìm hiểu.
audio_02500|Nghĩ chậm mà chắc, tội gì kết hôn sớm đi rồi chia tay trong phút chốc, thì biết làm thế nào.|Nghĩ chậm mà chắc, tội gì kết hôn sớm đi rồi chia tay trong phút chốc, thì biết làm thế nào.
audio_02501|Mình chỉ đơn giản là cùng đến ăn cơm, làm theo yêu cầu của khách hàng, hành động thân thiết nhất cũng chỉ là nắm tay và hôn má thôi đó.|Mình chỉ đơn giản là cùng đến ăn cơm, làm theo yêu cầu của khách hàng, hành động thân thiết nhất cũng chỉ là nắm tay và hôn má thôi đó.
audio_02502|Khi thi đấu, tôi cố gắng chạy nhanh hết sức để đến được cột mốc đầu tiên.|Khi thi đấu, tôi cố gắng chạy nhanh hết sức để đến được cột mốc đầu tiên.
audio_02503|Còn Việt Nam Cộng Hòa thì sao?|Còn Việt Nam Cộng Hòa thì sao?
audio_02504|Đô tuổi kết hôn trung bình lần đầu của TP.HCM là 29,8 tuổi, cao hơn gần 3 tuổi so với số liệu chung của Việt Nam.|Đô tuổi kết hôn trung bình lần đầu của TP.HCM là 29,8 tuổi, cao hơn gần 3 tuổi so với số liệu chung của Việt Nam.
audio_02505|Đây là câu hỏi kiểm tra về thông tin chi tiết trong bài đọc.|Đây là câu hỏi kiểm tra về thông tin chi tiết trong bài đọc.
audio_02506|Tạm gác lại vấn đề, khi được hỏi về những chấn động vừa xảy ra, ngài thẩm phán đã xác nhận rằng đúng là thị trấn Poisson vừa gặp sự cố.|Tạm gác lại vấn đề, khi được hỏi về những chấn động vừa xảy ra, ngài thẩm phán đã xác nhận rằng đúng là thị trấn Poisson vừa gặp sự cố.
audio_02507|Với một người đàn ông.|Với một người đàn ông.
audio_02508|Nhiều năm sau, Jody dần thoát khỏi ám ảnh tâm lý khi còn nhỏ và đã có thể chấp nhận cha mình một lần nữa.|Nhiều năm sau, Jody dần thoát khỏi ám ảnh tâm lý khi còn nhỏ và đã có thể chấp nhận cha mình một lần nữa.
audio_02509|Và mỗi đêm, giấc mơ đó cứ lặp đi lặp lại.|Và mỗi đêm, giấc mơ đó cứ lặp đi lặp lại.
audio_02510|Anh ta bị đồng nghiệp chế diễu, nhưng khi đồng nghiệp vay tiền thì vẫn ra tay giúp đỡ.|Anh ta bị đồng nghiệp chế diễu, nhưng khi đồng nghiệp vay tiền thì vẫn ra tay giúp đỡ.
audio_02511|Nhưng Mai chỉ dùng 10g thôi.|Nhưng Mai chỉ dùng 10g thôi.
audio_02512|Dùng Facebook khiến con người có vấn đề về tâm lý, tại vì lên đây rồi thì ai cũng mắc bệnh đa nhân cách.|Dùng Facebook khiến con người có vấn đề về tâm lý, tại vì lên đây rồi thì ai cũng mắc bệnh đa nhân cách.
audio_02513|Nhả vía cho các cô gái có bồ biết chiều chuộng nha.|Nhả vía cho các cô gái có bồ biết chiều chuộng nha.
audio_02514|Và hãy cắt giống như mình.|Và hãy cắt giống như mình.
audio_02515|Và vì cả hai người đều nghĩ như vậy, nên sẽ chẳng ai làm gì cả và căn phòng sẽ trở nên bừa bộn.|Và vì cả hai người đều nghĩ như vậy, nên sẽ chẳng ai làm gì cả và căn phòng sẽ trở nên bừa bộn.
audio_02516|Phần cuối của bản tin thời sự hôm nay, mời quý vị và các bạn theo dõi phóng sự sau.|Phần cuối của bản tin thời sự hôm nay, mời quý vị và các bạn theo dõi phóng sự sau.
audio_02517|Tiếp theo là vị trí của thận.|Tiếp theo là vị trí của thận.
audio_02518|Vì vậy, nếu bạn là một người yêu thích việc nấu nướng thì video này sẽ cho bạn một cái nhìn vô cùng thú vị về điều đó.|Vì vậy, nếu bạn là một người yêu thích việc nấu nướng thì video này sẽ cho bạn một cái nhìn vô cùng thú vị về điều đó.
audio_02519|Anh biết cái giọng the the kỳ quái của bà ấy chứ.|Anh biết cái giọng the the kỳ quái của bà ấy chứ.
audio_02520|Các bạn vào tham khảo và làm thử nha.|Các bạn vào tham khảo và làm thử nha.
audio_02521|Theo truyền thống Phật giáo Tây Tạng.|Theo truyền thống Phật giáo Tây Tạng.
audio_02522|Ông miêu tả việc điều hành một cửa hàng bán các sản phẩm ngành sữa nghe thật hào hứng.|Ông miêu tả việc điều hành một cửa hàng bán các sản phẩm ngành sữa nghe thật hào hứng.
audio_02523|Nó được cho ăn.|Nó được cho ăn.
audio_02524|Lực đẩy đến từ một động cơ riêng và các vương tiện này cần một đoạn đường chạy đa ngắn để cất cánh.|Lực đẩy đến từ một động cơ riêng và các vương tiện này cần một đoạn đường chạy đa ngắn để cất cánh.
audio_02525|Khi hành nghề luật.|Khi hành nghề luật.
audio_02526|Cái gì? Ý mày là sao? Tối qua mày quên chưa ăn, đêm qua mày quên chưa ngủ và sáng nay mày quên uống thuốc à?|Cái gì? Ý mày là sao? Tối qua mày quên chưa ăn, đêm qua mày quên chưa ngủ và sáng nay mày quên uống thuốc à?
audio_02527|Thì lúc đó thì tìm hiểu rất là nhiều về các quỹ.|Thì lúc đó thì tìm hiểu rất là nhiều về các quỹ.
audio_02528|Theo đó, từ đầu năm đến nay, xã đã lập biên bản xử phạt hành chính đồng thời báo cáo lên các cơ quan chức năng 3 trường hợp khai thác đất núi trái phép ở các thôn Tân Thành và Như Xuân.|Theo đó, từ đầu năm đến nay, xã đã lập biên bản xử phạt hành chính đồng thời báo cáo lên các cơ quan chức năng 3 trường hợp khai thác đất núi trái phép ở các thôn Tân Thành và Như Xuân.
audio_02529|Ngay sau đó, cái này bị khống chế.|Ngay sau đó, cái này bị khống chế.
audio_02530|Nhưng sinh vật đang đuổi ở đằng sau tôi thì khác.|Nhưng sinh vật đang đuổi ở đằng sau tôi thì khác.
audio_02531|Năm qua, Trạm đã khám và điều trị cho trên 13.000 lượt người bệnh.|Năm qua, Trạm đã khám và điều trị cho trên 13.000 lượt người bệnh.
audio_02532|Kia miết mật.|Kia miết mật.
audio_02533|Rồi anh nói tiếp.|Rồi anh nói tiếp.
audio_02534|Gần như toàn bộ đường sắt của Trung Quốc được kiểm soát bởi Tập đoàn Đường sắt Trung Quốc thuộc sở hữu của nhà nước.|Gần như toàn bộ đường sắt của Trung Quốc được kiểm soát bởi Tập đoàn Đường sắt Trung Quốc thuộc sở hữu của nhà nước.
audio_02535|Thật sự là quá khó luôn đó các bạn.|Thật sự là quá khó luôn đó các bạn.
audio_02536|Thì chắc chắn không phải là.|Thì chắc chắn không phải là.
audio_02537|Bột trong mịn như vầy là được ha.|Bột trong mịn như vầy là được ha.
audio_02538|Còn cái gói này là không phải hàng trắng đâu nha.|Còn cái gói này là không phải hàng trắng đâu nha.
audio_02539|Lời của A đầu nói có lý.|Lời của A đầu nói có lý.
audio_02540|Ngoài ra Yuji cũng được tạo ra như một bản nâng cấp so với các chú thai.|Ngoài ra Yuji cũng được tạo ra như một bản nâng cấp so với các chú thai.
audio_02541|Và cuối cùng, nền tảng thứ ba để xây dựng cuộc sống hạnh phúc đó là siêng năng.|Và cuối cùng, nền tảng thứ ba để xây dựng cuộc sống hạnh phúc đó là siêng năng.
audio_02542|Cuối cùng thì một tầm nhìn như vậy thu hút sức mạnh, nguyên tắc, niềm tin sâu sắc nhất và phẩm chất độc đáo vốn tạo nên phong thái của chúng ta.|Cuối cùng thì một tầm nhìn như vậy thu hút sức mạnh, nguyên tắc, niềm tin sâu sắc nhất và phẩm chất độc đáo vốn tạo nên phong thái của chúng ta.
audio_02543|Cuộc chiến đó vốn dĩ chỉ đang tạm ngừng dưới những điều khoản của một hiệp định ngừng bắn giữa hai bên.|Cuộc chiến đó vốn dĩ chỉ đang tạm ngừng dưới những điều khoản của một hiệp định ngừng bắn giữa hai bên.
audio_02544|Nhà đầu cơ kỳ cựu George Soros kiếm được 2,9 tỷ đô la.|Nhà đầu cơ kỳ cựu George Soros kiếm được 2,9 tỷ đô la.
audio_02545|Mỗi sáng khi thức dậy mình đều uống một cốc nước ấm và mỗi tối trước khi đi ngủ mình đều xúc họng với nước muối.|Mỗi sáng khi thức dậy mình đều uống một cốc nước ấm và mỗi tối trước khi đi ngủ mình đều xúc họng với nước muối.
audio_02546|Trên thực tế, mọi nỗ lực giải quyết xung đột cần tiến hành càng nhanh càng tốt.|Trên thực tế, mọi nỗ lực giải quyết xung đột cần tiến hành càng nhanh càng tốt.
audio_02547|Hạn chế đưa tay lên rụi mắt.|Hạn chế đưa tay lên rụi mắt.
audio_02548|Để tìm đến cái chưa biết.|Để tìm đến cái chưa biết.
audio_02549|Thôi thì cũng như được mở mang đầm mắt.|Thôi thì cũng như được mở mang đầm mắt.
audio_02550|Tôi đòi hỏi phải trải nghiệm đầy đủ khối mâu thuẫn của thời đại tôi. Nó có thể biến châm biếm cay độc thành điều kiện của chân lý.|Tôi đòi hỏi phải trải nghiệm đầy đủ khối mâu thuẫn của thời đại tôi. Nó có thể biến châm biếm cay độc thành điều kiện của chân lý.
audio_02551|Những thân trà lạ màu nâu đỏ bóng loáng được chuốt sạch gai, trẻ đồi trở thành dật liệu trang trí nội thất rất đẹp.|Những thân trà lạ màu nâu đỏ bóng loáng được chuốt sạch gai, trẻ đồi trở thành dật liệu trang trí nội thất rất đẹp.
audio_02552|Công thức cho các loại thuốc này liên tục thay đổi và mỗi người mỗi khác, nhưng thường có một điểm chung.|Công thức cho các loại thuốc này liên tục thay đổi và mỗi người mỗi khác, nhưng thường có một điểm chung.
audio_02553|Đặc biệt vào ban đêm khi có mưa lớn, trên đoạn đường này thường xuyên có người bị tai nạn.|Đặc biệt vào ban đêm khi có mưa lớn, trên đoạn đường này thường xuyên có người bị tai nạn.
audio_02554|Nó quy định rằng công dân Myanmar kết hôn với người nước ngoài sẽ mất quyền ứng cử vào quốc hội và sẽ không thể trở thành người đứng đầu nhà nước nếu có chồng hoặc con có quốc tịch nước ngoài.|Nó quy định rằng công dân Myanmar kết hôn với người nước ngoài sẽ mất quyền ứng cử vào quốc hội và sẽ không thể trở thành người đứng đầu nhà nước nếu có chồng hoặc con có quốc tịch nước ngoài.
audio_02555|Với tiến độ như hiện nay, dự kiến việc gieo cây lúa xuân sẽ đảm bảo kế hoạch để ra là hoàn thành trước ngày 29 tháng 2.|Với tiến độ như hiện nay, dự kiến việc gieo cây lúa xuân sẽ đảm bảo kế hoạch để ra là hoàn thành trước ngày 29 tháng 2.
audio_02556|Nó có chiều cao 60 mét.|Nó có chiều cao 60 mét.
audio_02557|Lucci đã trở lại là một sát thủ lạnh lùng máu lạnh và không hề có bất cứ liên hệ nào với nhân cách trước đó.|Lucci đã trở lại là một sát thủ lạnh lùng máu lạnh và không hề có bất cứ liên hệ nào với nhân cách trước đó.
audio_02558|Một tay cầm chổi, một tay cầm trái ổi chìa ra phía trước.|Một tay cầm chổi, một tay cầm trái ổi chìa ra phía trước.
audio_02559|Nỗi đau đớn vô tận hóa thành những lời ăn năn.|Nỗi đau đớn vô tận hóa thành những lời ăn năn.
audio_02560|Mình nóng máu lắm rồi, mà chồng vẫn bình tĩnh, tra hiệu im lặng.|Mình nóng máu lắm rồi, mà chồng vẫn bình tĩnh, tra hiệu im lặng.
audio_02561|Tôi nghĩ đây là nguyên nhân khiến cho ông Tư bị tử vong.|Tôi nghĩ đây là nguyên nhân khiến cho ông Tư bị tử vong.
audio_02562|Cậu yên tâm đi, Vivica sẽ là hụt này.|Cậu yên tâm đi, Vivica sẽ là hụt này.
audio_02563|Mình ủ trong này khoảng thêm 10 phút nữa đi.|Mình ủ trong này khoảng thêm 10 phút nữa đi.
audio_02564|Ngô lúa phất cơ.|Ngô lúa phất cơ.
audio_02565|Điều này đã dự báo kết cục bi thảm là điều sẽ xảy đến với Andrew.|Điều này đã dự báo kết cục bi thảm là điều sẽ xảy đến với Andrew.
audio_02566|Bình đè thế nào?|Bình đè thế nào?
audio_02567|Vào ban đêm, bạn lái xe Jeep qua khu vực này để xem mọi thứ có ổn không.|Vào ban đêm, bạn lái xe Jeep qua khu vực này để xem mọi thứ có ổn không.
audio_02568|Sau khi đầu quả, cây sẽ cung cấp chất dinh dưỡng để nuôi quả lớn lên.|Sau khi đầu quả, cây sẽ cung cấp chất dinh dưỡng để nuôi quả lớn lên.
audio_02569|Đáp án.|Đáp án.
audio_02570|Thời điểm vang để Trung Quốc tổng phản công đã tới khi Hoa Kỳ không còn dò mỏ để bắt top ai.|Thời điểm vang để Trung Quốc tổng phản công đã tới khi Hoa Kỳ không còn dò mỏ để bắt top ai.
audio_02571|Anh váng vớt và dạo giựt hơn.|Anh váng vớt và dạo giựt hơn.
audio_02572|Rất vinh hạnh, ngài Abel.|Rất vinh hạnh, ngài Abel.
audio_02573|Ở Việt Nam thì câu chuyện của Milotic đi nghĩa vụ trở về, dùng tiền đó để nâng cấp thiết bị thu âm cũng là một ví dụ thú vị.|Ở Việt Nam thì câu chuyện của Milotic đi nghĩa vụ trở về, dùng tiền đó để nâng cấp thiết bị thu âm cũng là một ví dụ thú vị.
audio_02574|Rồi qua đây.|Rồi qua đây.
audio_02575|Đêm Halloween ở Y tế quân, đã mang lại nhiều nỗi đau.|Đêm Halloween ở Y tế quân, đã mang lại nhiều nỗi đau.
audio_02576|Về hình thức, bìa sách khá xinh, màu sắc nhẹ nhàng, bắt mắt, cỡ chữ cũng được thiết kế phù hợp thị hiếu bàn đọc trẻ hiện nay.|Về hình thức, bìa sách khá xinh, màu sắc nhẹ nhàng, bắt mắt, cỡ chữ cũng được thiết kế phù hợp thị hiếu bàn đọc trẻ hiện nay.
audio_02577|Bầu không khí trong phòng nhất thời lại vô cùng tỉnh mịch.|Bầu không khí trong phòng nhất thời lại vô cùng tỉnh mịch.
audio_02578|Nghề làm bánh tráng không chỉ có ở thị trấn chợ Lầu, mà còn được nhiều hộ dân ở các xã khác trong huyện Bắc Bình cũng sản xuất bánh tráng như Hồng Thái, Phan Riến Thành.|Nghề làm bánh tráng không chỉ có ở thị trấn chợ Lầu, mà còn được nhiều hộ dân ở các xã khác trong huyện Bắc Bình cũng sản xuất bánh tráng như Hồng Thái, Phan Riến Thành.
audio_02579|Và nếu như đây cũng là chủ đề mà bạn quan tâm ấy, thì đừng quên bấm subscribe channel của mình để được cùng đồng hành với mình trên hành trình này nhé.|Và nếu như đây cũng là chủ đề mà bạn quan tâm ấy, thì đừng quên bấm subscribe channel của mình để được cùng đồng hành với mình trên hành trình này nhé.
audio_02580|Tại tao thích bịa hơn chứ sao?|Tại tao thích bịa hơn chứ sao?
audio_02581|Mãi đến khi ông Lão Ăn Mày quẻ xuất hiện, thằng Đại mới bị khống chế.|Mãi đến khi ông Lão Ăn Mày quẻ xuất hiện, thằng Đại mới bị khống chế.
audio_02582|Nếu họ nói không, bạn đang ở ngôi làng ngơi những người nói thật sinh sống.|Nếu họ nói không, bạn đang ở ngôi làng ngơi những người nói thật sinh sống.
audio_02583|Trên hòn đảo này.|Trên hòn đảo này.
audio_02584|Nữ chính đã cố gắng tự giải thoát mình nhưng không thể trèo ra khỏi hố.|Nữ chính đã cố gắng tự giải thoát mình nhưng không thể trèo ra khỏi hố.
audio_02585|Và nhiều chữ hơn trên một trang.|Và nhiều chữ hơn trên một trang.
audio_02586|Phạm ở đời biết người là khôn.|Phạm ở đời biết người là khôn.
audio_02587|Mình làm vậy cho hết cây cải.|Mình làm vậy cho hết cây cải.
audio_02588|Vậy nên bây giờ là ông ta sẽ lấy dầu hỏa ở đâu, và làm thế nào để đảm bảo rằng mình là kẻ duy nhất có khả năng vận chuyển dầu hỏa.|Vậy nên bây giờ là ông ta sẽ lấy dầu hỏa ở đâu, và làm thế nào để đảm bảo rằng mình là kẻ duy nhất có khả năng vận chuyển dầu hỏa.
audio_02589|Em thì thoáng vô cùng.|Em thì thoáng vô cùng.
audio_02590|Sau tập 1 là những giới thiệu sơ khai về thế giới trong murder drones, thì tập 2 khép lại để lại trong chúng ta những bí ẩn chưa được khám phá.|Sau tập 1 là những giới thiệu sơ khai về thế giới trong murder drones, thì tập 2 khép lại để lại trong chúng ta những bí ẩn chưa được khám phá.
audio_02591|Cậu sẽ được cười lan cười bò khi xem những màn combat nảy lửa giữa siêu nhân gà và các yêu quái.|Cậu sẽ được cười lan cười bò khi xem những màn combat nảy lửa giữa siêu nhân gà và các yêu quái.
audio_02592|Với San, tất cả những lựa chọn trong cuộc sống, những gì mà chúng ta đã trải qua đều là những điều đúng đắn.|Với San, tất cả những lựa chọn trong cuộc sống, những gì mà chúng ta đã trải qua đều là những điều đúng đắn.
audio_02593|Khoảng 1 phần 4 muỗng cà phê muối.|Khoảng 1 phần 4 muỗng cà phê muối.
audio_02594|Mục đích sau cùng là để chấm dứt bạo lực, giữa hai bên mà người Anh không thể kiểm soát.|Mục đích sau cùng là để chấm dứt bạo lực, giữa hai bên mà người Anh không thể kiểm soát.
audio_02595|Tham dầu em lấy thằng bé ti tỉ tỉ ti.|Tham dầu em lấy thằng bé ti tỉ tỉ ti.
audio_02596|Hơn 70 năm đã trôi qua.|Hơn 70 năm đã trôi qua.
audio_02597|Loạt phim truyền hình Cosmos.|Loạt phim truyền hình Cosmos.
audio_02598|Ta chia một chiếc bánh ra làm ba góc bằng nhau.|Ta chia một chiếc bánh ra làm ba góc bằng nhau.
audio_02599|Phía Nhật Bản đã bắt giữ thuyền trường tàu đánh cá Trung Quốc.|Phía Nhật Bản đã bắt giữ thuyền trường tàu đánh cá Trung Quốc.
audio_02600|Sau Thế chiến thứ nhất, Đức là nước thua trận và ba nước thắng trận là Mỹ, Anh và Pháp.|Sau Thế chiến thứ nhất, Đức là nước thua trận và ba nước thắng trận là Mỹ, Anh và Pháp.
audio_02601|Năm nay, chúng ta sẽ được nghỉ thêm một ngày vào ngày rỗ tổ.|Năm nay, chúng ta sẽ được nghỉ thêm một ngày vào ngày rỗ tổ.
audio_02602|Thì bây giờ mình sẽ lấy 1 cái đũa hoặc là 1 cái nhĩa gì đó.|Thì bây giờ mình sẽ lấy 1 cái đũa hoặc là 1 cái nhĩa gì đó.
audio_02603|Sau đó, ông quyết định bắt đầu quản lý tài chính, phát triển và thực hiện một loạt chiến lược, của riêng mình.|Sau đó, ông quyết định bắt đầu quản lý tài chính, phát triển và thực hiện một loạt chiến lược, của riêng mình.
audio_02604|Cục bông ấy nhắm tịt mắt, ngấy pho pho ngon lạnh.|Cục bông ấy nhắm tịt mắt, ngấy pho pho ngon lạnh.
audio_02605|Vụ án này được xác định gây thiệt hại lớn nhất từ trước cho đến nay, với số tiền lên đến 498.000 tỷ đồng.|Vụ án này được xác định gây thiệt hại lớn nhất từ trước cho đến nay, với số tiền lên đến 498.000 tỷ đồng.
audio_02606|Khi cho tầm ăn, rắc đều thức ăn thành lớp mỏng trên nòng tầm.|Khi cho tầm ăn, rắc đều thức ăn thành lớp mỏng trên nòng tầm.
audio_02607|Những khi nhập học tại Cambridge, họ dẹp bỏ ý tưởng và đóng cửa mạng xã hội nơi trên.|Những khi nhập học tại Cambridge, họ dẹp bỏ ý tưởng và đóng cửa mạng xã hội nơi trên.
audio_02608|Cái chữ này mình muốn nghe nhỏ nhỏ hơn, thì mình nói rằng là auntie.|Cái chữ này mình muốn nghe nhỏ nhỏ hơn, thì mình nói rằng là auntie.
audio_02609|Từ tháng 2 năm 2023, Ủy ban Nhân dân xã Trí Tiên đã tiến hành thu thập tư liệu và xây dựng hồ sơ đề nghị Bộ Văn hóa Thể thao và Du lịch đưa lễ hội truyền thống Đền Du Yến vào danh mục xây dựng hồ sơ xếp hạng di sản văn hóa phi vật thể cấp quốc gia.|Từ tháng 2 năm 2023, Ủy ban Nhân dân xã Trí Tiên đã tiến hành thu thập tư liệu và xây dựng hồ sơ đề nghị Bộ Văn hóa Thể thao và Du lịch đưa lễ hội truyền thống Đền Du Yến vào danh mục xây dựng hồ sơ xếp hạng di sản văn hóa phi vật thể cấp quốc gia.
audio_02610|Cảnh đó được đưa ra chỉ để giúp khán giả biết khó khăn là gì thôi.|Cảnh đó được đưa ra chỉ để giúp khán giả biết khó khăn là gì thôi.
audio_02611|Đi kèm với đó là cơ chế Insight, giống như kiểu đột phá một nhân vật đã đạt cấp giới hạn vậy, để cho nhân vật có thể chạm tới ngưỡng sức mạnh mới.|Đi kèm với đó là cơ chế Insight, giống như kiểu đột phá một nhân vật đã đạt cấp giới hạn vậy, để cho nhân vật có thể chạm tới ngưỡng sức mạnh mới.
audio_02612|Thái hậu cúi đầu suy nghĩ.|Thái hậu cúi đầu suy nghĩ.
audio_02613|Vậy nên, tên nhóm có thể được hiểu là tham vọng muốn trở thành một nhóm nhạc đại diện cho thế hệ này, hoặc thậm chí là một nhóm nhạc trường tồn với thời gian cũng được.|Vậy nên, tên nhóm có thể được hiểu là tham vọng muốn trở thành một nhóm nhạc đại diện cho thế hệ này, hoặc thậm chí là một nhóm nhạc trường tồn với thời gian cũng được.
audio_02614|Thủa xưa có một tên đạo tặc khét tiếng là Hoàng Tiêu Dưỡng.|Thủa xưa có một tên đạo tặc khét tiếng là Hoàng Tiêu Dưỡng.
audio_02615|Thì tôi nghĩ là mọi người nên cho rằng tôi là 1 youtuber thì nó sẽ hợp lý hơn.|Thì tôi nghĩ là mọi người nên cho rằng tôi là 1 youtuber thì nó sẽ hợp lý hơn.
audio_02616|Ngược lại phần tăng cái giảm khoản phải thu.|Ngược lại phần tăng cái giảm khoản phải thu.
audio_02617|Bây giờ các chú đi về các chú lại tông vài xe nữa như này thì bây giờ làm sao?|Bây giờ các chú đi về các chú lại tông vài xe nữa như này thì bây giờ làm sao?
audio_02618|Tôi ở Lạng Sơn, tôi mua vịt quay xuống bóng đinh làm quà.|Tôi ở Lạng Sơn, tôi mua vịt quay xuống bóng đinh làm quà.
audio_02619|Từ 10h30 trưa nay đèo Bảo Lộc được thông xe sau khi được kiểm tra, đánh giá lại mức độ an toàn của tầng bộ tiếng đèo.|Từ 10h30 trưa nay đèo Bảo Lộc được thông xe sau khi được kiểm tra, đánh giá lại mức độ an toàn của tầng bộ tiếng đèo.
audio_02620|Thì giờ đây, sau khi ngồi tù chừng nửa năm, vào năm 2019.|Thì giờ đây, sau khi ngồi tù chừng nửa năm, vào năm 2019.
audio_02621|Sử dụng quy tắc trung bình.|Sử dụng quy tắc trung bình.
audio_02622|Chúng ta muốn anh hoặc cô ấy sống theo một hình ảnh mà thường là sự sáng tạo của trí tưởng tượng của chúng ta dựa trên bộ nhu cầu của chúng ta.|Chúng ta muốn anh hoặc cô ấy sống theo một hình ảnh mà thường là sự sáng tạo của trí tưởng tượng của chúng ta dựa trên bộ nhu cầu của chúng ta.
audio_02623|Chào mừng bạn đến với Nghiệp.|Chào mừng bạn đến với Nghiệp.
audio_02624|Nếu lúc đó tôi có kiến thức về y khoa, chắc là tôi chả dám làm một nửa trong số đó.|Nếu lúc đó tôi có kiến thức về y khoa, chắc là tôi chả dám làm một nửa trong số đó.
audio_02625|Năm lớp 10.|Năm lớp 10.
audio_02626|Sonic kì này tìm đến tận nhà Satama đòi tí thí.|Sonic kì này tìm đến tận nhà Satama đòi tí thí.
audio_02627|Để nhanh chóng cứu cháu bé, lực lượng chức năng đã quyết định khoan đột các tường nhà.|Để nhanh chóng cứu cháu bé, lực lượng chức năng đã quyết định khoan đột các tường nhà.
audio_02628|Chính tôi là thầy dạy anh ta đi hát.|Chính tôi là thầy dạy anh ta đi hát.
audio_02629|Vì con người không tin rằng có kho báu thật.|Vì con người không tin rằng có kho báu thật.
audio_02630|Thế tại sao mà Zenkin mạnh như vậy.|Thế tại sao mà Zenkin mạnh như vậy.
audio_02631|Hãy bình luận bên dưới cho chúng mình biết với nhé.|Hãy bình luận bên dưới cho chúng mình biết với nhé.
audio_02632|Hãy nhớ rằng lưới trời lồng lộng, tuy thừa nhưng khó thoát.|Hãy nhớ rằng lưới trời lồng lộng, tuy thừa nhưng khó thoát.
audio_02633|Theo các bạn, bây giờ mình muốn làm một cái list.|Theo các bạn, bây giờ mình muốn làm một cái list.
audio_02634|Thứ hai là đau dạ dày tá tràng.|Thứ hai là đau dạ dày tá tràng.
audio_02635|Bà Gina cảnh báo Soichi đừng mong dình dọc được gì ở căn nhà này.|Bà Gina cảnh báo Soichi đừng mong dình dọc được gì ở căn nhà này.
audio_02636|Trong một đội hình tác chiến tàu sân bay, các tàu khu trục và tuần dương hạng nhẹ, được tăng cường thay thế cho các tàu tuần dương hạng nặng hay thiết sắp hạng.|Trong một đội hình tác chiến tàu sân bay, các tàu khu trục và tuần dương hạng nhẹ, được tăng cường thay thế cho các tàu tuần dương hạng nặng hay thiết sắp hạng.
audio_02637|Nuôi dưỡng tính kiềm chế.|Nuôi dưỡng tính kiềm chế.
audio_02638|Để đi tìm một việc khác vậy.|Để đi tìm một việc khác vậy.
audio_02639|Nắng nóng tại Nam Bộ, khu vực Tây Bắc, Bắc Bộ và Trung Bộ có khả năng đến sớm và xuất hiện nhiều hơn, gai gắt so với trung bình nhiều năm.|Nắng nóng tại Nam Bộ, khu vực Tây Bắc, Bắc Bộ và Trung Bộ có khả năng đến sớm và xuất hiện nhiều hơn, gai gắt so với trung bình nhiều năm.
audio_02640|Có giá trị ngang bằng 10.000 key, mỗi key có giá 1.8 USD để đổi lấy chiếc mũ với chủ đề Halloween này.|Có giá trị ngang bằng 10.000 key, mỗi key có giá 1.8 USD để đổi lấy chiếc mũ với chủ đề Halloween này.
audio_02641|Ok, giờ chúng ta bắt đầu vào video và phân tích nhé.|Ok, giờ chúng ta bắt đầu vào video và phân tích nhé.
audio_02642|Cấu trúc không chính thống của Al-Qaeda trong môi trường hoạt động tách biệt có nhiều điểm tương đồng với các đối thủ cạnh tranh của doanh nghiệp và gây ảnh hưởng đến mọi lĩnh vực của xã hội.|Cấu trúc không chính thống của Al-Qaeda trong môi trường hoạt động tách biệt có nhiều điểm tương đồng với các đối thủ cạnh tranh của doanh nghiệp và gây ảnh hưởng đến mọi lĩnh vực của xã hội.
audio_02643|Chắc chắn đó là thứ sẽ không ai bỏ qua hết.|Chắc chắn đó là thứ sẽ không ai bỏ qua hết.
audio_02644|Sau khi bình phục chị về tu hội nữ tì thánh thể ở Yuzawazai, vùng Akita.|Sau khi bình phục chị về tu hội nữ tì thánh thể ở Yuzawazai, vùng Akita.
audio_02645|Bây giờ thì Mai sẽ lột sạch vỏ chuối.|Bây giờ thì Mai sẽ lột sạch vỏ chuối.
audio_02646|Đúng lúc này, đã tới thời điểm cử hành đám tang của France nên Richard cùng cả đội nhanh chóng có mặt tại New York.|Đúng lúc này, đã tới thời điểm cử hành đám tang của France nên Richard cùng cả đội nhanh chóng có mặt tại New York.
audio_02647|Cũng chỉ có như vậy bạn mới thành công trong việc làm giàu.|Cũng chỉ có như vậy bạn mới thành công trong việc làm giàu.
audio_02648|Vì ví dụ như lúc 7 giờ mình có 5 đơn hàng trị giá 1 đô.|Vì ví dụ như lúc 7 giờ mình có 5 đơn hàng trị giá 1 đô.
audio_02649|Cũng đã phân nàng vào một vai định trước.|Cũng đã phân nàng vào một vai định trước.
audio_02650|Đọc Tennyson và Byron.|Đọc Tennyson và Byron.
audio_02651|Còn về hiện tại, cũng vài năm gần đây thôi, mình lên mạng đọc được một tin có một bạn sinh viên Trường Đại học Quốc gia lập hẳn một hội trên Facebook hiệp hội những người ghét dân Thanh Hóa.|Còn về hiện tại, cũng vài năm gần đây thôi, mình lên mạng đọc được một tin có một bạn sinh viên Trường Đại học Quốc gia lập hẳn một hội trên Facebook hiệp hội những người ghét dân Thanh Hóa.
audio_02652|Thằng này diễn đơ như cây cơ.|Thằng này diễn đơ như cây cơ.
audio_02653|Tình tiết lúc này nhanh hơn, Jamsuke gần như biến mất và chiều sâu nhân vật dần được quốc lộ. Được đánh giá cao cả về hình ảnh nặng đô gây ám ảnh lẫn cốt truyện được xây dựng tốt.|Tình tiết lúc này nhanh hơn, Jamsuke gần như biến mất và chiều sâu nhân vật dần được quốc lộ. Được đánh giá cao cả về hình ảnh nặng đô gây ám ảnh lẫn cốt truyện được xây dựng tốt.
audio_02654|Trước sự việc trên, bà Triệu Thị Thu, chủ quán phở trên đường Nam Ngư, cũng là người được cho là đã xuất hiện trong bài viết của nam tiktoker này, đã bày tỏ sự thông cảm và cho rằng đây chỉ là câu chuyện hiểu nhầm đáng tiếc.|Trước sự việc trên, bà Triệu Thị Thu, chủ quán phở trên đường Nam Ngư, cũng là người được cho là đã xuất hiện trong bài viết của nam tiktoker này, đã bày tỏ sự thông cảm và cho rằng đây chỉ là câu chuyện hiểu nhầm đáng tiếc.
audio_02655|Tại lễ bàn giao nhà tình thương, có 5 hộ nghèo của xã Đông Hương được nhận hỗ trợ, kinh phí xây dựng mỗi căn trên 50 triệu đồng.|Tại lễ bàn giao nhà tình thương, có 5 hộ nghèo của xã Đông Hương được nhận hỗ trợ, kinh phí xây dựng mỗi căn trên 50 triệu đồng.
audio_02656|Sau đó thì mình sẽ bóp.|Sau đó thì mình sẽ bóp.
audio_02657|Trong một thí nghiệm về tư tưởng nổi tiếng, những con gà Tây ngày ngày được người nông dân chăm ăn chú đáo.|Trong một thí nghiệm về tư tưởng nổi tiếng, những con gà Tây ngày ngày được người nông dân chăm ăn chú đáo.
audio_02658|Tuy nhiên, vì kích thước của nó quá nhỏ nên không thể gây được sát thương diện rộng như lũ Skibidi Toilet khổng lồ được.|Tuy nhiên, vì kích thước của nó quá nhỏ nên không thể gây được sát thương diện rộng như lũ Skibidi Toilet khổng lồ được.
audio_02659|Tuy nhiên, để chạm đến 125 tuổi, độ tuổi giới hạn của con người vẫn qua thực rất hiếm có.|Tuy nhiên, để chạm đến 125 tuổi, độ tuổi giới hạn của con người vẫn qua thực rất hiếm có.
audio_02660|Thì công chức của trang web sẽ bị lộn tùng phèo lên hết.|Thì công chức của trang web sẽ bị lộn tùng phèo lên hết.
audio_02661|Cũng vì những nội dung đi ngược lại đạo lý bấy giờ nên cuốn sách đã bị giáo hội cấm ngay sau khi được ấn hành.|Cũng vì những nội dung đi ngược lại đạo lý bấy giờ nên cuốn sách đã bị giáo hội cấm ngay sau khi được ấn hành.
audio_02662|Cụ thể là các phòng thực hành.|Cụ thể là các phòng thực hành.
audio_02663|Và một cái vấn đề nữa là khi mà chúng ta làm với hình thức công ty thì cái ngành dịch vụ này chúng ta phải có những cái chi phí khác.|Và một cái vấn đề nữa là khi mà chúng ta làm với hình thức công ty thì cái ngành dịch vụ này chúng ta phải có những cái chi phí khác.
audio_02664|Trong một ngôi làng nọ có một gia đình gồm 2 vợ chồng.|Trong một ngôi làng nọ có một gia đình gồm 2 vợ chồng.
audio_02665|Và mình sẽ chia cái phần dưa hấu này ra làm 4.|Và mình sẽ chia cái phần dưa hấu này ra làm 4.
audio_02666|Mọi người thường có câu là không cần phải dạy người giàu cách xài tiền.|Mọi người thường có câu là không cần phải dạy người giàu cách xài tiền.
audio_02667|Thế rồi một ngày nọ, cha của anh đột ngột qua đời, nguồn tài chính bấy giờ bị cắt đứt.|Thế rồi một ngày nọ, cha của anh đột ngột qua đời, nguồn tài chính bấy giờ bị cắt đứt.
audio_02668|Nên từ chức thì hãy từ chức.|Nên từ chức thì hãy từ chức.
audio_02669|Khi chúng ta tiến về phương hướng tích cực, thì chúng ta sẽ chuyển đến một trái đất tích cực hơn.|Khi chúng ta tiến về phương hướng tích cực, thì chúng ta sẽ chuyển đến một trái đất tích cực hơn.
audio_02670|Phương Nô Ư Hà Nghé nói về Usobuki, một tên sát thủ thường nhận các nhiệm vụ ở bút điện thoại.|Phương Nô Ư Hà Nghé nói về Usobuki, một tên sát thủ thường nhận các nhiệm vụ ở bút điện thoại.
audio_02671|Và nhờ có sự hợp lực của nhiều người, ngọn lửa đã bị dập tắt trong chốc lát.|Và nhờ có sự hợp lực của nhiều người, ngọn lửa đã bị dập tắt trong chốc lát.
audio_02672|Huyện Cao Phong đã bản giao tân binh cho các đơn vị nhận quân, đảm bảo 100% chỉ tiêu được sao.|Huyện Cao Phong đã bản giao tân binh cho các đơn vị nhận quân, đảm bảo 100% chỉ tiêu được sao.
audio_02673|Hiểm táo tắc bất năng lý tính.|Hiểm táo tắc bất năng lý tính.
audio_02674|Và hãy nhớ trong đầu nha. Tôi vẫn còn đang nợ các bạn 1 cái câu trả lời là tại sao chỉ cần 3 câu thôi là đã đủ xài rồi.|Và hãy nhớ trong đầu nha. Tôi vẫn còn đang nợ các bạn 1 cái câu trả lời là tại sao chỉ cần 3 câu thôi là đã đủ xài rồi.
audio_02675|Anh đã.|Anh đã.
audio_02676|Ở Samcenter là một đại lý ủy quyền chính thức của Samsung.|Ở Samcenter là một đại lý ủy quyền chính thức của Samsung.
audio_02677|Hiện tại đã là giữa tháng 11, nói như thế thì chưa tròn 2 tháng nữa, năm 2023 sẽ trôi qua.|Hiện tại đã là giữa tháng 11, nói như thế thì chưa tròn 2 tháng nữa, năm 2023 sẽ trôi qua.
audio_02678|Hơn ai hết, mỗi người tiêu dùng cần thay đổi thói quen trong lựa chọn mà sử dụng những thực phẩm an toàn để bảo vệ sức khỏe cho bản thân và gia đình.|Hơn ai hết, mỗi người tiêu dùng cần thay đổi thói quen trong lựa chọn mà sử dụng những thực phẩm an toàn để bảo vệ sức khỏe cho bản thân và gia đình.
audio_02679|Ngoài ra còn một ưu điểm nữa của một gốc nước là nó rất dễ lau chùi luôn.|Ngoài ra còn một ưu điểm nữa của một gốc nước là nó rất dễ lau chùi luôn.
audio_02680|Kẻ phạm lực sẽ bị trừng trị.|Kẻ phạm lực sẽ bị trừng trị.
audio_02681|Tiếp tục nâng vòng cao hơn.|Tiếp tục nâng vòng cao hơn.
audio_02682|Người cứ bình tĩnh.|Người cứ bình tĩnh.
audio_02683|Kẻ bạo tàn luôn bị kết liễu.|Kẻ bạo tàn luôn bị kết liễu.
audio_02684|Chắc chắn là không có đủ chỗ cho một con gà Tây, nhưng một con gà cỡ vừa có lẽ sẽ nằm gọn trong dạ dày luôn đấy.|Chắc chắn là không có đủ chỗ cho một con gà Tây, nhưng một con gà cỡ vừa có lẽ sẽ nằm gọn trong dạ dày luôn đấy.
audio_02685|Cái đó là chuckle.|Cái đó là chuckle.
audio_02686|Cụ thể.|Cụ thể.
audio_02687|Dù chuyện ấy nghe có vẻ không hay hô gì.|Dù chuyện ấy nghe có vẻ không hay hô gì.
audio_02688|Khi xem xét nghĩa quan trọng nhất của tiền, chúng ta có thể xuất phát từ nghĩa trái ngược với tính thiêng liêng.|Khi xem xét nghĩa quan trọng nhất của tiền, chúng ta có thể xuất phát từ nghĩa trái ngược với tính thiêng liêng.
audio_02689|Tâm an.|Tâm an.
audio_02690|Cũng như những thiết bị công nghệ tân tiến mà người chơi sẽ tìm thấy.|Cũng như những thiết bị công nghệ tân tiến mà người chơi sẽ tìm thấy.
audio_02691|Cứ một phút là chúng ta sẽ.|Cứ một phút là chúng ta sẽ.
audio_02692|Điều mà trước đây chưa ai từng nghĩ tới.|Điều mà trước đây chưa ai từng nghĩ tới.
audio_02693|Thế khi xuống biển, người thợ lặn không làm gì sao?|Thế khi xuống biển, người thợ lặn không làm gì sao?
audio_02694|Và còn gì tốt hơn là đi theo tư bản.|Và còn gì tốt hơn là đi theo tư bản.
audio_02695|Tao mới đọc hồi hôm.|Tao mới đọc hồi hôm.
audio_02696|Và sử dụng chúng một cách tự do.|Và sử dụng chúng một cách tự do.
audio_02697|Tôi đã giải thích xong.|Tôi đã giải thích xong.
audio_02698|Khi LiDAR tham gia vào nhiệm vụ, những con đường, kim tự tháp, công trình cổ đại, hiện ra rõ mồn một phía dưới khu rừng rậm rạp.|Khi LiDAR tham gia vào nhiệm vụ, những con đường, kim tự tháp, công trình cổ đại, hiện ra rõ mồn một phía dưới khu rừng rậm rạp.
audio_02699|Năm 1951, chùa Quất Lâm bị thực dân Pháp bắn phá, hư hại nặng nề, xong đã được nhân dân tu sửa lại, nên các tài liệu hiện vật trong chùa vẫn còn đầy đủ và nguyên vẹn.|Năm 1951, chùa Quất Lâm bị thực dân Pháp bắn phá, hư hại nặng nề, xong đã được nhân dân tu sửa lại, nên các tài liệu hiện vật trong chùa vẫn còn đầy đủ và nguyên vẹn.
audio_02700|Tuy nhiên, bên Sope đã thất bại, và hai quả tên lửa khác đã được phóng.|Tuy nhiên, bên Sope đã thất bại, và hai quả tên lửa khác đã được phóng.
audio_02701|Thiết nghĩ bên cạnh việc tuyên truyền vận động người dân không để vật cản mất an toàn giao thông, thì các chủ phương tiện giao thông chủ yếu là ô tô khi dần đổ trong nội thành cần chú ý, để đôi bên hài hòa lợi ích.|Thiết nghĩ bên cạnh việc tuyên truyền vận động người dân không để vật cản mất an toàn giao thông, thì các chủ phương tiện giao thông chủ yếu là ô tô khi dần đổ trong nội thành cần chú ý, để đôi bên hài hòa lợi ích.
audio_02702|Bạn nên hỏi người qua đường câu hỏi gì để biết bạn đang ở đâu.|Bạn nên hỏi người qua đường câu hỏi gì để biết bạn đang ở đâu.
audio_02703|Ôi, cái đèn mới to làm sao, to như một tảng đá lớn.|Ôi, cái đèn mới to làm sao, to như một tảng đá lớn.
audio_02704|Trong tập xác tắm.|Trong tập xác tắm.
audio_02705|Nhưng nếu bạn hiểu ra đó.|Nhưng nếu bạn hiểu ra đó.
audio_02706|Tôi không muốn chơi trò chơi này đâu.|Tôi không muốn chơi trò chơi này đâu.
audio_02707|Nó sẽ nói về những khó khăn và cách người ta giải quyết những khó khăn đó như thế nào.|Nó sẽ nói về những khó khăn và cách người ta giải quyết những khó khăn đó như thế nào.
audio_02708|Chẳng ai ngờ Đỗ Văn Thạch xin lòng oán hận, đi nói xấu khắp nơi, nói Lưu Văn Hòa nhỏ nhen, keo kiệt, không giúp bạn bè lúc khó khăn, không phải là người.|Chẳng ai ngờ Đỗ Văn Thạch xin lòng oán hận, đi nói xấu khắp nơi, nói Lưu Văn Hòa nhỏ nhen, keo kiệt, không giúp bạn bè lúc khó khăn, không phải là người.
audio_02709|Bằng những mối quan hệ của mình, tôi được một thành viên trong Ủy ban Thương mại Liên bang giúp đỡ để đến Washington gặp Tổng thống.|Bằng những mối quan hệ của mình, tôi được một thành viên trong Ủy ban Thương mại Liên bang giúp đỡ để đến Washington gặp Tổng thống.
audio_02710|Liệu phương Tây có hối hận?|Liệu phương Tây có hối hận?
audio_02711|Ngắn gọn như vậy.|Ngắn gọn như vậy.
audio_02712|Cho đến khi đợt tấn công của zombie lan tới những người ở trường giáo diễn bắt đầu phải chiến đấu với lũ thây ma và cuộc chiến tranh giành quyền lực trong pháo đài này cũng bắt đầu từ đây.|Cho đến khi đợt tấn công của zombie lan tới những người ở trường giáo diễn bắt đầu phải chiến đấu với lũ thây ma và cuộc chiến tranh giành quyền lực trong pháo đài này cũng bắt đầu từ đây.
audio_02713|Mọi người vào đây, chiêm ngưỡng tượng tôi điêu khắc.|Mọi người vào đây, chiêm ngưỡng tượng tôi điêu khắc.
audio_02714|Cô là một người phản trận.|Cô là một người phản trận.
audio_02715|Tôi uống thử nó thì thấy nước này do tôi sức mạnh trong 6 phút.|Tôi uống thử nó thì thấy nước này do tôi sức mạnh trong 6 phút.
audio_02716|Toàn thoại là thoại, nghe đau hết cả tai.|Toàn thoại là thoại, nghe đau hết cả tai.
audio_02717|Như vậy chắc chắn là một bác sĩ quân y.|Như vậy chắc chắn là một bác sĩ quân y.
audio_02718|Tôi nghĩ mình có thể học hỏi nhiều điều ở ông đấy.|Tôi nghĩ mình có thể học hỏi nhiều điều ở ông đấy.
audio_02719|Ngay khi người phụ nữ nhìn thấy ánh sáng mặt trời, cô ấy đã hét lên và giống mặt trời.|Ngay khi người phụ nữ nhìn thấy ánh sáng mặt trời, cô ấy đã hét lên và giống mặt trời.
audio_02720|Có thể hắn đã được sinh ra từ rất rất lâu về trước.|Có thể hắn đã được sinh ra từ rất rất lâu về trước.
audio_02721|Chỉ lấy những cái ông mà.|Chỉ lấy những cái ông mà.
audio_02722|Vì vậy, khi án phạt tới thi hành, anh ta bị bất ngờ.|Vì vậy, khi án phạt tới thi hành, anh ta bị bất ngờ.
audio_02723|Tôi được cho vài ngày để thu xếp chuyện gia đình trước khi lên đây.|Tôi được cho vài ngày để thu xếp chuyện gia đình trước khi lên đây.
audio_02724|Tuy rằng nó viết giống nhau.|Tuy rằng nó viết giống nhau.
audio_02725|Không lấy trái non nha các bạn.|Không lấy trái non nha các bạn.
audio_02726|Đây chính là tình huống mà tác giả Stephen Geist đã trải qua và ngộ ra cách hát thói quen.|Đây chính là tình huống mà tác giả Stephen Geist đã trải qua và ngộ ra cách hát thói quen.
audio_02727|Tại đây, tôi có 1 câu hỏi sâu hơn cho anh em.|Tại đây, tôi có 1 câu hỏi sâu hơn cho anh em.
audio_02728|Đặc biệt có một câu nói huyền thoại của nhân viên trong công ty.|Đặc biệt có một câu nói huyền thoại của nhân viên trong công ty.
audio_02729|Còn bố cô thì luôn tìm cách thủ tiêu đi mọi dấu vết có liên quan đến những đứa con lai hồng che lấp đi sự hiện diện của mình tại Nhật Bản.|Còn bố cô thì luôn tìm cách thủ tiêu đi mọi dấu vết có liên quan đến những đứa con lai hồng che lấp đi sự hiện diện của mình tại Nhật Bản.
audio_02730|Sau đó, hàng trăm người tập trung tại giam phòng kinh doanh bất đồng sản Quy tỉnh Pháp do vợ chồng Quy làm chủ để đòi lại tiền.|Sau đó, hàng trăm người tập trung tại giam phòng kinh doanh bất đồng sản Quy tỉnh Pháp do vợ chồng Quy làm chủ để đòi lại tiền.
audio_02731|Các thành phần dự án còn lại cũng gặp khó khăn.|Các thành phần dự án còn lại cũng gặp khó khăn.
audio_02732|Sáng ra, ai cũng mệt mỏi vì thức trắng đêm.|Sáng ra, ai cũng mệt mỏi vì thức trắng đêm.
audio_02733|Bên cạnh đó, Trung tâm Phát triển Quỹ đất và Giải phóng mặt bằng đã có kế hoạch tổ chức triển khai công tác bồi thường, đò đạc, kiểm đếm khi nhà nước thu hồi đất thực hiện dự án đường cao tốc.|Bên cạnh đó, Trung tâm Phát triển Quỹ đất và Giải phóng mặt bằng đã có kế hoạch tổ chức triển khai công tác bồi thường, đò đạc, kiểm đếm khi nhà nước thu hồi đất thực hiện dự án đường cao tốc.
audio_02734|Điều này cũng đánh dấu khối lượng giao dịch hàng ngày cao nhất kể từ khi SEC phê duyệt ETF vào tháng 1.|Điều này cũng đánh dấu khối lượng giao dịch hàng ngày cao nhất kể từ khi SEC phê duyệt ETF vào tháng 1.
audio_02735|Mà nếu như bạn chơi lại game nhiều lần.|Mà nếu như bạn chơi lại game nhiều lần.
audio_02736|Bất cứ thứ gì mà ta có thể gắn kết.|Bất cứ thứ gì mà ta có thể gắn kết.
audio_02737|Trên đường lang thang tôi gặp một bộ xương siêu to khổng lồ.|Trên đường lang thang tôi gặp một bộ xương siêu to khổng lồ.
audio_02738|Hai bài nhạc trong The Marvels được sử dụng nhiều đó là bài Higher, Further, Faster and Together và bài Intergalactic đều thể hiện rất rõ bối cảnh, tâm trạng của các nhân vật.|Hai bài nhạc trong The Marvels được sử dụng nhiều đó là bài Higher, Further, Faster and Together và bài Intergalactic đều thể hiện rất rõ bối cảnh, tâm trạng của các nhân vật.
audio_02739|Đường thủy dọc sông Hồng lên ngã ba Việt Trì, rẽ theo sông Lô lên Tuyên Quang, rẽ theo sông Gâm tới Chiêm Hóa.|Đường thủy dọc sông Hồng lên ngã ba Việt Trì, rẽ theo sông Lô lên Tuyên Quang, rẽ theo sông Gâm tới Chiêm Hóa.
audio_02740|Và khi tôi check kí thiết hơn.|Và khi tôi check kí thiết hơn.
audio_02741|Không thể nào mà mới một hai ngày mà làm được ngon trớn đâu.|Không thể nào mà mới một hai ngày mà làm được ngon trớn đâu.
audio_02742|Từ lão chủ quán rào quyệt, đến những cô gái quán trọ nòm cũng chẳng phải thiện nhân.|Từ lão chủ quán rào quyệt, đến những cô gái quán trọ nòm cũng chẳng phải thiện nhân.
audio_02743|Và hạnh phúc nằm trong tầm tay của mình.|Và hạnh phúc nằm trong tầm tay của mình.
audio_02744|Rồi các bạn khửi ở cái đốt thứ 2 của tôm, làm mình dễ dàng lấy được chỉ đen của tôm ra nha.|Rồi các bạn khửi ở cái đốt thứ 2 của tôm, làm mình dễ dàng lấy được chỉ đen của tôm ra nha.
audio_02745|Đại tướng Tô Lâm, Ủy viên Bộ Chính trị, Bí thư Đảng ủy Công an Trung ương, Bộ trưởng Bộ Công an đến dự và phát biểu chỉ đạo.|Đại tướng Tô Lâm, Ủy viên Bộ Chính trị, Bí thư Đảng ủy Công an Trung ương, Bộ trưởng Bộ Công an đến dự và phát biểu chỉ đạo.
audio_02746|Cái khát khao.|Cái khát khao.
audio_02747|An toàn cho trẻ và hướng tới xây dựng trường lớp học không chỉ là nơi cung cấp và đáp ứng các nhu cầu giáo dục, mà còn là nơi tạo ra hạnh phúc, góp phần tạo nên xã hội hạnh phúc.|An toàn cho trẻ và hướng tới xây dựng trường lớp học không chỉ là nơi cung cấp và đáp ứng các nhu cầu giáo dục, mà còn là nơi tạo ra hạnh phúc, góp phần tạo nên xã hội hạnh phúc.
audio_02748|Theo khảo sát của hãng tin Reuters với các chuyên gia uy tín vào cuối tháng 2 cho thấy, giá nhà mới năm 2024 sẽ giảm 0,9% so với nhận định tăng 1,1% trong cuộc khảo sát vào tháng 11 năm ngoái.|Theo khảo sát của hãng tin Reuters với các chuyên gia uy tín vào cuối tháng 2 cho thấy, giá nhà mới năm 2024 sẽ giảm 0,9% so với nhận định tăng 1,1% trong cuộc khảo sát vào tháng 11 năm ngoái.
audio_02749|Họ sẽ được thể hiện theo hình thức nào? Có điểm gì sáng tạo đặc sắc dựa trên nền tảng thế giới mà game xây dựng?|Họ sẽ được thể hiện theo hình thức nào? Có điểm gì sáng tạo đặc sắc dựa trên nền tảng thế giới mà game xây dựng?
audio_02750|Một thằng có 1 bảng ghi.|Một thằng có 1 bảng ghi.
audio_02751|Và người khống chế nó là một cameraman nhà khoa học, đang lái một con robot nhìn khá là hầm hố.|Và người khống chế nó là một cameraman nhà khoa học, đang lái một con robot nhìn khá là hầm hố.
audio_02752|Mình cột lại.|Mình cột lại.
audio_02753|Ngôi nhà đó.|Ngôi nhà đó.
audio_02754|Mình mở bếp lên với lửa lớn và mình nấu cho nước này sôi lên.|Mình mở bếp lên với lửa lớn và mình nấu cho nước này sôi lên.
audio_02755|Khi chếu đèn vào khe hở, họ tìm thấy cô gái mất tích, đầu ngước nhìn về phía họ.|Khi chếu đèn vào khe hở, họ tìm thấy cô gái mất tích, đầu ngước nhìn về phía họ.
audio_02756|Có câu chuyện kể rằng một học giả mời Munger đi ăn sáng.|Có câu chuyện kể rằng một học giả mời Munger đi ăn sáng.
audio_02757|Phần lớn số thương vong thực tế là do việc dẫm đạp trong đám đông gây ra, bên cạnh hành vi nổ súng bừa bãi của một số tay súng trong khu vực.|Phần lớn số thương vong thực tế là do việc dẫm đạp trong đám đông gây ra, bên cạnh hành vi nổ súng bừa bãi của một số tay súng trong khu vực.
audio_02758|Tốc độ lây lan giữa những con ngựa thật khó tình.|Tốc độ lây lan giữa những con ngựa thật khó tình.
audio_02759|Các bạn lưu ý rằng là cái việc nhanh bị nóng và nóng nhiều nó khác biệt nhau.|Các bạn lưu ý rằng là cái việc nhanh bị nóng và nóng nhiều nó khác biệt nhau.
audio_02760|Sẽ chẳng có gì đáng nói cả nếu như giết một ai đó sau khi bị cô ta từ chối.|Sẽ chẳng có gì đáng nói cả nếu như giết một ai đó sau khi bị cô ta từ chối.
audio_02761|Loại na có vỏ ngoài trơn bóng, mắt phẳng lì chứ không phồng lên thành từng cục như là những quả na ta thường thấy.|Loại na có vỏ ngoài trơn bóng, mắt phẳng lì chứ không phồng lên thành từng cục như là những quả na ta thường thấy.
audio_02762|Ông qua đời khi mới 40 tuổi và ngay cả lý do qua đời cũng hết sức mơ hồ.|Ông qua đời khi mới 40 tuổi và ngay cả lý do qua đời cũng hết sức mơ hồ.
audio_02763|Đây chính là mũi nhọn đầu tiên trong chiếc đinh bá sức mạnh của Epic Games.|Đây chính là mũi nhọn đầu tiên trong chiếc đinh bá sức mạnh của Epic Games.
audio_02764|Thật không may cho Legia, Jin-woo không cả tin như hắn nghĩ.|Thật không may cho Legia, Jin-woo không cả tin như hắn nghĩ.
audio_02765|Đây là cây Thủy Tùng được xác định có tuổi đời hàng trăm năm, còn sát lại đang được người dân và chính quyền bảo vệ nghiêm ngặt.|Đây là cây Thủy Tùng được xác định có tuổi đời hàng trăm năm, còn sát lại đang được người dân và chính quyền bảo vệ nghiêm ngặt.
audio_02766|Suy nghĩ của cô mâu thuẫn đến mức, cô vừa muốn trở thành một người đủ để họ đặt gọn trong tim và nhớ đến.|Suy nghĩ của cô mâu thuẫn đến mức, cô vừa muốn trở thành một người đủ để họ đặt gọn trong tim và nhớ đến.
audio_02767|Gửi tiết kiệm.|Gửi tiết kiệm.
audio_02768|Hầu hết tiền bạc thu được của quốc gia này cháy thẳng vào túi ông ta.|Hầu hết tiền bạc thu được của quốc gia này cháy thẳng vào túi ông ta.
audio_02769|Cũng không mất quá nhiều thời gian để tôi tìm được cái NCT đầu tiên.|Cũng không mất quá nhiều thời gian để tôi tìm được cái NCT đầu tiên.
audio_02770|Rồi chị Vy.|Rồi chị Vy.
audio_02771|Mắt Hiên cụt xuống dưng dưng.|Mắt Hiên cụt xuống dưng dưng.
audio_02772|Hóa ra, đây chỉ là một bộ phim kinh dị trên vô tuyến mà nhân vật chính của chúng ta, Enid Baines, đang xem.|Hóa ra, đây chỉ là một bộ phim kinh dị trên vô tuyến mà nhân vật chính của chúng ta, Enid Baines, đang xem.
audio_02773|Xong xây thêm một máy phát điện khác dành riêng cho máy đào coi.|Xong xây thêm một máy phát điện khác dành riêng cho máy đào coi.
audio_02774|Các khung viền của camera sẽ được bò cong hình dạng trục và thật sự là hai chiếc camera này nhìn rất là nổ bật.|Các khung viền của camera sẽ được bò cong hình dạng trục và thật sự là hai chiếc camera này nhìn rất là nổ bật.
audio_02775|Khi nói đến tương lai của công việc, có hai su thế quan trọng không kém nhưng lại được ít người biết đến.|Khi nói đến tương lai của công việc, có hai su thế quan trọng không kém nhưng lại được ít người biết đến.
audio_02776|Còn PC của mì game tôi gặp lỗi này miết.|Còn PC của mì game tôi gặp lỗi này miết.
audio_02777|Mình cảm thấy may mắn vì thoát khỏi cái hồ đó trước khi nó trở nên sâu hơn.|Mình cảm thấy may mắn vì thoát khỏi cái hồ đó trước khi nó trở nên sâu hơn.
audio_02778|Nó không thể đi ra và không gì có thể đi vào.|Nó không thể đi ra và không gì có thể đi vào.
audio_02779|Người ta xác định rằng có 11 núi lửa đang hoạt động trong cả nước và trong suốt quá trình hình thành và phát triển của khu vực, núi lửa đã một vai trò rất quan trọng và những vụ phun trào vẫn liên tục diễn ra ngay cả trong thời hiện đại.|Người ta xác định rằng có 11 núi lửa đang hoạt động trong cả nước và trong suốt quá trình hình thành và phát triển của khu vực, núi lửa đã một vai trò rất quan trọng và những vụ phun trào vẫn liên tục diễn ra ngay cả trong thời hiện đại.
audio_02780|Cùng chơi với cô là một bé gái khác là cháu ruột của Pầu.|Cùng chơi với cô là một bé gái khác là cháu ruột của Pầu.
audio_02781|Nhất là trước nguy cơ trỗ dậy của những gã khổng lồ khác đó là Nga, là Trung Quốc và trong quá khứ là chủ nghĩa Cộng sản.|Nhất là trước nguy cơ trỗ dậy của những gã khổng lồ khác đó là Nga, là Trung Quốc và trong quá khứ là chủ nghĩa Cộng sản.
audio_02782|Ở đó, một cô bé gái mãi mê treo đùa, gạ gẫm, tán tỉnh bố dựng của mình rồi lại vội vã trốn chạy khỏi ông.|Ở đó, một cô bé gái mãi mê treo đùa, gạ gẫm, tán tỉnh bố dựng của mình rồi lại vội vã trốn chạy khỏi ông.
audio_02783|Con nhớ là hôm đó thầy đồ cho nghỉ một tháng, để lập lại mái nhà, khoảng tháng 4.|Con nhớ là hôm đó thầy đồ cho nghỉ một tháng, để lập lại mái nhà, khoảng tháng 4.
audio_02784|Trong khi bác Gấu Điền sưởi ấm.|Trong khi bác Gấu Điền sưởi ấm.
audio_02785|Tôi dần lại một chút với chi tiết vụn vặt này để chỉ ra một sai lầm kỳ quặc mà nhiều cuốn sách đã phạm phải.|Tôi dần lại một chút với chi tiết vụn vặt này để chỉ ra một sai lầm kỳ quặc mà nhiều cuốn sách đã phạm phải.
audio_02786|Điều này giúp đưa ra thị trường một sản phẩm ăn vặt không chỉ ngon miệng mà còn độc đáo và đáp ứng đúng nhu cầu của khách hàng.|Điều này giúp đưa ra thị trường một sản phẩm ăn vặt không chỉ ngon miệng mà còn độc đáo và đáp ứng đúng nhu cầu của khách hàng.
audio_02787|Bước năm đòi hỏi bạn thiết lập biểu đồ thu nhập và chi phí.|Bước năm đòi hỏi bạn thiết lập biểu đồ thu nhập và chi phí.
audio_02788|Chồng lên cái chữ ký luôn.|Chồng lên cái chữ ký luôn.
audio_02789|Do đó, tôn giáo đang dần bị thay thế trong những thế hệ gần đây.|Do đó, tôn giáo đang dần bị thay thế trong những thế hệ gần đây.
audio_02790|Và nếu mà bây giờ mình không nói là 5 năm nữa mình sẽ là ai mà mình nói là 30 năm nữa mình sẽ là ai?|Và nếu mà bây giờ mình không nói là 5 năm nữa mình sẽ là ai mà mình nói là 30 năm nữa mình sẽ là ai?
audio_02791|Á trời ơi.|Á trời ơi.
audio_02792|Một trong những lý do mà mấy cái chữ đó nó rắc rối cho các bạn là tại vì nó có âm căm.|Một trong những lý do mà mấy cái chữ đó nó rắc rối cho các bạn là tại vì nó có âm căm.
audio_02793|Qua xông minh thêm, cơ quan công an biết được người đàn ông kia tên là Trần Văn Tỉnh sinh năm 1967, trú tại thôn Kim Hạ, xã Kim Lũ, Sóc Sơn, Hà Nội.|Qua xông minh thêm, cơ quan công an biết được người đàn ông kia tên là Trần Văn Tỉnh sinh năm 1967, trú tại thôn Kim Hạ, xã Kim Lũ, Sóc Sơn, Hà Nội.
audio_02794|Họ chỉ được một thời son trẻ, khi sắc tạ hương tàn rồi, thì gia đình cuối cùng của họ là các trung tâm làm phước.|Họ chỉ được một thời son trẻ, khi sắc tạ hương tàn rồi, thì gia đình cuối cùng của họ là các trung tâm làm phước.
audio_02795|Ông Peter Hofstra, Chủ tịch Đảng Cộng Hòa Michigan mô tả đây là chiến thắng vượt trội và áp đảo.|Ông Peter Hofstra, Chủ tịch Đảng Cộng Hòa Michigan mô tả đây là chiến thắng vượt trội và áp đảo.
audio_02796|Gần đây, các nhà thiên văn học đã phát hiện ra một hành tinh rất đáng kinh ngạc.|Gần đây, các nhà thiên văn học đã phát hiện ra một hành tinh rất đáng kinh ngạc.
audio_02797|Các quốc gia như Tây Ban Nha, Hy Lạp chính là những đại diện điển hình của mô thức này.|Các quốc gia như Tây Ban Nha, Hy Lạp chính là những đại diện điển hình của mô thức này.
audio_02798|Thì nó ra kết quả là 4 mốt mã.|Thì nó ra kết quả là 4 mốt mã.
audio_02799|Đọc giả thường xuyên bị yêu cầu phải áp dụng những ý tưởng phức tạp vào thực tế, và do đó chẳng có ai thực sự bắt tay hành động.|Đọc giả thường xuyên bị yêu cầu phải áp dụng những ý tưởng phức tạp vào thực tế, và do đó chẳng có ai thực sự bắt tay hành động.
audio_02800|Câu chuyện tương tự được ghi nhận tại phía Nam.|Câu chuyện tương tự được ghi nhận tại phía Nam.
audio_02801|Bây giờ mình sẽ chẻ cho các nhà xem nha.|Bây giờ mình sẽ chẻ cho các nhà xem nha.
audio_02802|Tại sao cảnh sát cứ muốn điều tra mình?|Tại sao cảnh sát cứ muốn điều tra mình?
audio_02803|Nhưng lúc ấy, nắp sau kẹt cửa, tôi vừa xoa mông, vừa nhìn trộm ba tôi qua khe hở.|Nhưng lúc ấy, nắp sau kẹt cửa, tôi vừa xoa mông, vừa nhìn trộm ba tôi qua khe hở.
audio_02804|Phần còn lại, tôi sẽ dùng mứt dâu để ăn kèm.|Phần còn lại, tôi sẽ dùng mứt dâu để ăn kèm.
audio_02805|Và bản cập nhật tối nay của chúng mình xin tạm kết thúc tại đây.|Và bản cập nhật tối nay của chúng mình xin tạm kết thúc tại đây.
audio_02806|Hãy chắc chắn hái tất cả các quả bí trước khi đợt sương giá đầu tiên của mùa thu đến.|Hãy chắc chắn hái tất cả các quả bí trước khi đợt sương giá đầu tiên của mùa thu đến.
audio_02807|Giao diện thì dễ sử dụng, bảng điện lại luôn cập nhật những thông tin quan trọng, chính xác và đúng thời điểm về doanh nghiệp và cổ phiếu bạn quan tâm.|Giao diện thì dễ sử dụng, bảng điện lại luôn cập nhật những thông tin quan trọng, chính xác và đúng thời điểm về doanh nghiệp và cổ phiếu bạn quan tâm.
audio_02808|Có một vài video xác minh liên quan đến sự kiện này đã được đưa lên.|Có một vài video xác minh liên quan đến sự kiện này đã được đưa lên.
audio_02809|Bắt đầu.|Bắt đầu.
audio_02810|Của cái bảng Customer như sau.|Của cái bảng Customer như sau.
audio_02811|Nhưng qua đây ta thấy được Blossom luôn bị ám ảnh bởi thành tích cực nặng khi còn rất nhỏ.|Nhưng qua đây ta thấy được Blossom luôn bị ám ảnh bởi thành tích cực nặng khi còn rất nhỏ.
audio_02812|Rồi, thông thường những cái emit bạn có thể thấy sẽ ở docker hub.|Rồi, thông thường những cái emit bạn có thể thấy sẽ ở docker hub.
audio_02813|Đôi khi chỉ cần là một hộp quà nhỏ xinh xắn hoặc một lời mời vào nhóm gia lô vô hại giúp bạn đâu đó có cơ hội đầu tư đổi đời.|Đôi khi chỉ cần là một hộp quà nhỏ xinh xắn hoặc một lời mời vào nhóm gia lô vô hại giúp bạn đâu đó có cơ hội đầu tư đổi đời.
audio_02814|Việc thanh lý bàn khống đã diễn ra để giá Bitcoin lên mức cao mới trong nhiều năm trên 45.900 đô la vào ngày 2 tháng 1.|Việc thanh lý bàn khống đã diễn ra để giá Bitcoin lên mức cao mới trong nhiều năm trên 45.900 đô la vào ngày 2 tháng 1.
audio_02815|Điều họ thực sự nghĩ là.|Điều họ thực sự nghĩ là.
audio_02816|Và khi đó là lướt web hay là cái mạng cuộn chuột này nở, nó cũng sẽ mượt hơn rất nhiều so với con Macbook E15.|Và khi đó là lướt web hay là cái mạng cuộn chuột này nở, nó cũng sẽ mượt hơn rất nhiều so với con Macbook E15.
audio_02817|Du khách đến lưu cầu, chủ yếu qua cửa ngõ Đài Loan.|Du khách đến lưu cầu, chủ yếu qua cửa ngõ Đài Loan.
audio_02818|Công dân có thể khởi kiện tổ chức cá nhân đã thực hiện dịch vụ cho mình để đòi tiền.|Công dân có thể khởi kiện tổ chức cá nhân đã thực hiện dịch vụ cho mình để đòi tiền.
audio_02819|Trong nhóm còn có một Thiên Hà xoắn ốc lớn khác có tên là Thiên Hà Andromeda và khoảng 30 Thiên Hà nhỏ hơn.|Trong nhóm còn có một Thiên Hà xoắn ốc lớn khác có tên là Thiên Hà Andromeda và khoảng 30 Thiên Hà nhỏ hơn.
audio_02820|Ê ê.|Ê ê.
audio_02821|Amicia và Lucas đã đi sâu vào trung tâm của cơn bão.|Amicia và Lucas đã đi sâu vào trung tâm của cơn bão.
audio_02822|Bước đầu tiên của phương pháp dành thời gian.|Bước đầu tiên của phương pháp dành thời gian.
audio_02823|Hầu hết các nhà máy nước ở tỉnh Bến Tre đều bị nhiễm mặn, với độ mặn lớn hơn 0,5 phần ngàn.|Hầu hết các nhà máy nước ở tỉnh Bến Tre đều bị nhiễm mặn, với độ mặn lớn hơn 0,5 phần ngàn.
audio_02824|Thậm chí bài toán này đánh lừa cả những người rất thông minh, những tiến sĩ và giáo sư đại học cũng đưa ra nhiều tranh luận, mặc dù nhìn sơ qua thì nó có vẻ rất đơn giản.|Thậm chí bài toán này đánh lừa cả những người rất thông minh, những tiến sĩ và giáo sư đại học cũng đưa ra nhiều tranh luận, mặc dù nhìn sơ qua thì nó có vẻ rất đơn giản.
audio_02825|Để lấy cái ngày ưu tiên của mình.|Để lấy cái ngày ưu tiên của mình.
audio_02826|Đây là vùng trọng điểm về sản xuất thuốc lá.|Đây là vùng trọng điểm về sản xuất thuốc lá.
audio_02827|Các nhà nghiên cứu cho biết ông ấy không cần đến các phương trình vì ông hiểu bản chất của sự việc.|Các nhà nghiên cứu cho biết ông ấy không cần đến các phương trình vì ông hiểu bản chất của sự việc.
audio_02828|Camera chính của nó có độ phân giả là 108MP và nó sử dụng mỗi cảm biến đời mới hơn.|Camera chính của nó có độ phân giả là 108MP và nó sử dụng mỗi cảm biến đời mới hơn.
audio_02829|Thì những người hành động trên thế giới lại phát hiện ra rằng.|Thì những người hành động trên thế giới lại phát hiện ra rằng.
audio_02830|Trực tiếp Bác Hồ.|Trực tiếp Bác Hồ.
audio_02831|Quay trở lại câu chuyện, trong lúc đang di chuyển thì Bình thấy Hát rút điện thoại ra để nhắn tin.|Quay trở lại câu chuyện, trong lúc đang di chuyển thì Bình thấy Hát rút điện thoại ra để nhắn tin.
audio_02832|Ngày 26 tháng 1, bà N.A.L. 40 tuổi, ngụ xã An Nhân Tây, huyện Cửu Chi, TP.HCM, đến công an địa phương trình báo về việc con gái tên Trần Kim Ngọc, 16 tuổi, học sinh trường trung học cổ thông An Nhân Tây, đi học nhưng không về nhà.|Ngày 26 tháng 1, bà N.A.L. 40 tuổi, ngụ xã An Nhân Tây, huyện Cửu Chi, TP.HCM, đến công an địa phương trình báo về việc con gái tên Trần Kim Ngọc, 16 tuổi, học sinh trường trung học cổ thông An Nhân Tây, đi học nhưng không về nhà.
audio_02833|Thành công hay thất bại, đều không nói lên bất cứ điều gì về bạn.|Thành công hay thất bại, đều không nói lên bất cứ điều gì về bạn.
audio_02834|Tết này là con không về rồi.|Tết này là con không về rồi.
audio_02835|Ri sẽ kẽ caro cho cái trang này.|Ri sẽ kẽ caro cho cái trang này.
audio_02836|Anh bảo bố mẹ thích ăn Tết đầy đủ chứ không muốn bên nào thua thiệt hết.|Anh bảo bố mẹ thích ăn Tết đầy đủ chứ không muốn bên nào thua thiệt hết.
audio_02837|Một số ý kiến cho rằng, chính các nhà khoa học Liên Xô đã tận dụng cơ hội tiếp cận và nghiên cứu lại những công trình của Nikola Tesla.|Một số ý kiến cho rằng, chính các nhà khoa học Liên Xô đã tận dụng cơ hội tiếp cận và nghiên cứu lại những công trình của Nikola Tesla.
audio_02838|Áp sức sẽ theo ống màu vàng đi qua chai giữa, tác động lên về mặt, đẩy nước qua ống màu đỏ và phun lên như bạn thấy.|Áp sức sẽ theo ống màu vàng đi qua chai giữa, tác động lên về mặt, đẩy nước qua ống màu đỏ và phun lên như bạn thấy.
audio_02839|Vẫn có đầy đủ tiếng Anh lẫn tiếng Việt cho nên là ai cũng có thể sử dụng được hết.|Vẫn có đầy đủ tiếng Anh lẫn tiếng Việt cho nên là ai cũng có thể sử dụng được hết.
audio_02840|Gói cước Hội viên cao cấp của Phonos còn cho phép bạn truy cập vào tất cả các nội dung độc quyền hấp dẫn khác, như tóm tắt sách, truyện ngũ, thiền và nhiều hơn nữa.|Gói cước Hội viên cao cấp của Phonos còn cho phép bạn truy cập vào tất cả các nội dung độc quyền hấp dẫn khác, như tóm tắt sách, truyện ngũ, thiền và nhiều hơn nữa.
audio_02841|Điều thứ nhất là để trẻ có thể trở thành một đứa trẻ tự lậm.|Điều thứ nhất là để trẻ có thể trở thành một đứa trẻ tự lậm.
audio_02842|À thì, có lẽ chúng ta sẽ gặp nhiều may mắn hơn trong 3.500 năm tới, và vài năm sau nữa.|À thì, có lẽ chúng ta sẽ gặp nhiều may mắn hơn trong 3.500 năm tới, và vài năm sau nữa.
audio_02843|Trong khi đó, ở Moscow, Tổng thống Vladimir Putin ngay ngày hôm sau 31 tháng 1 đã yêu cầu mở rộng vùng phi quân sự ở Ukraine nhằm đảm bảo rằng Ukraine không thể tấn công các thành phố của Nga bằng vũ khí tầm xa do phương Tây cung cấp.|Trong khi đó, ở Moscow, Tổng thống Vladimir Putin ngay ngày hôm sau 31 tháng 1 đã yêu cầu mở rộng vùng phi quân sự ở Ukraine nhằm đảm bảo rằng Ukraine không thể tấn công các thành phố của Nga bằng vũ khí tầm xa do phương Tây cung cấp.
audio_02844|Khi dần dần được sử dụng, tầm nhìn giúp chúng ta gạt bỏ những hành động gây cản trở mình.|Khi dần dần được sử dụng, tầm nhìn giúp chúng ta gạt bỏ những hành động gây cản trở mình.
audio_02845|Nó đã được ứng dụng từ bao giờ.|Nó đã được ứng dụng từ bao giờ.
audio_02846|Cuối cùng là pin lithium, loại pin khá nhẹ nhưng rất đắt tiền.|Cuối cùng là pin lithium, loại pin khá nhẹ nhưng rất đắt tiền.
audio_02847|Đây là một cái kết quá nghiệt ngã.|Đây là một cái kết quá nghiệt ngã.
audio_02848|Đó là họ sẽ cố gắng họ tính toán xem là họ đang ở cái vị trí nào ở trong cái con sóng đó.|Đó là họ sẽ cố gắng họ tính toán xem là họ đang ở cái vị trí nào ở trong cái con sóng đó.
audio_02849|Chính chúng ta.|Chính chúng ta.
audio_02850|Điều này.|Điều này.
audio_02851|Mỗi người đều có mục đích sống và hoài bão không ngừng để tiến lên trên con đường của mình.|Mỗi người đều có mục đích sống và hoài bão không ngừng để tiến lên trên con đường của mình.
audio_02852|Vậy thì khi mà chúng ta chuyển đổi tư cách.|Vậy thì khi mà chúng ta chuyển đổi tư cách.
audio_02853|Lưu ý là nhớ giữ lại phần đuôi tôm cho đẹp nha các bạn.|Lưu ý là nhớ giữ lại phần đuôi tôm cho đẹp nha các bạn.
audio_02854|Năng lượng của một photon đang chuyển động hoàn toàn tương đương với một vật có khối lượng đang chuyển động.|Năng lượng của một photon đang chuyển động hoàn toàn tương đương với một vật có khối lượng đang chuyển động.
audio_02855|Trước sự kinh ngạc của ông, trời mưa nặng hạt, bỗng tạnh dần.|Trước sự kinh ngạc của ông, trời mưa nặng hạt, bỗng tạnh dần.
audio_02856|Không hẳn là những chuyên gia giỏi nhất về chủ đề đang nói.|Không hẳn là những chuyên gia giỏi nhất về chủ đề đang nói.
audio_02857|Nhưng với mèo nha, hầu hết bạn chỉ nghe thấy tiếng gư gư và tiếng mèo mèo.|Nhưng với mèo nha, hầu hết bạn chỉ nghe thấy tiếng gư gư và tiếng mèo mèo.
audio_02858|Tiếng Anh là gì ạ?|Tiếng Anh là gì ạ?
audio_02859|Câu trả lời là không nhiều.|Câu trả lời là không nhiều.
audio_02860|Để làm nhân thì mình sẽ cho vào bát 20g trứng, là trứng nguyên quả mình đánh tan rồi cân lấy 20g.|Để làm nhân thì mình sẽ cho vào bát 20g trứng, là trứng nguyên quả mình đánh tan rồi cân lấy 20g.
audio_02861|Shigemo tàn bạo và thích thú với nỗi đau của kẻ khác.|Shigemo tàn bạo và thích thú với nỗi đau của kẻ khác.
audio_02862|À mà này Nô.|À mà này Nô.
audio_02863|Ngủ lần hai trong năm phút.|Ngủ lần hai trong năm phút.
audio_02864|Ráng đi của tôi trở nên thẳng hơn, bước chân nhẹ nhàng hơn.|Ráng đi của tôi trở nên thẳng hơn, bước chân nhẹ nhàng hơn.
audio_02865|Có mấy quả xoài mà cũng ăn cướp của dân lành.|Có mấy quả xoài mà cũng ăn cướp của dân lành.
audio_02866|Nếu như một nữ sinh đi lang thang trên đường trong bộ đồng phục bẩn thiểu, đi tìm đồ ăn hoặc xin ăn của người khác, thì chắc chắn sẽ có báo cáo, nhưng không có trình báo nào như vậy.|Nếu như một nữ sinh đi lang thang trên đường trong bộ đồng phục bẩn thiểu, đi tìm đồ ăn hoặc xin ăn của người khác, thì chắc chắn sẽ có báo cáo, nhưng không có trình báo nào như vậy.
audio_02867|Những hàng động này bắt đầu hình thành từ hàng triệu năm trước.|Những hàng động này bắt đầu hình thành từ hàng triệu năm trước.
audio_02868|Càng ngày, càng có nhiều người ở Mỹ, châu Mỹ Latin và châu Âu tin vào việc trừ tả.|Càng ngày, càng có nhiều người ở Mỹ, châu Mỹ Latin và châu Âu tin vào việc trừ tả.
audio_02869|Phó Giáo sư Tiến sĩ Nguyễn Xuân Thành cho rằng, việc học ngoại ngữ là nhu cầu tự thân.|Phó Giáo sư Tiến sĩ Nguyễn Xuân Thành cho rằng, việc học ngoại ngữ là nhu cầu tự thân.
audio_02870|Sự khác nhau đầu tiên giữa người làm chủ và người làm công chính là tư duy quản lý.|Sự khác nhau đầu tiên giữa người làm chủ và người làm công chính là tư duy quản lý.
audio_02871|Video tôi đang làm luôn rồi, anh em không phải chờ lâu đâu.|Video tôi đang làm luôn rồi, anh em không phải chờ lâu đâu.
audio_02872|Ông đi vận động hành lang, hứa hẹn sẽ xóa bỏ nạn phân biệt, cấp nguồn lực và tài chính để hỗ trợ phát triển bóng đá cho các nước thứ ba, đặc biệt là châu Phi.|Ông đi vận động hành lang, hứa hẹn sẽ xóa bỏ nạn phân biệt, cấp nguồn lực và tài chính để hỗ trợ phát triển bóng đá cho các nước thứ ba, đặc biệt là châu Phi.
audio_02873|Hiệu ứng xấu dạng khống chế hiện tại bao gồm đóng băng, giam cầm, nhiễu loạn, chi phối từ Boss Kafka, bạo nộ từ huyền lộc chú Phú.|Hiệu ứng xấu dạng khống chế hiện tại bao gồm đóng băng, giam cầm, nhiễu loạn, chi phối từ Boss Kafka, bạo nộ từ huyền lộc chú Phú.
audio_02874|Ngoài ra, phần bên ngoài của hệ mặt trời có nhiều mặt trăng hơn.|Ngoài ra, phần bên ngoài của hệ mặt trời có nhiều mặt trăng hơn.
audio_02875|Ngay bây giờ, mời các bạn hãy cùng tìm hiểu thử những kỹ thuật chăn nuôi con vật này nhé!|Ngay bây giờ, mời các bạn hãy cùng tìm hiểu thử những kỹ thuật chăn nuôi con vật này nhé!
audio_02876|Bắc cực quá.|Bắc cực quá.
audio_02877|Không dùng phán đoán để nhìn nhận sự việc, bài học nhìn người của Đức Khổng Tử qua câu chuyện, nổi cơm.|Không dùng phán đoán để nhìn nhận sự việc, bài học nhìn người của Đức Khổng Tử qua câu chuyện, nổi cơm.
audio_02878|Dự án hỗ trợ sản xuất lĩnh vực nông nghiệp cả nước, phân bổ 5.500 tỷ đồng để hỗ trợ sản xuất cho 693 dự án, với khoảng hơn 37.520 hộ nghèo, cận nghèo và mới thoát nghèo.|Dự án hỗ trợ sản xuất lĩnh vực nông nghiệp cả nước, phân bổ 5.500 tỷ đồng để hỗ trợ sản xuất cho 693 dự án, với khoảng hơn 37.520 hộ nghèo, cận nghèo và mới thoát nghèo.
audio_02879|Taylor chia sẻ trong bức thư 3 tháng là một khoảng thời gian dài không được trả công và thật không công bằng khi yêu cầu bất kỳ ai làm việc không công.|Taylor chia sẻ trong bức thư 3 tháng là một khoảng thời gian dài không được trả công và thật không công bằng khi yêu cầu bất kỳ ai làm việc không công.
audio_02880|Mỗi lễ hội gồm có hai phần, phần lễ và phần hội.|Mỗi lễ hội gồm có hai phần, phần lễ và phần hội.
audio_02881|Để mà có thể từ tốn, chỉnh sửa.|Để mà có thể từ tốn, chỉnh sửa.
audio_02882|Từ quần áo, đồ ăn đến tình dục, thậm chí cả ma túy.|Từ quần áo, đồ ăn đến tình dục, thậm chí cả ma túy.
audio_02883|Một loạt video được quân đội Iran đăng tải về quá trình phóng tên lửa có lẽ là nhằm mục đích truyền thông.|Một loạt video được quân đội Iran đăng tải về quá trình phóng tên lửa có lẽ là nhằm mục đích truyền thông.
audio_02884|Cũng thế mà thôi.|Cũng thế mà thôi.
audio_02885|Đây là hoạt động mô tả hết sức phổ biến.|Đây là hoạt động mô tả hết sức phổ biến.
audio_02886|Và kết quả là gì 3. Kỷ luật ý chí.|Và kết quả là gì 3. Kỷ luật ý chí.
audio_02887|Với nụ cười tỏa nắng cùng đôi bông tai sáng bóng.|Với nụ cười tỏa nắng cùng đôi bông tai sáng bóng.
audio_02888|Thế thì được rồi.|Thế thì được rồi.
audio_02889|Một ví dụ khác là Galasimco dưới sự lãnh đạo của chủ tịch Vũ Văn Tiền đã ký hợp đồng xây dựng nhà máy sản xuất lắp ráp ô tô tại Thái Bình với công ty trách nhiệm hữu hàng ô tô Omoda & Jaku.|Một ví dụ khác là Galasimco dưới sự lãnh đạo của chủ tịch Vũ Văn Tiền đã ký hợp đồng xây dựng nhà máy sản xuất lắp ráp ô tô tại Thái Bình với công ty trách nhiệm hữu hàng ô tô Omoda & Jaku.
audio_02890|Đi ra ngoài nhiều mà.|Đi ra ngoài nhiều mà.
audio_02891|May mắn là mắt hiếp xuất hiện nhưng cậu ta lại bị một tên đàn em cầm ra xử lý.|May mắn là mắt hiếp xuất hiện nhưng cậu ta lại bị một tên đàn em cầm ra xử lý.
audio_02892|Còn bộ di vật thứ 2 sẽ chuyển đổi lượng trí liệu dư ra thành 1 loại buff gì đó.|Còn bộ di vật thứ 2 sẽ chuyển đổi lượng trí liệu dư ra thành 1 loại buff gì đó.
audio_02893|Nướng xong mỡ nằm bên trong chảy ra thấm vào thịt không bao giờ bị khô.|Nướng xong mỡ nằm bên trong chảy ra thấm vào thịt không bao giờ bị khô.
audio_02894|E khi chậm bước tới trưa.|E khi chậm bước tới trưa.
audio_02895|Có hai loại kết quả, trực tiếp và thẳng dư.|Có hai loại kết quả, trực tiếp và thẳng dư.
audio_02896|Tuy nhiên Samsung thắng kiện Apple ở Anh, Nhật Bản và Hàn Quốc.|Tuy nhiên Samsung thắng kiện Apple ở Anh, Nhật Bản và Hàn Quốc.
audio_02897|Thì để mà có thể tự monitoring chính mình thì bắt buộc Zabbix sẽ cần phải cài thêm một Zabbix Agent.|Thì để mà có thể tự monitoring chính mình thì bắt buộc Zabbix sẽ cần phải cài thêm một Zabbix Agent.
audio_02898|Cháu có thể nhờ hai bác chăm sóc cho con chó này được không?|Cháu có thể nhờ hai bác chăm sóc cho con chó này được không?
audio_02899|Tuy nhiên, cuốn sách này có một điểm khác biệt rõ nhất để phân biệt nó với tất cả những cuốn sách khác.|Tuy nhiên, cuốn sách này có một điểm khác biệt rõ nhất để phân biệt nó với tất cả những cuốn sách khác.
audio_02900|Khi hỏi đến quê.|Khi hỏi đến quê.
audio_02901|Do đó, người Ai Cập phải phục dịch cho dân Nubia, tộc người mà họ vốn khinh bỉ và coi làm mang di mọi rợ.|Do đó, người Ai Cập phải phục dịch cho dân Nubia, tộc người mà họ vốn khinh bỉ và coi làm mang di mọi rợ.
audio_02902|Đơn giản mà.|Đơn giản mà.
audio_02903|Nhưng số lượng nhân viên của họ lại rất là ít.|Nhưng số lượng nhân viên của họ lại rất là ít.
audio_02904|Tư được cấp 5 lon gạo, 1 lon muối, 1 muỗng mì chính và vác theo túi đồ nghề vào rừng chặt lổ ô, chuốt nan để đan cối.|Tư được cấp 5 lon gạo, 1 lon muối, 1 muỗng mì chính và vác theo túi đồ nghề vào rừng chặt lổ ô, chuốt nan để đan cối.
audio_02905|Công an Huyền Bộ Đức tỉnh Quảng Ngãi đã xác minh danh tính 2 nghi phạm trộm cây hoa mai trị giá 10 triệu đồng của một hội dân ở thôn 2, xã Đức Chánh.|Công an Huyền Bộ Đức tỉnh Quảng Ngãi đã xác minh danh tính 2 nghi phạm trộm cây hoa mai trị giá 10 triệu đồng của một hội dân ở thôn 2, xã Đức Chánh.
audio_02906|Vì em đã phải làm việc mệt mỏi.|Vì em đã phải làm việc mệt mỏi.
audio_02907|Xử lý nghiêm những tập thể và cá nhân vi phạm.|Xử lý nghiêm những tập thể và cá nhân vi phạm.
audio_02908|Nghe, đọc, nhìn, cảm là biết không thể nào vượt qua được đâu.|Nghe, đọc, nhìn, cảm là biết không thể nào vượt qua được đâu.
audio_02909|Cái này thì mọi người thử trải nghiệm xem có đúng không nhé.|Cái này thì mọi người thử trải nghiệm xem có đúng không nhé.
audio_02910|Lấy bối cảnh thập niên 50 tại Hoa Kỳ, khi những chuyến tàu với lộ trình dái vẫn còn khá vô biến.|Lấy bối cảnh thập niên 50 tại Hoa Kỳ, khi những chuyến tàu với lộ trình dái vẫn còn khá vô biến.
audio_02911|Phiên bản sách nói được chuyển thể từ sách in theo hợp tác bản quyền chữa Phonos với công ty trách nhiệm hữu hoạng xuất bản Thiện Tri Thức.|Phiên bản sách nói được chuyển thể từ sách in theo hợp tác bản quyền chữa Phonos với công ty trách nhiệm hữu hoạng xuất bản Thiện Tri Thức.
audio_02912|Thậm chí, Maki còn nổi tiếng với con gái hơn cả con trai.|Thậm chí, Maki còn nổi tiếng với con gái hơn cả con trai.
audio_02913|Người ta cứ nhắm mắt mà mua mèo trông bị.|Người ta cứ nhắm mắt mà mua mèo trông bị.
audio_02914|Công ty sẽ sử dụng khoản tiền tiết kiệm đường này để xây dựng những phân mạng chuyên môn cần thiết, chủ yếu thông qua tuyển dụng mới, đặc biệt là trong lĩnh vực bán hàng.|Công ty sẽ sử dụng khoản tiền tiết kiệm đường này để xây dựng những phân mạng chuyên môn cần thiết, chủ yếu thông qua tuyển dụng mới, đặc biệt là trong lĩnh vực bán hàng.
audio_02915|Ví dụ như cậu không thích ăn hành, không muốn uống trà sữa quá ngọt.|Ví dụ như cậu không thích ăn hành, không muốn uống trà sữa quá ngọt.
audio_02916|Rồi làm sao để bạn có thể tăng khả năng tương tác với hệ thống nhiều hơn.|Rồi làm sao để bạn có thể tăng khả năng tương tác với hệ thống nhiều hơn.
audio_02917|Mời ông đến vào bất kỳ lúc nào nhưng trừ sáng thứ tư vì hôm đó tôi có cuộc họp với các nhân viên nồng cốt.|Mời ông đến vào bất kỳ lúc nào nhưng trừ sáng thứ tư vì hôm đó tôi có cuộc họp với các nhân viên nồng cốt.
audio_02918|Sau lần đầu tiên bà tiếp xúc với bà Toàn.|Sau lần đầu tiên bà tiếp xúc với bà Toàn.
audio_02919|Thích bông cải xanh.|Thích bông cải xanh.
audio_02920|Và đưa ra nhận định riêng cho mình.|Và đưa ra nhận định riêng cho mình.
audio_02921|Cơ quan quản lý thảm họa cũng xác nhận một trường hợp thiệt mạng do lũ quét.|Cơ quan quản lý thảm họa cũng xác nhận một trường hợp thiệt mạng do lũ quét.
audio_02922|Để có thể sử dụng máy giặt và tủ lạnh của Toshiba.|Để có thể sử dụng máy giặt và tủ lạnh của Toshiba.
audio_02923|Tâm bắn tối đa là 3200m.|Tâm bắn tối đa là 3200m.
audio_02924|Không nên chọn dưới quá già hoặc quá nhỏ.|Không nên chọn dưới quá già hoặc quá nhỏ.
audio_02925|Nỗi sợ luôn là một loại cảm xúc rất đặc biệt, bởi theo một cách trực tiếp, nó là thứ khiến con người ta cảm thấy sợ hãi.|Nỗi sợ luôn là một loại cảm xúc rất đặc biệt, bởi theo một cách trực tiếp, nó là thứ khiến con người ta cảm thấy sợ hãi.
audio_02926|Đây là sự rèn luyện tâm bồ đề.|Đây là sự rèn luyện tâm bồ đề.
audio_02927|Tôi để trên càng xe.|Tôi để trên càng xe.
audio_02928|Hay là.|Hay là.
audio_02929|Để nghiên cứu tìm hiểu thỉnh giáo.|Để nghiên cứu tìm hiểu thỉnh giáo.
audio_02930|Suharto giành được quyền lực sau một cuộc đảo chính quân sự và mang đến sự ổn định và phát triển tốt hơn bằng chủ nghĩa độc đoán.|Suharto giành được quyền lực sau một cuộc đảo chính quân sự và mang đến sự ổn định và phát triển tốt hơn bằng chủ nghĩa độc đoán.
audio_02931|Hãy follow insta và youtube của Ri nhé.|Hãy follow insta và youtube của Ri nhé.
audio_02932|Thế nhưng khi đến với Juventus, thì anh nhút như một con chì chì.|Thế nhưng khi đến với Juventus, thì anh nhút như một con chì chì.
audio_02933|Tên A-Trước bị đánh bại, buộc phải chia tay Bailu ngoan ngoãn nằm trong hồ lô phong ấn.|Tên A-Trước bị đánh bại, buộc phải chia tay Bailu ngoan ngoãn nằm trong hồ lô phong ấn.
audio_02934|Nhưng để có những lợi ích thực tế thì phải làm vậy.|Nhưng để có những lợi ích thực tế thì phải làm vậy.
audio_02935|Đối với thao trường là đơn vị đảm bảo đầy đủ cho các trung đội, để luyện tập, ví dụ như thao trường huấn luyện, kỹ thuật chiến đấu bộ binh, gồm thao trường AK, lựu đạn, thuốc nổ là đơn vị bảo đảm.|Đối với thao trường là đơn vị đảm bảo đầy đủ cho các trung đội, để luyện tập, ví dụ như thao trường huấn luyện, kỹ thuật chiến đấu bộ binh, gồm thao trường AK, lựu đạn, thuốc nổ là đơn vị bảo đảm.
audio_02936|Họ là tập đoàn đứng sau dự án Chariot.|Họ là tập đoàn đứng sau dự án Chariot.
audio_02937|Khi da đã ráo nước rồi thì bây giờ Mai sẽ cắt mỏng.|Khi da đã ráo nước rồi thì bây giờ Mai sẽ cắt mỏng.
audio_02938|Tuy nhiên đối với Yuji và những người khác, tôi sẽ giết Sukuna là lý tưởng mà họ sống và vì điều này họ đã đấu tranh và hy sinh bản thân vì nhau.|Tuy nhiên đối với Yuji và những người khác, tôi sẽ giết Sukuna là lý tưởng mà họ sống và vì điều này họ đã đấu tranh và hy sinh bản thân vì nhau.
audio_02939|Làm cái.|Làm cái.
audio_02940|Sao lại không?|Sao lại không?
audio_02941|Còn nếu thỉnh thoảng anh chị đọc triết học cổ khi là thấy các triết gia cũng có hơi hướng này thì tức là họ cũng bị ảnh hưởng từ thần học.|Còn nếu thỉnh thoảng anh chị đọc triết học cổ khi là thấy các triết gia cũng có hơi hướng này thì tức là họ cũng bị ảnh hưởng từ thần học.
audio_02942|Từ chán trường sang làm việc có mục đích, từ kẹo sang trái cây, từ chi tiêu sang đầu tư.|Từ chán trường sang làm việc có mục đích, từ kẹo sang trái cây, từ chi tiêu sang đầu tư.
audio_02943|Ngồi phía sau chiếc bàn lớn tỏ ra không hợp tác.|Ngồi phía sau chiếc bàn lớn tỏ ra không hợp tác.
audio_02944|Chúng mới buồn rầu đập cánh bay đi.|Chúng mới buồn rầu đập cánh bay đi.
audio_02945|Vì vậy mà rất nhiều người lựa chọn mẫu máy này để trở thành một người bạn đồng hành với gia đình của mình.|Vì vậy mà rất nhiều người lựa chọn mẫu máy này để trở thành một người bạn đồng hành với gia đình của mình.
audio_02946|Chúng không bị điếc.|Chúng không bị điếc.
audio_02947|Nhưng mà không sao nha.|Nhưng mà không sao nha.
audio_02948|Tôi thì có làm việc với khá nhiều các chuyên gia về mảng đầu tư trong lĩnh vực Blockchain.|Tôi thì có làm việc với khá nhiều các chuyên gia về mảng đầu tư trong lĩnh vực Blockchain.
audio_02949|Sau đó xếp ra đĩa ha.|Sau đó xếp ra đĩa ha.
audio_02950|Hannibal đang có những tính toán gì?|Hannibal đang có những tính toán gì?
audio_02951|Cả hai đều nhận mình mới là Trung Quốc và xem kẻ bên kia eo biển là phần tử ly khai phải bị tiêu diệt để Trung Quốc được thống nhất.|Cả hai đều nhận mình mới là Trung Quốc và xem kẻ bên kia eo biển là phần tử ly khai phải bị tiêu diệt để Trung Quốc được thống nhất.
audio_02952|Và tiếp theo là Phượng đi pha bột chiên giòn.|Và tiếp theo là Phượng đi pha bột chiên giòn.
audio_02953|Sau đó thì mình sẽ đổ ngược lại ra cái rổ này.|Sau đó thì mình sẽ đổ ngược lại ra cái rổ này.
audio_02954|Nhưng mà nếu mà các bạn muốn mạnh hơn, lớn hơn, có thể option lên 4070, 4080 đều được hết.|Nhưng mà nếu mà các bạn muốn mạnh hơn, lớn hơn, có thể option lên 4070, 4080 đều được hết.
audio_02955|Em đâu có nhu cầu friend with bún bò đâu.|Em đâu có nhu cầu friend with bún bò đâu.
audio_02956|Nhưng ngược lại, có những người chấp nhật cha mẹ đủ điều, cho rằng bản thân học rộng hiểu biết nhiều hơn cha mẹ và tự tận đáy lòng, đôi lúc có sự khinh thường về sự hiểu biết của họ.|Nhưng ngược lại, có những người chấp nhật cha mẹ đủ điều, cho rằng bản thân học rộng hiểu biết nhiều hơn cha mẹ và tự tận đáy lòng, đôi lúc có sự khinh thường về sự hiểu biết của họ.
audio_02957|Mọi việc đã hoàn tất, chúng ta có được một món khoai lang ngào đường rất thơm.|Mọi việc đã hoàn tất, chúng ta có được một món khoai lang ngào đường rất thơm.
audio_02958|Khi chúng ta ngừng phán xét bản thân và người khác, trái tim ta bắt đầu rộng mở.|Khi chúng ta ngừng phán xét bản thân và người khác, trái tim ta bắt đầu rộng mở.
audio_02959|Lý do đơn giản là chàng trai ấy ngồi đối diện mình, nhưng tay lại cầm điện thoại nhắn tin cho một ai đấy khác.|Lý do đơn giản là chàng trai ấy ngồi đối diện mình, nhưng tay lại cầm điện thoại nhắn tin cho một ai đấy khác.
audio_02960|Với hệ thống robot.|Với hệ thống robot.
audio_02961|Nói chung.|Nói chung.
audio_02962|Thì cái cách lây truyền từ người sang người thế nào?|Thì cái cách lây truyền từ người sang người thế nào?
audio_02963|Hạnh vốn thích ẩm ờ.|Hạnh vốn thích ẩm ờ.
audio_02964|Đối với ngọn đồi 215.7 thì chúng ta tiếp tục nhận được những video cho thấy quân đội Nga dậu hòa lực vào phần bên dưới của ngọn đồi.|Đối với ngọn đồi 215.7 thì chúng ta tiếp tục nhận được những video cho thấy quân đội Nga dậu hòa lực vào phần bên dưới của ngọn đồi.
audio_02965|Cúi bảo con hùm con.|Cúi bảo con hùm con.
audio_02966|Ờ không.|Ờ không.
audio_02967|Tôi đã tìm ra sự hoàn hảo và đã tạo ra nó.|Tôi đã tìm ra sự hoàn hảo và đã tạo ra nó.
audio_02968|Cuộc sống của chúng ta chẳng phải cũng như vậy sao.|Cuộc sống của chúng ta chẳng phải cũng như vậy sao.
audio_02969|Cậu tên gì?|Cậu tên gì?
audio_02970|Quy tắc 5G có thể giải phóng sự can đảm bên trong bạn.|Quy tắc 5G có thể giải phóng sự can đảm bên trong bạn.
audio_02971|Và thơm rất là thơm nữa.|Và thơm rất là thơm nữa.
audio_02972|Nhưng sẽ có nhiều lợi ích khi bạn là người tự học.|Nhưng sẽ có nhiều lợi ích khi bạn là người tự học.
audio_02973|Chảy giò sau khi đã hoàn thành xong á, rất là thơm và giòn.|Chảy giò sau khi đã hoàn thành xong á, rất là thơm và giòn.
audio_02974|Cụ thể kết quả phiếu tín nhiệm như sau.|Cụ thể kết quả phiếu tín nhiệm như sau.
audio_02975|Hoàn thiện kỹ năng diễn thuyết.|Hoàn thiện kỹ năng diễn thuyết.
audio_02976|Đương nhiên là nó không đến mức buồn như khi mình thất tình.|Đương nhiên là nó không đến mức buồn như khi mình thất tình.
audio_02977|Những chủ thể này sẽ bắt đầu từ chống cự đến chối bỏ, chấp nhận tuyệt vọng, rồi mới đi đến bất lực.|Những chủ thể này sẽ bắt đầu từ chống cự đến chối bỏ, chấp nhận tuyệt vọng, rồi mới đi đến bất lực.
audio_02978|Đừng khóc, anh đưa em về với mẹ.|Đừng khóc, anh đưa em về với mẹ.
audio_02979|Ở đây, nhiệt độ đã làm cho thanh kim lội giãn nở, tạo nên một lực làm vòng trúc bị bể như bạn thấy.|Ở đây, nhiệt độ đã làm cho thanh kim lội giãn nở, tạo nên một lực làm vòng trúc bị bể như bạn thấy.
audio_02980|Hay là những video kì quái liên quan đến những chủ đề nhạy cảm nhằm câu view.|Hay là những video kì quái liên quan đến những chủ đề nhạy cảm nhằm câu view.
audio_02981|Đó là trường hợp mọi người hay làm nhất.|Đó là trường hợp mọi người hay làm nhất.
audio_02982|Đậu vào đó rồi thì ráng học để mà có được một cái tấm mặn để rồi ra đời có một cái công việc ổn định mà sống.|Đậu vào đó rồi thì ráng học để mà có được một cái tấm mặn để rồi ra đời có một cái công việc ổn định mà sống.
audio_02983|Nhưng mà sau khi mình để như vầy là mình không cần cho vào tủ lạnh luôn.|Nhưng mà sau khi mình để như vầy là mình không cần cho vào tủ lạnh luôn.
audio_02984|Hành lang chỉ có một bóng đèn, ánh sáng tù mù.|Hành lang chỉ có một bóng đèn, ánh sáng tù mù.
audio_02985|Mỗi tiếng như vậy thì máy sẽ sử dụng thêm 0,1 kWh điện.|Mỗi tiếng như vậy thì máy sẽ sử dụng thêm 0,1 kWh điện.
audio_02986|Hiến pháp năm 1980, thể chế hóa vai trò lãnh đạo của Đảng Cộng sản đối với nhà nước và xã hội trong một điều của Hiến pháp.|Hiến pháp năm 1980, thể chế hóa vai trò lãnh đạo của Đảng Cộng sản đối với nhà nước và xã hội trong một điều của Hiến pháp.
audio_02987|Câu chuyện cái thai ngoài ý muốn của cả hai trong phim hầu như không đóng góp vào mạch phim chính bất kỳ giá trị gì.|Câu chuyện cái thai ngoài ý muốn của cả hai trong phim hầu như không đóng góp vào mạch phim chính bất kỳ giá trị gì.
audio_02988|Để mở lớp học võ cho lũ trẻ!|Để mở lớp học võ cho lũ trẻ!
audio_02989|Tâm lý học về tiền.|Tâm lý học về tiền.
audio_02990|Ninh Thuận miền đắc hội tụ những giá trị khác biệt.|Ninh Thuận miền đắc hội tụ những giá trị khác biệt.
audio_02991|Rất là con người họ rất là.|Rất là con người họ rất là.
audio_02992|Tôi linh cảm lạ lùng rằng vận mệnh đã định sẵn cho tôi những niềm vui tuyệt mỹ lẫn những nỗi buồn tuyệt mỹ.|Tôi linh cảm lạ lùng rằng vận mệnh đã định sẵn cho tôi những niềm vui tuyệt mỹ lẫn những nỗi buồn tuyệt mỹ.
audio_02993|Muốn trở thành bậc minh chủ, Gaddafi phải có một quân bài tẩy đặc biệt.|Muốn trở thành bậc minh chủ, Gaddafi phải có một quân bài tẩy đặc biệt.
audio_02994|Bà vú tóc tôi.|Bà vú tóc tôi.
audio_02995|Bằng cách che mặt mình với việc đội vào cái khăn chùm đầu biến thái.|Bằng cách che mặt mình với việc đội vào cái khăn chùm đầu biến thái.
audio_02996|Ông tự an ui bản thân rằng trời không triệt đường ai hoàn toàn.|Ông tự an ui bản thân rằng trời không triệt đường ai hoàn toàn.
audio_02997|Đối phương biết rõ cả Đại Tây Dương có những loại cá nào, thì sẽ hiểu rất rõ trí thức nghiệp vụ về ngành này.|Đối phương biết rõ cả Đại Tây Dương có những loại cá nào, thì sẽ hiểu rất rõ trí thức nghiệp vụ về ngành này.
audio_02998|Câu trả lời là tăng thuế.|Câu trả lời là tăng thuế.
audio_02999|Ngọt ngọt, rất là ngon luôn đó các bạn.|Ngọt ngọt, rất là ngon luôn đó các bạn.
audio_03000|Tiếp đó tôi tới một ngôi nhà đang xây dở, phí hết tiền.|Tiếp đó tôi tới một ngôi nhà đang xây dở, phí hết tiền.
audio_03001|Ăn thì hơi tiếc nên tôi quảng ra đất để nhìn cho đẹp. Kế hoạch tiếp theo là nâng cấp thùng lên cao nhất. Nhưng ngặt nỗi.|Ăn thì hơi tiếc nên tôi quảng ra đất để nhìn cho đẹp. Kế hoạch tiếp theo là nâng cấp thùng lên cao nhất. Nhưng ngặt nỗi.
audio_03002|Đó là mình không học bài thi.|Đó là mình không học bài thi.
audio_03003|Mình cũng đã quen nhau một thời gian rồi.|Mình cũng đã quen nhau một thời gian rồi.
audio_03004|Và ngay sau khi chia tay với anh ta, cô ấy bắt đầu hẹn hò với Arthur.|Và ngay sau khi chia tay với anh ta, cô ấy bắt đầu hẹn hò với Arthur.
audio_03005|Trong khi nghỉ lễ, bạn có thể nhận được mọi niềm vui và mời nhiều người vào nhà bạn.|Trong khi nghỉ lễ, bạn có thể nhận được mọi niềm vui và mời nhiều người vào nhà bạn.
audio_03006|Là người đầu tiên.|Là người đầu tiên.
audio_03007|Em là niềm tự hào của thầy cô giáo trong nhà trường và gia đình khi mà đã giành giải nhất bộ môn lịch sử trong kỳ thi Chọn học sinh giỏi quốc gia Trung học Phổ thông năm 2023-2024 với số điểm là 16,75 điểm.|Em là niềm tự hào của thầy cô giáo trong nhà trường và gia đình khi mà đã giành giải nhất bộ môn lịch sử trong kỳ thi Chọn học sinh giỏi quốc gia Trung học Phổ thông năm 2023-2024 với số điểm là 16,75 điểm.
audio_03008|Nhưng đối mặt với nhiều bí ẩn hấp dẫn và kỳ lạ như vậy, chúng ta thực sự muốn biết liệu đáp án cuối cùng là gì?|Nhưng đối mặt với nhiều bí ẩn hấp dẫn và kỳ lạ như vậy, chúng ta thực sự muốn biết liệu đáp án cuối cùng là gì?
audio_03009|Thì đây mình dùng là 2kg bắp chăn giò trước, thì mua về rồi mình rửa cho nó hết cái máu đỏ đỏ đi nha, rồi mình ngâm qua với mức muối, muối và giấm lõn, thì tầm khoảng 2 muỗng canh muối và 1 muỗng canh giấm, ngâm khoảng 10-15 phút.|Thì đây mình dùng là 2kg bắp chăn giò trước, thì mua về rồi mình rửa cho nó hết cái máu đỏ đỏ đi nha, rồi mình ngâm qua với mức muối, muối và giấm lõn, thì tầm khoảng 2 muỗng canh muối và 1 muỗng canh giấm, ngâm khoảng 10-15 phút.
audio_03010|Chiếc xe bò của thần chết tiếp tục đi.|Chiếc xe bò của thần chết tiếp tục đi.
audio_03011|Đó là duy trì được cái độ chiếu bóng về bản làng.|Đó là duy trì được cái độ chiếu bóng về bản làng.
audio_03012|Tại đây khả năng cao là con người đã thực hiện việc khai phá trên một hệ sao lạ.|Tại đây khả năng cao là con người đã thực hiện việc khai phá trên một hệ sao lạ.
audio_03013|Ta sẽ có mảnh chìa khóa đầu tiên là mặt dây chuyền.|Ta sẽ có mảnh chìa khóa đầu tiên là mặt dây chuyền.
audio_03014|Quốc hội cũng đã biểu quyết thông qua nghiệp quyết thành lập đoàn giám sát chuyên đề khuy động quản lý và sử dụng các nguồn lực phòng chống dịch COVID-19, thực hiện chính sách pháp luật về y tế cơ sở, y tế dự phòng.|Quốc hội cũng đã biểu quyết thông qua nghiệp quyết thành lập đoàn giám sát chuyên đề khuy động quản lý và sử dụng các nguồn lực phòng chống dịch COVID-19, thực hiện chính sách pháp luật về y tế cơ sở, y tế dự phòng.
audio_03015|Điều kiện đăng ký vay.|Điều kiện đăng ký vay.
audio_03016|Thậm chí là khoảng cách giữa bài đăng 4 và 5 chỉ là 54 giây.|Thậm chí là khoảng cách giữa bài đăng 4 và 5 chỉ là 54 giây.
audio_03017|Thì bà con nhảy vào mua thôi.|Thì bà con nhảy vào mua thôi.
audio_03018|Rõ ràng là tờ bồ rồ đúng không?|Rõ ràng là tờ bồ rồ đúng không?
audio_03019|Nhưng chúng ta phải nhấn mạnh chính yếu và sự tầm thường của lối tư duy đặc biệt thực tế nơi họ.|Nhưng chúng ta phải nhấn mạnh chính yếu và sự tầm thường của lối tư duy đặc biệt thực tế nơi họ.
audio_03020|Và bây giờ thì bye bye. Hẹn gặp lại cả nhà ở video lần sau.|Và bây giờ thì bye bye. Hẹn gặp lại cả nhà ở video lần sau.
audio_03021|Owsley chích điện anh rồi phóng lên xe tàu thoát. Nằm trên nền đất, anh gặp lại sư phụ Stick.|Owsley chích điện anh rồi phóng lên xe tàu thoát. Nằm trên nền đất, anh gặp lại sư phụ Stick.
audio_03022|Một người đàn ông trung niên áo quần lôi thôi lách thách.|Một người đàn ông trung niên áo quần lôi thôi lách thách.
audio_03023|Chào mừng tất cả các anh em đã quay trở lại với kênh Men's Bay.|Chào mừng tất cả các anh em đã quay trở lại với kênh Men's Bay.
audio_03024|Như nước Anh chẳng hạn.|Như nước Anh chẳng hạn.
audio_03025|Nguyên nhân là vì khi Hiếu Hiền Hoàng hậu mất, Hoàng thượng tìm thấy trong tay hầu cận đã chết của Hiếu Hiền Hoàng hậu, chiếc châm của Thuần Quý Phi.|Nguyên nhân là vì khi Hiếu Hiền Hoàng hậu mất, Hoàng thượng tìm thấy trong tay hầu cận đã chết của Hiếu Hiền Hoàng hậu, chiếc châm của Thuần Quý Phi.
audio_03026|Một bộ đồ đi săn.|Một bộ đồ đi săn.
audio_03027|Và phải làm ở dưới địa ngục thì mới được.|Và phải làm ở dưới địa ngục thì mới được.
audio_03028|Nó như kiểu cho chúng ta tự đặt mình vào vị trí của những con vật xấu xấu đó mà để suy ngẫm.|Nó như kiểu cho chúng ta tự đặt mình vào vị trí của những con vật xấu xấu đó mà để suy ngẫm.
audio_03029|Tập trung nhìn thẳng về phía trước thật sự có ích cho việc làm giàu.|Tập trung nhìn thẳng về phía trước thật sự có ích cho việc làm giàu.
audio_03030|Đây chính là toàn bộ số đồ chơi mà anh đã mua được để chuẩn bị cho việc làm clip trong thời gian sắp tới.|Đây chính là toàn bộ số đồ chơi mà anh đã mua được để chuẩn bị cho việc làm clip trong thời gian sắp tới.
audio_03031|Từ đó, mỗi đòn cực phiên lại có một hiệu ứng gây sát thương khác nhau, tùy vào người thi triển.|Từ đó, mỗi đòn cực phiên lại có một hiệu ứng gây sát thương khác nhau, tùy vào người thi triển.
audio_03032|Không làm được như thế, dĩ nhiên, các bạn sẽ ném toàn bộ câu chuyện, vào sọt rác, và cho nó đi vào quên lãng.|Không làm được như thế, dĩ nhiên, các bạn sẽ ném toàn bộ câu chuyện, vào sọt rác, và cho nó đi vào quên lãng.
audio_03033|Mình có thể thuê người đưa con đi học.|Mình có thể thuê người đưa con đi học.
audio_03034|Khi quyết định để anh đi, tôi đã mất anh rồi.|Khi quyết định để anh đi, tôi đã mất anh rồi.
audio_03035|Cắt thanh long thành từng miếng nhỏ rồi cho vào máy xay sinh tố xay nhuyễn, sau đó cho bột mì vào tô rồi cho thêm đường, men nở, dầu ăn và sữa đặc.|Cắt thanh long thành từng miếng nhỏ rồi cho vào máy xay sinh tố xay nhuyễn, sau đó cho bột mì vào tô rồi cho thêm đường, men nở, dầu ăn và sữa đặc.
audio_03036|Cũng tương tự thôi.|Cũng tương tự thôi.
audio_03037|Để trị blister.|Để trị blister.
audio_03038|Đến cuộc thi vật tay, báo không thắng nổi gấu con, nó tức giận, vùng vẳng.|Đến cuộc thi vật tay, báo không thắng nổi gấu con, nó tức giận, vùng vẳng.
audio_03039|Tôi về lần này là về nhà.|Tôi về lần này là về nhà.
audio_03040|Về tâm hồn, đó là nên đạt được sự thống nhất, cân bằng chế độ ăn uống và dinh dưỡng, cân bằng thời gian ngủ nghỉ, tập luyện thể thao, gần gũi thiên nhiên, tiếp xúc với ánh nắng mặt trời.|Về tâm hồn, đó là nên đạt được sự thống nhất, cân bằng chế độ ăn uống và dinh dưỡng, cân bằng thời gian ngủ nghỉ, tập luyện thể thao, gần gũi thiên nhiên, tiếp xúc với ánh nắng mặt trời.
audio_03041|Bởi nhiều nhà tư vấn luật và bác sĩ tâm lý không tin tưởng câu chuyện của cô, nhận thấy nó ở mức độ quá kinh khủng vượt qua khả năng của họ.|Bởi nhiều nhà tư vấn luật và bác sĩ tâm lý không tin tưởng câu chuyện của cô, nhận thấy nó ở mức độ quá kinh khủng vượt qua khả năng của họ.
audio_03042|Ngày hôm sau, khi mình đã có phần gạo nếp và đỗ sẵn sàng thì mình sẽ làm bánh.|Ngày hôm sau, khi mình đã có phần gạo nếp và đỗ sẵn sàng thì mình sẽ làm bánh.
audio_03043|Chất rắn.|Chất rắn.
audio_03044|Đưa mắt dành khắp căn hộ.|Đưa mắt dành khắp căn hộ.
audio_03045|Hiện tại, bà Trương Mỹ Lan đang bị truy tố về 3 tội danh đó là tham ô tài sản vi phạm quy định về hoạt động ngân hàng và đưa hối lộ.|Hiện tại, bà Trương Mỹ Lan đang bị truy tố về 3 tội danh đó là tham ô tài sản vi phạm quy định về hoạt động ngân hàng và đưa hối lộ.
audio_03046|Thường họ cũng sẽ la mắng thôi.|Thường họ cũng sẽ la mắng thôi.
audio_03047|Người Trung Quốc cho tới ngày nay vẫn tự gọi mình là người Hán, gọi chữ viết của họ là chữ Hán.|Người Trung Quốc cho tới ngày nay vẫn tự gọi mình là người Hán, gọi chữ viết của họ là chữ Hán.
audio_03048|Ông Granville cũng cho biết những thành tựu của Ukraina trong nửa sâu của năm 2022 đã gây lo ngại cho việc Nga có thể sử dụng đòn.|Ông Granville cũng cho biết những thành tựu của Ukraina trong nửa sâu của năm 2022 đã gây lo ngại cho việc Nga có thể sử dụng đòn.
audio_03049|Ngay từ khi còn nhỏ, Jeff Bezos đã sớm bộc lộ trí thông minh và tài năng thiên bẩm của mình.|Ngay từ khi còn nhỏ, Jeff Bezos đã sớm bộc lộ trí thông minh và tài năng thiên bẩm của mình.
audio_03050|Nếu nhìn thật kỹ càng, bạn sẽ nhận thấy phần trên di chuyển khi bạn nheo mắt và tập trung vào các quả cầu.|Nếu nhìn thật kỹ càng, bạn sẽ nhận thấy phần trên di chuyển khi bạn nheo mắt và tập trung vào các quả cầu.
audio_03051|Sai kỳ lạ khi nghĩ rằng con chưa bao giờ nghe lời bố.|Sai kỳ lạ khi nghĩ rằng con chưa bao giờ nghe lời bố.
audio_03052|Quản lý của tiêu tiêu gấp gáp nhắc.|Quản lý của tiêu tiêu gấp gáp nhắc.
audio_03053|Thời gian đầu là cậu ta đã đứng ở sau lưng tôi và đưa ra các giải pháp để tôi tự giải quyết.|Thời gian đầu là cậu ta đã đứng ở sau lưng tôi và đưa ra các giải pháp để tôi tự giải quyết.
audio_03054|Nó có radar AESA phù hợp và hệ thống quang điện tử có độ phân dài cao để phát hiện các mục tiêu mặt đất.|Nó có radar AESA phù hợp và hệ thống quang điện tử có độ phân dài cao để phát hiện các mục tiêu mặt đất.
audio_03055|Mình lạn cái phần mỡ này bỏ, mình chỉ lấy cái phần da thôi ha.|Mình lạn cái phần mỡ này bỏ, mình chỉ lấy cái phần da thôi ha.
audio_03056|Outlast, series game kinh dị sinh tồn của nhà phát triển Red Barrel, trò chơi được xem là tượng đài của dòng game kinh dị, đã cho trải nghiệm thử lầu bê ta của phần chơi mới nhất mang tên Outlast Trial.|Outlast, series game kinh dị sinh tồn của nhà phát triển Red Barrel, trò chơi được xem là tượng đài của dòng game kinh dị, đã cho trải nghiệm thử lầu bê ta của phần chơi mới nhất mang tên Outlast Trial.
audio_03057|Khi cho hoa anh đào vào nước thì nó sẽ tự nở ra rất đẹp.|Khi cho hoa anh đào vào nước thì nó sẽ tự nở ra rất đẹp.
audio_03058|Chắc sẽ biết đôi chút.|Chắc sẽ biết đôi chút.
audio_03059|Đó là tin nhắn từ bạn trai của mình.|Đó là tin nhắn từ bạn trai của mình.
audio_03060|Nghe những lời đó.|Nghe những lời đó.
audio_03061|Tôi đã thành lập công ty.|Tôi đã thành lập công ty.
audio_03062|Đừng vứt nó đi nhé, nó có công dụng hút ẩm.|Đừng vứt nó đi nhé, nó có công dụng hút ẩm.
audio_03063|Khi hệ limbic lớn át khả năng lý luận của vỏ não trước tráng, kết quả là những thói quen xấu sẽ hình thành.|Khi hệ limbic lớn át khả năng lý luận của vỏ não trước tráng, kết quả là những thói quen xấu sẽ hình thành.
audio_03064|Vì xuất thân là một cô gái mổ côi nên tính tự lập và quyết đoán ở Grace là vô cùng cao.|Vì xuất thân là một cô gái mổ côi nên tính tự lập và quyết đoán ở Grace là vô cùng cao.
audio_03065|Và trước khi tao ăn luôn.|Và trước khi tao ăn luôn.
audio_03066|Một, biết đặt mục tiêu học tập cho đúng.|Một, biết đặt mục tiêu học tập cho đúng.
audio_03067|Đồng thời, đây cũng là điểm tham quan, trao đổi, học tập kinh nghiệm cho các hội viên có cùng sở thích chăn nuôi dê.|Đồng thời, đây cũng là điểm tham quan, trao đổi, học tập kinh nghiệm cho các hội viên có cùng sở thích chăn nuôi dê.
audio_03068|Giới thiệu các mô hình, điển hình tiên tiến trong xây dựng nông thôn mới trên địa bàn tỉnh.|Giới thiệu các mô hình, điển hình tiên tiến trong xây dựng nông thôn mới trên địa bàn tỉnh.
audio_03069|Đó là một đường ống lớn dưới lỏng đất.|Đó là một đường ống lớn dưới lỏng đất.
audio_03070|Hay nói chính xác hơn, loại này tồn tại trên đời chỉ là để làm chồng, không hơn.|Hay nói chính xác hơn, loại này tồn tại trên đời chỉ là để làm chồng, không hơn.
audio_03071|Se-yeon bọc mắt, có câu người sống thì phải sống tiếp, nhưng thực sự có sống được không?|Se-yeon bọc mắt, có câu người sống thì phải sống tiếp, nhưng thực sự có sống được không?
audio_03072|Mam? Mình thích ăn mam.|Mam? Mình thích ăn mam.
audio_03073|Đừng cản trở sự tưởng tượng của bạn.|Đừng cản trở sự tưởng tượng của bạn.
audio_03074|Tuy nhiên, hắn có một sở thích quái đản là cắt tay kẻ thù sau thanh vong cổ.|Tuy nhiên, hắn có một sở thích quái đản là cắt tay kẻ thù sau thanh vong cổ.
audio_03075|Thì ngân hàng sẽ.|Thì ngân hàng sẽ.
audio_03076|Khi nãy khác.|Khi nãy khác.
audio_03077|Mình có thể là chính mình.|Mình có thể là chính mình.
audio_03078|Nhiệt độ từ 17 đến 21 độ, trời rét.|Nhiệt độ từ 17 đến 21 độ, trời rét.
audio_03079|Và đặc biệt là.|Và đặc biệt là.
audio_03080|Đã hết bọn anh còn sinh con đầu lòng nữa.|Đã hết bọn anh còn sinh con đầu lòng nữa.
audio_03081|Nhìn bùm chứ ai?|Nhìn bùm chứ ai?
audio_03082|Hãy thường xuyên truy cập Phonos để nghe những nội dung âm thanh độc quyền được cập nhật thường xuyên bạn nhé.|Hãy thường xuyên truy cập Phonos để nghe những nội dung âm thanh độc quyền được cập nhật thường xuyên bạn nhé.
audio_03083|Đến nay đã là phiên bản 1.6, trải qua thời gian dài như thế, nhưng Bronya vẫn luôn chém chẽ cho mình ở mọi bảng xếp hạng ở vị trí đáng tin ngạc.|Đến nay đã là phiên bản 1.6, trải qua thời gian dài như thế, nhưng Bronya vẫn luôn chém chẽ cho mình ở mọi bảng xếp hạng ở vị trí đáng tin ngạc.
audio_03084|Hy vọng là mọi thứ có thể ổn thỏa với chúng ta.|Hy vọng là mọi thứ có thể ổn thỏa với chúng ta.
audio_03085|Tiếp tục tặng hai nhân vật này những lọ nectar quý giá, và họ sẽ dần mở lòng, bật mí thêm về một bản hợp đồng do Hades tạo ra, mãi mãi ngăn cách hai người họ như một sự trừng phạt.|Tiếp tục tặng hai nhân vật này những lọ nectar quý giá, và họ sẽ dần mở lòng, bật mí thêm về một bản hợp đồng do Hades tạo ra, mãi mãi ngăn cách hai người họ như một sự trừng phạt.
audio_03086|Trong đó sự hợp tác sẽ mang lại kết quả chung tốt nhất.|Trong đó sự hợp tác sẽ mang lại kết quả chung tốt nhất.
audio_03087|Theo đó, các pha hù dọa được diễn ra ngay từ những giây phút đầu tiên của bộ phim, tạo hiệu ứng gây sốc cho khán giả và báo hiệu các tai ương, sự kiện kinh hoàng sẽ được diễn ra dồn dập, không ngừng nghỉ trong bộ phim.|Theo đó, các pha hù dọa được diễn ra ngay từ những giây phút đầu tiên của bộ phim, tạo hiệu ứng gây sốc cho khán giả và báo hiệu các tai ương, sự kiện kinh hoàng sẽ được diễn ra dồn dập, không ngừng nghỉ trong bộ phim.
audio_03088|Ngay lúc này, tôi cần hơi ấm của gia đình.|Ngay lúc này, tôi cần hơi ấm của gia đình.
audio_03089|Hỡi Chúa.|Hỡi Chúa.
audio_03090|Sống một cuộc đời đầy phiêu lưu chưa bao giờ lớn đến thế.|Sống một cuộc đời đầy phiêu lưu chưa bao giờ lớn đến thế.
audio_03091|Có lẽ, chúng ta vẫn sẽ phải chờ.|Có lẽ, chúng ta vẫn sẽ phải chờ.
audio_03092|Thật khó để chấp nhận rằng tôi không có tiếng nói trong việc đòi lại công lý cho chính đứa con của mình khi nó đã bị tra tấn và giết hại dã man.|Thật khó để chấp nhận rằng tôi không có tiếng nói trong việc đòi lại công lý cho chính đứa con của mình khi nó đã bị tra tấn và giết hại dã man.
audio_03093|Biết thế không ăn.|Biết thế không ăn.
audio_03094|Đây là một bài thuốc kinh điển được sử dụng rất là nhiều.|Đây là một bài thuốc kinh điển được sử dụng rất là nhiều.
audio_03095|Hy vọng quyển sách đã mang đến cho bạn những kiến thức và thông tin thú vị.|Hy vọng quyển sách đã mang đến cho bạn những kiến thức và thông tin thú vị.
audio_03096|Ở đây mình đang có giá trị này không phải function nên mình sẽ viết lại thành một function bạn nhé.|Ở đây mình đang có giá trị này không phải function nên mình sẽ viết lại thành một function bạn nhé.
audio_03097|Cho nó xong.|Cho nó xong.
audio_03098|Tiếp tục duy trì ách thống trị này, 100% sẽ chết trong đau khổ.|Tiếp tục duy trì ách thống trị này, 100% sẽ chết trong đau khổ.
audio_03099|Mà là sự luyện tập.|Mà là sự luyện tập.
audio_03100|Các hạt nhân có thể giữ các electron lại, tạo thành các nguyên tử, tạo ra các viên gạch xây của vũ trụ.|Các hạt nhân có thể giữ các electron lại, tạo thành các nguyên tử, tạo ra các viên gạch xây của vũ trụ.
audio_03101|Chắc là hang động cũng gần đây thôi.|Chắc là hang động cũng gần đây thôi.
audio_03102|Còn bây giờ, Minh Đức xin chào và hẹn gặp lại.|Còn bây giờ, Minh Đức xin chào và hẹn gặp lại.
audio_03103|Tôi đã không hề có kế hoạch gì trong việc lấy súng bắn cha tôi, đưa mẹ tôi đến Canada và trốn sang Trung Quốc.|Tôi đã không hề có kế hoạch gì trong việc lấy súng bắn cha tôi, đưa mẹ tôi đến Canada và trốn sang Trung Quốc.
audio_03104|Vì thế nên, nụ cười của con trẻ, bữa cơm cùng gia đình, đôi khi là những niềm vui bình dị, giản đơn mà các anh trân trọng.|Vì thế nên, nụ cười của con trẻ, bữa cơm cùng gia đình, đôi khi là những niềm vui bình dị, giản đơn mà các anh trân trọng.
audio_03105|Khi thấy đói thì hãy ăn.|Khi thấy đói thì hãy ăn.
audio_03106|Cùng lúc.|Cùng lúc.
audio_03107|Nó lại chỉ có ở một chỗ.|Nó lại chỉ có ở một chỗ.
audio_03108|Tổ công tác cũng kiểm tra 2 tàu cá kiên giang, qua kiểm tra 1 tàu chở khoảng 10.000 lít dầu đeo và 1 tàu chở khoảng 15.000 lít dầu đeo.|Tổ công tác cũng kiểm tra 2 tàu cá kiên giang, qua kiểm tra 1 tàu chở khoảng 10.000 lít dầu đeo và 1 tàu chở khoảng 15.000 lít dầu đeo.
audio_03109|Và đây chính là cái nhóm mà khổ sở nhất ở trong hiện tại.|Và đây chính là cái nhóm mà khổ sở nhất ở trong hiện tại.
audio_03110|Rõ ràng là Michael chỉ được quyền phép cao cường, chứ trí tuệ thì còn hên xui.|Rõ ràng là Michael chỉ được quyền phép cao cường, chứ trí tuệ thì còn hên xui.
audio_03111|Em là Công Bảo Bình.|Em là Công Bảo Bình.
audio_03112|Điều này khiến chó và mèo có cảm giác bất an và chúng sợ.|Điều này khiến chó và mèo có cảm giác bất an và chúng sợ.
audio_03113|Chỉ một bài rap ngắn có thể liên quan đến rất nhiều bài văn khác nhau.|Chỉ một bài rap ngắn có thể liên quan đến rất nhiều bài văn khác nhau.
audio_03114|Dù tôi đồ trằn, một chút hoang mang còn sót, nếu không phải là choán ván, vẫn hiện rõ trong vẻ mặt tôi.|Dù tôi đồ trằn, một chút hoang mang còn sót, nếu không phải là choán ván, vẫn hiện rõ trong vẻ mặt tôi.
audio_03115|Một khi rơi xuống đó, bạn sẽ đến một thế giới khác.|Một khi rơi xuống đó, bạn sẽ đến một thế giới khác.
audio_03116|Nó có chiều dài hơn 4 mét với lượng 650 kg và được tích hợp một đầu đạn chùm nặng 149 kg để nâng cao khả năng phá hủy của tên lửa.|Nó có chiều dài hơn 4 mét với lượng 650 kg và được tích hợp một đầu đạn chùm nặng 149 kg để nâng cao khả năng phá hủy của tên lửa.
audio_03117|Trải qua hơn hai thập kỷ phát triển hiện đại hóa, bất chấp những thách thức, giờ đây khi sở hữu hàm đội tàu ngầm hạt nhân hùng hậu, nước Nga dưới sự lãnh đạo của ông Putin đã nâng tầm vị thế quốc tế, sức ảnh hưởng ngày càng lớn.|Trải qua hơn hai thập kỷ phát triển hiện đại hóa, bất chấp những thách thức, giờ đây khi sở hữu hàm đội tàu ngầm hạt nhân hùng hậu, nước Nga dưới sự lãnh đạo của ông Putin đã nâng tầm vị thế quốc tế, sức ảnh hưởng ngày càng lớn.
audio_03118|Cặp đôi trẻ lại gặp nhau, Kirie chia sẻ câu chuyện tại nhà mình cho Shuichi.|Cặp đôi trẻ lại gặp nhau, Kirie chia sẻ câu chuyện tại nhà mình cho Shuichi.
audio_03119|Tại các địa chỉ này, thư sẽ được gom lại và gửi tới một công ty ở Long Island, New York tên là Tập đoàn Tiếp thị Dữ liệu.|Tại các địa chỉ này, thư sẽ được gom lại và gửi tới một công ty ở Long Island, New York tên là Tập đoàn Tiếp thị Dữ liệu.
audio_03120|Và những trang trại mà nó đi ngang qua.|Và những trang trại mà nó đi ngang qua.
audio_03121|Mekamaru đã lên một kế hoạch đầy chi tiết.|Mekamaru đã lên một kế hoạch đầy chi tiết.
audio_03122|Và họ đang chấp nhận để Đài Loan như vậy miễn là Đài Loan không có đòi độc lập và Mỹ không vuốt về quá trớn Đài Loan.|Và họ đang chấp nhận để Đài Loan như vậy miễn là Đài Loan không có đòi độc lập và Mỹ không vuốt về quá trớn Đài Loan.
audio_03123|Thì đây là ổ HDD mà các bạn thấy HDD nó chỉ là cái ổ quay thôi.|Thì đây là ổ HDD mà các bạn thấy HDD nó chỉ là cái ổ quay thôi.
audio_03124|Văn đàn Sài Gòn cũng không hiếm vụ đạo văn nhưng chỉ lẻ tẻ một bài thơ một truyện ngắn.|Văn đàn Sài Gòn cũng không hiếm vụ đạo văn nhưng chỉ lẻ tẻ một bài thơ một truyện ngắn.
audio_03125|Sưng trở nên giòn hơn, sưng sống thì bị nén lại.|Sưng trở nên giòn hơn, sưng sống thì bị nén lại.
audio_03126|Những nhà quảng cáo hàng đầu khác biệt về cách tạo ra một chương trình quảng cáo hiệu quả.|Những nhà quảng cáo hàng đầu khác biệt về cách tạo ra một chương trình quảng cáo hiệu quả.
audio_03127|Tốc độ này đủ nhanh để quả tên lửa này tiếp cận hầu hết các loại máy bay của kẻ thù và tiêu diệt chúng bằng đầu đạn phân mảnh kích hoạt bằng ngòi nổ tầm gần, có sức nổ cao.|Tốc độ này đủ nhanh để quả tên lửa này tiếp cận hầu hết các loại máy bay của kẻ thù và tiêu diệt chúng bằng đầu đạn phân mảnh kích hoạt bằng ngòi nổ tầm gần, có sức nổ cao.
audio_03128|Thông tin chi tiết về nhà phát triển của Xiao cho biết hình xăm trên cánh tay của anh ấy mô tả một tiên thú và có liên quan đến hình dạng thật của anh ấy.|Thông tin chi tiết về nhà phát triển của Xiao cho biết hình xăm trên cánh tay của anh ấy mô tả một tiên thú và có liên quan đến hình dạng thật của anh ấy.
audio_03129|Sự an tâm sẽ xuất hiện.|Sự an tâm sẽ xuất hiện.
audio_03130|Để có thể tận hưởng cuộc sống.|Để có thể tận hưởng cuộc sống.
audio_03131|Chị cho em một vài bí quyết được không?|Chị cho em một vài bí quyết được không?
audio_03132|Hành hạ mấy con bò chán chê rồi thì giờ cùng tôi đi hành hạ những sinh vật ngoài hành tinh trong Johnny to the Shaved Planet nào.|Hành hạ mấy con bò chán chê rồi thì giờ cùng tôi đi hành hạ những sinh vật ngoài hành tinh trong Johnny to the Shaved Planet nào.
audio_03133|Thì để bắt đầu với cái nguyên tắc đầu tiên thì tôi muốn hỏi anh em một cái câu thôi.|Thì để bắt đầu với cái nguyên tắc đầu tiên thì tôi muốn hỏi anh em một cái câu thôi.
audio_03134|Chỉ cần Nhân cúi đầu nhẹ xuống một chút xíu thôi.|Chỉ cần Nhân cúi đầu nhẹ xuống một chút xíu thôi.
audio_03135|Misao dưng dưng nước mắt.|Misao dưng dưng nước mắt.
audio_03136|Ok, xem mình hôm nay mình sẽ vẽ gì đây?|Ok, xem mình hôm nay mình sẽ vẽ gì đây?
audio_03137|Nhưng nếu một người tin rằng anh ta hoàn toàn hiểu rõ những vấn đề đặt trước mắt, không có bất kỳ nghi ngờ nào, thì cho dù anh ta có thông minh đến đâu cũng không thể hiểu được những điều đơn giản nhất.|Nhưng nếu một người tin rằng anh ta hoàn toàn hiểu rõ những vấn đề đặt trước mắt, không có bất kỳ nghi ngờ nào, thì cho dù anh ta có thông minh đến đâu cũng không thể hiểu được những điều đơn giản nhất.
audio_03138|Chào các bạn, lại là mình Quỳnh Chi đây.|Chào các bạn, lại là mình Quỳnh Chi đây.
audio_03139|Cậu đang làm gì vậy? Casey hỏi.|Cậu đang làm gì vậy? Casey hỏi.
audio_03140|Để chọn cái xương mà nấu nước lèo ngon thì các bạn nên chọn cái xương ống.|Để chọn cái xương mà nấu nước lèo ngon thì các bạn nên chọn cái xương ống.
audio_03141|Các bạn sẽ phát triển cùng mình.|Các bạn sẽ phát triển cùng mình.
audio_03142|Và cuối cùng, mình vòng xuống thêm 1 lần nữa, tất cả là 3 vòng.|Và cuối cùng, mình vòng xuống thêm 1 lần nữa, tất cả là 3 vòng.
audio_03143|Xin lỗi vì tớ hơi chậm tay.|Xin lỗi vì tớ hơi chậm tay.
audio_03144|Đây, anh chị nghe tiếng chả giò giòn rợp rợp không nè?|Đây, anh chị nghe tiếng chả giò giòn rợp rợp không nè?
audio_03145|Đối với nữ giới, có khoảng 55% người chọn việc mua sắm quần áo, giày dép, phụ kiện như một phương pháp để giảm bớt áp lực trong công việc.|Đối với nữ giới, có khoảng 55% người chọn việc mua sắm quần áo, giày dép, phụ kiện như một phương pháp để giảm bớt áp lực trong công việc.
audio_03146|Nghĩa là với một căn nhà đi có giá 1.000 tỷ đô chỉ đang có 31 cái hợp đồng.|Nghĩa là với một căn nhà đi có giá 1.000 tỷ đô chỉ đang có 31 cái hợp đồng.
audio_03147|Tên tội phạm gian manh, xào quyệt, kịp chấn tĩnh lại và tỏ ra ngơ ngác mình không hề phạm tội.|Tên tội phạm gian manh, xào quyệt, kịp chấn tĩnh lại và tỏ ra ngơ ngác mình không hề phạm tội.
audio_03148|Và khi bạn yêu một người.|Và khi bạn yêu một người.
audio_03149|Thời đại hoàng kim của chủ thuật và lục nhãn. Vậy thời đại hoàng kim của chủ thuật và lục nhãn, chúng có thể có mối liên hệ gì?|Thời đại hoàng kim của chủ thuật và lục nhãn. Vậy thời đại hoàng kim của chủ thuật và lục nhãn, chúng có thể có mối liên hệ gì?
audio_03150|Bất kỳ lời nói nào mà không suy nghĩ đều có thể khiến bạn thành kẻ bắt nạt, cho dù là không cố ý.|Bất kỳ lời nói nào mà không suy nghĩ đều có thể khiến bạn thành kẻ bắt nạt, cho dù là không cố ý.
audio_03151|Có nghĩa là bản 1.0 đến 1.4 chỉ là những phiên bản thử nghiệm.|Có nghĩa là bản 1.0 đến 1.4 chỉ là những phiên bản thử nghiệm.
audio_03152|Đồ bổi ăn kèm thì tự do, có gì mình dùng đó.|Đồ bổi ăn kèm thì tự do, có gì mình dùng đó.
audio_03153|Nếu lựa chọn làm theo gợi ý của nhân vật này, ta sẽ mở khóa hai ending mới, liên quan trực tiếp đến sự kiện núi lửa ở trên hòn đảo Funchal.|Nếu lựa chọn làm theo gợi ý của nhân vật này, ta sẽ mở khóa hai ending mới, liên quan trực tiếp đến sự kiện núi lửa ở trên hòn đảo Funchal.
audio_03154|Học hỏi từ một hay nhiều thất bại.|Học hỏi từ một hay nhiều thất bại.
audio_03155|Lemkeuner nói thêm.|Lemkeuner nói thêm.
audio_03156|Khi bị cắt nhỏ, cà rốt Baby sẽ bị khô.|Khi bị cắt nhỏ, cà rốt Baby sẽ bị khô.
audio_03157|Mỗi khi tôi cố nhìn thân thiện.|Mỗi khi tôi cố nhìn thân thiện.
audio_03158|Người có tư duy cố định thường liên kết các sự kiện tiêu cực trong cuộc sống với giá trị con người của họ, coi chúng là những đặc điểm cố định không thể thay đổi.|Người có tư duy cố định thường liên kết các sự kiện tiêu cực trong cuộc sống với giá trị con người của họ, coi chúng là những đặc điểm cố định không thể thay đổi.
audio_03159|Những kỹ thuật này đại diện cho một bước nhảy vọt so với công nghệ cũ vốn chỉ giới hạn trong việc đo điện trường của tim và não mà không đo được những từ trường thú vị và quan trọng này.|Những kỹ thuật này đại diện cho một bước nhảy vọt so với công nghệ cũ vốn chỉ giới hạn trong việc đo điện trường của tim và não mà không đo được những từ trường thú vị và quan trọng này.
audio_03160|Từ Giang Bếp Mẹ.|Từ Giang Bếp Mẹ.
audio_03161|Mỗi tháng 30 triệu chẳng hạn.|Mỗi tháng 30 triệu chẳng hạn.
audio_03162|Có thể thống nhất được các vương quốc, lãnh địa và các nước Cộng hòa trên bán đạo Ý.|Có thể thống nhất được các vương quốc, lãnh địa và các nước Cộng hòa trên bán đạo Ý.
audio_03163|Có phần làm giảm tần suất FMD được khuyến nghị.|Có phần làm giảm tần suất FMD được khuyến nghị.
audio_03164|Trong nửa đầu thế kỷ 20, chúng ta đã gửi các bệnh nhân mắc lao đến những bệnh viện đặc biệt, được gọi là viện điều dưỡng.|Trong nửa đầu thế kỷ 20, chúng ta đã gửi các bệnh nhân mắc lao đến những bệnh viện đặc biệt, được gọi là viện điều dưỡng.
audio_03165|Ăn mặn thì dùng nước mắm mặn nha.|Ăn mặn thì dùng nước mắm mặn nha.
audio_03166|Bác sĩ chưa bao giờ đề cập với cô về phương án này, do đó Brownie James đã đổi bác sĩ điều trị.|Bác sĩ chưa bao giờ đề cập với cô về phương án này, do đó Brownie James đã đổi bác sĩ điều trị.
audio_03167|Nên bức ảnh cũng trở nên hài hòa hơn.|Nên bức ảnh cũng trở nên hài hòa hơn.
audio_03168|Của châu Âu.|Của châu Âu.
audio_03169|Hãy tưởng tượng trong một căn phòng trống, có một chiếc ghế dài êm ái và một cái bàn gỗ nhỏ tao nhã.|Hãy tưởng tượng trong một căn phòng trống, có một chiếc ghế dài êm ái và một cái bàn gỗ nhỏ tao nhã.
audio_03170|Xây dựng một nước Việt Nam.|Xây dựng một nước Việt Nam.
audio_03171|Tôi nhìn chầm chầm về túp liều gỗ nhỏ màu đỏ của chú tôi, nhưng tôi không nghe thấy một tiếng khóc nào cả, không một tiếng thút thít, chỉ có im lặng.|Tôi nhìn chầm chầm về túp liều gỗ nhỏ màu đỏ của chú tôi, nhưng tôi không nghe thấy một tiếng khóc nào cả, không một tiếng thút thít, chỉ có im lặng.
audio_03172|Vì thế nên sau mỗi giờ học, về là cứ nhảy vô cái máy tính liền.|Vì thế nên sau mỗi giờ học, về là cứ nhảy vô cái máy tính liền.
audio_03173|Đó là sự thăng hoa và nó không phải là chi phí liên quan đến công việc.|Đó là sự thăng hoa và nó không phải là chi phí liên quan đến công việc.
audio_03174|Nếu xa vào nó, khởi lên thói kiêu mạn, thì tài năng của ta rất dễ lụi tàn.|Nếu xa vào nó, khởi lên thói kiêu mạn, thì tài năng của ta rất dễ lụi tàn.
audio_03175|Vậy là cuộc gọi bí ẩn trước đó của Marshall Lee chính là gọi cho Lemongrab để có thể giúp mong muốn của Gary trở thành hiện thực.|Vậy là cuộc gọi bí ẩn trước đó của Marshall Lee chính là gọi cho Lemongrab để có thể giúp mong muốn của Gary trở thành hiện thực.
audio_03176|Và giúp bạn có thể giảm đi số thời gian bị đánh cắp, rồi thay vào đó là lên kế hoạch cho nhiều thời gian trên đảo hơn.|Và giúp bạn có thể giảm đi số thời gian bị đánh cắp, rồi thay vào đó là lên kế hoạch cho nhiều thời gian trên đảo hơn.
audio_03177|Từ duy theo cách của Einstein hiệu quả vì trở ngại lớn nhất khi giải quyết những vấn đề hốc búa chính là những điều ở ngay trong đầu chúng ta.|Từ duy theo cách của Einstein hiệu quả vì trở ngại lớn nhất khi giải quyết những vấn đề hốc búa chính là những điều ở ngay trong đầu chúng ta.
audio_03178|Tỷ lệ thương vong và tình trạng kinh tế thời Saddam cũng không thảm hại bằng dưới thời của tổ chức al-Qaeda.|Tỷ lệ thương vong và tình trạng kinh tế thời Saddam cũng không thảm hại bằng dưới thời của tổ chức al-Qaeda.
audio_03179|Đều rất là ngon luôn.|Đều rất là ngon luôn.
audio_03180|Ai đến cũng mời vào trong nhà uống nước.|Ai đến cũng mời vào trong nhà uống nước.
audio_03181|Thách thức phía trước.|Thách thức phía trước.
audio_03182|Để nhận ra mình đang ở đâu trước khi quyết định mình sẽ đi đâu.|Để nhận ra mình đang ở đâu trước khi quyết định mình sẽ đi đâu.
audio_03183|Đám worker trong The Walking Dead từ trước đến nay vẫn luôn là một đám ngu xuẩn.|Đám worker trong The Walking Dead từ trước đến nay vẫn luôn là một đám ngu xuẩn.
audio_03184|Rừng gỗ lớn có khả năng hấp thụ nhiều carbon, góp phần bảo vệ môi trường sinh thái trong biến đổi khí hậu.|Rừng gỗ lớn có khả năng hấp thụ nhiều carbon, góp phần bảo vệ môi trường sinh thái trong biến đổi khí hậu.
audio_03185|Và chan đầy ánh sáng.|Và chan đầy ánh sáng.
audio_03186|Mặc dù chỉ nhìn sơ qua, nhưng tôi chắc chắn rằng, gia đình của Ino, nếu có ai là ngân hàng, bởi vì người mang một cái mặt nạ biến thái như thế, thì bố con ông ngân hàng nào dám nhận vào?|Mặc dù chỉ nhìn sơ qua, nhưng tôi chắc chắn rằng, gia đình của Ino, nếu có ai là ngân hàng, bởi vì người mang một cái mặt nạ biến thái như thế, thì bố con ông ngân hàng nào dám nhận vào?
audio_03187|Cứ thế tiếng thơm về một đứa con dâu hiếu thảo cũng được truyền khắp nơi.|Cứ thế tiếng thơm về một đứa con dâu hiếu thảo cũng được truyền khắp nơi.
audio_03188|Và không nói cho ai biết, nhưng.|Và không nói cho ai biết, nhưng.
audio_03189|Cậu thấy mình đang nằm ở trong bệnh viện và những cảm xúc khiến cho Sunny bắt đầu khóc.|Cậu thấy mình đang nằm ở trong bệnh viện và những cảm xúc khiến cho Sunny bắt đầu khóc.
audio_03190|Người ta gọi là sao?|Người ta gọi là sao?
audio_03191|Nó vẫn được dự báo là màu vàng.|Nó vẫn được dự báo là màu vàng.
audio_03192|Tức là, thay vì phải tập luyện nghị lực tại gia không biết cho tới bao giờ thì bạn chỉ phải giải quyết nó ở cửa hiệu trong 10 phút mà thôi.|Tức là, thay vì phải tập luyện nghị lực tại gia không biết cho tới bao giờ thì bạn chỉ phải giải quyết nó ở cửa hiệu trong 10 phút mà thôi.
audio_03193|Có khi bạn còn chẳng biết người ta đang nói gì.|Có khi bạn còn chẳng biết người ta đang nói gì.
audio_03194|Tuy vậy, Henry luôn lái câu chuyện với cội nguồn cũng như người thân yêu của Maya.|Tuy vậy, Henry luôn lái câu chuyện với cội nguồn cũng như người thân yêu của Maya.
audio_03195|Nó đỉnh cao các bạn.|Nó đỉnh cao các bạn.
audio_03196|Người cuối cùng thì là Demi giữa hình dạng còn cá heo.|Người cuối cùng thì là Demi giữa hình dạng còn cá heo.
audio_03197|Tiếp theo, những cảm xúc khi chúng ta tham gia nô pháp em bọn.|Tiếp theo, những cảm xúc khi chúng ta tham gia nô pháp em bọn.
audio_03198|Trong phần trước, thuần quý phi bị hải lan và gia quý phi mù hại nên đã thất thế cùng với hai vị hoàng tử của mình.|Trong phần trước, thuần quý phi bị hải lan và gia quý phi mù hại nên đã thất thế cùng với hai vị hoàng tử của mình.
audio_03199|Nhưng đối với hơn 60 hộ dân sống trong trung cư mini ở 22B, ngách 236 trên 17 đường Khương Đình, phường Hạ Đình, quận Thành Xuân, Thánh Phố Hà Nội, họ lại phải nháo nhát đi tìm chỗ ở mới.|Nhưng đối với hơn 60 hộ dân sống trong trung cư mini ở 22B, ngách 236 trên 17 đường Khương Đình, phường Hạ Đình, quận Thành Xuân, Thánh Phố Hà Nội, họ lại phải nháo nhát đi tìm chỗ ở mới.
audio_03200|Hãy cứ cho đi. Hãy cứ sống.|Hãy cứ cho đi. Hãy cứ sống.
audio_03201|Với chiếc hộp chụp kính đầu, bếp bi đi xuyên khu biệt thự như một cái tháp nhỏ bằng thiết di động.|Với chiếc hộp chụp kính đầu, bếp bi đi xuyên khu biệt thự như một cái tháp nhỏ bằng thiết di động.
audio_03202|Để bắt đầu lại từ đầu.|Để bắt đầu lại từ đầu.
audio_03203|Thứ 5 6 quy tắc biến thói quen hiện tại của bạn thành thói quen lạnh mạnh.|Thứ 5 6 quy tắc biến thói quen hiện tại của bạn thành thói quen lạnh mạnh.
audio_03204|Cơ quan chức năng khuyến cáo khi bị lừa, người dân nên trình báo công an.|Cơ quan chức năng khuyến cáo khi bị lừa, người dân nên trình báo công an.
audio_03205|Trong sách đã khuyên rằng bạn hãy đặt công việc quan trọng hoặc khó chịu nhất ở vị trí đầu tiên.|Trong sách đã khuyên rằng bạn hãy đặt công việc quan trọng hoặc khó chịu nhất ở vị trí đầu tiên.
audio_03206|Và cái mức fibo này nó sẽ đâu đó nó chùm với cái khu vực đỉnh cũ ở đây.|Và cái mức fibo này nó sẽ đâu đó nó chùm với cái khu vực đỉnh cũ ở đây.
audio_03207|Không còn áp lực từ bóng Mỹ.|Không còn áp lực từ bóng Mỹ.
audio_03208|Ở những bài thực hành khác.|Ở những bài thực hành khác.
audio_03209|Có thể là trong một tương lai xa.|Có thể là trong một tương lai xa.
audio_03210|Ba em gắn cho em cái tên Lê Thị Mén cho tới bây giờ đấy.|Ba em gắn cho em cái tên Lê Thị Mén cho tới bây giờ đấy.
audio_03211|Để giúp phát triển và liên kết.|Để giúp phát triển và liên kết.
audio_03212|Những tài liệu ở trên máy của bạn mà bạn chưa đưa lên thư mục Google Driver đó.|Những tài liệu ở trên máy của bạn mà bạn chưa đưa lên thư mục Google Driver đó.
audio_03213|Thứ nhất, bất chấp nhận thức sâu rộng rằng thông tin sai lệch tràn lan tin giả thực sự chỉ chiếm số ít trong chế độ nhận thông tin của một người bình thường.|Thứ nhất, bất chấp nhận thức sâu rộng rằng thông tin sai lệch tràn lan tin giả thực sự chỉ chiếm số ít trong chế độ nhận thông tin của một người bình thường.
audio_03214|Điều này đã dán một đòn mạnh vào ông đưa ông ra khỏi những công việc hàng ngày liên quan đến điện báo và buộc ông phải tìm kiếm những con đường khác để sử dụng tài năng của mình.|Điều này đã dán một đòn mạnh vào ông đưa ông ra khỏi những công việc hàng ngày liên quan đến điện báo và buộc ông phải tìm kiếm những con đường khác để sử dụng tài năng của mình.
audio_03215|Cạnh tranh về giá.|Cạnh tranh về giá.
audio_03216|Thực chất, tâm trí cũng cần đứng nuôi dưỡng.|Thực chất, tâm trí cũng cần đứng nuôi dưỡng.
audio_03217|Tất cả sản phẩm gia dụng, đặc biệt là đồ dùng cho quán nướng được cung cấp bởi gia dụng Hoàng Việt, đều đáp ứng tiêu chuẩn chất lượng cao.|Tất cả sản phẩm gia dụng, đặc biệt là đồ dùng cho quán nướng được cung cấp bởi gia dụng Hoàng Việt, đều đáp ứng tiêu chuẩn chất lượng cao.
audio_03218|Thì giờ đây.|Thì giờ đây.
audio_03219|Bằng cách là chúng ta ăn nhiều rau xanh hơn.|Bằng cách là chúng ta ăn nhiều rau xanh hơn.
audio_03220|Bầm quan lớn có sai gì con nữa không ạ.|Bầm quan lớn có sai gì con nữa không ạ.
audio_03221|Dầu cho chước quỷ mưu thần.|Dầu cho chước quỷ mưu thần.
audio_03222|Đúng thật là trúng.|Đúng thật là trúng.
audio_03223|Sau đây là ghi nhận của phóng viên về mô hình khởi nghiệp khởi sự kinh doanh ở huyện Bắc Bình.|Sau đây là ghi nhận của phóng viên về mô hình khởi nghiệp khởi sự kinh doanh ở huyện Bắc Bình.
audio_03224|Cơ quan an ninh SBU của Ukraine đã phát hiện một âm mưu tham nhũng trong việc mua vũ khí với tổng trị giá tương đương khoảng 40 triệu đô la Mỹ.|Cơ quan an ninh SBU của Ukraine đã phát hiện một âm mưu tham nhũng trong việc mua vũ khí với tổng trị giá tương đương khoảng 40 triệu đô la Mỹ.
audio_03225|Hoàn toàn không phải như thế.|Hoàn toàn không phải như thế.
audio_03226|Người ta vẫn hay nói rằng là hãy bắt đầu khi mà mình cảm thấy sẵn sàng.|Người ta vẫn hay nói rằng là hãy bắt đầu khi mà mình cảm thấy sẵn sàng.
audio_03227|Một khi muốn chụp ảnh một thứ gì đó thì tôi sẽ quỳ hẳn xuống để căn chỉnh sao cho ưng ý nhất.|Một khi muốn chụp ảnh một thứ gì đó thì tôi sẽ quỳ hẳn xuống để căn chỉnh sao cho ưng ý nhất.
audio_03228|Công an huyện Đồng Phú, Công an xã Đồng Tâm đã vào cuộc xác minh.|Công an huyện Đồng Phú, Công an xã Đồng Tâm đã vào cuộc xác minh.
audio_03229|Thư viện số cho phép tra cứu cả sách điện tử và tìm đọc những thông tin quan trọng trên nền tảng số.|Thư viện số cho phép tra cứu cả sách điện tử và tìm đọc những thông tin quan trọng trên nền tảng số.
audio_03230|Rất nhiều người bên ngoài phòng làm việc của tôi.|Rất nhiều người bên ngoài phòng làm việc của tôi.
audio_03231|Nhưng chúng ta không có bất kỳ video xác minh nào.|Nhưng chúng ta không có bất kỳ video xác minh nào.
audio_03232|Key Messenger thường được gọi là Key.|Key Messenger thường được gọi là Key.
audio_03233|Khi gần gũi với họ, tôi cũng hiểu hơn về cuộc sống.|Khi gần gũi với họ, tôi cũng hiểu hơn về cuộc sống.
audio_03234|Rồi lấy tay mình chà sát gà.|Rồi lấy tay mình chà sát gà.
audio_03235|Tức là bạn không thể không tiếp xúc với các chất hay các hoạt động có khả năng gây ra nghiện mềm.|Tức là bạn không thể không tiếp xúc với các chất hay các hoạt động có khả năng gây ra nghiện mềm.
audio_03236|Chúng tôi có thể học ngôn ngữ ký hiệu.|Chúng tôi có thể học ngôn ngữ ký hiệu.
audio_03237|Há nói rằng.|Há nói rằng.
audio_03238|Khi một cánh cửa hạ xuống, một cánh cửa khác sẽ mở ra.|Khi một cánh cửa hạ xuống, một cánh cửa khác sẽ mở ra.
audio_03239|Đó là thứ bạn mua, hay là điều mà bạn sẽ trở thành?|Đó là thứ bạn mua, hay là điều mà bạn sẽ trở thành?
audio_03240|Lên xe, em liền tỏ ra bất ngờ khi gặp lại anh Hưng.|Lên xe, em liền tỏ ra bất ngờ khi gặp lại anh Hưng.
audio_03241|Chỉ có điều là sai lầm của tuổi trẻ này có thể phải trả giá bằng cả một mạng sống.|Chỉ có điều là sai lầm của tuổi trẻ này có thể phải trả giá bằng cả một mạng sống.
audio_03242|Nói đến bão lũ thì mùa hè tiềm ẩn nhiều nguy cơ.|Nói đến bão lũ thì mùa hè tiềm ẩn nhiều nguy cơ.
audio_03243|Chúng ta có thể điểm qua một vài cái tên nổi bật như Thạch Anh, Phá Lê.|Chúng ta có thể điểm qua một vài cái tên nổi bật như Thạch Anh, Phá Lê.
audio_03244|Ngay cả một vị giáo sư mà tôi đã cố xin thư giới thiệu trong ba tháng cũng giúp tôi hoàn thành hồ sở đăng ký.|Ngay cả một vị giáo sư mà tôi đã cố xin thư giới thiệu trong ba tháng cũng giúp tôi hoàn thành hồ sở đăng ký.
audio_03245|Trong một chuyến thám hiểm khác, nhóm nhà ngoại cảm còn chụp được những hôn mà tại một hang ngập ở độ sâu 40 mét dưới nước.|Trong một chuyến thám hiểm khác, nhóm nhà ngoại cảm còn chụp được những hôn mà tại một hang ngập ở độ sâu 40 mét dưới nước.
audio_03246|Bà còn có một câu khác nữa.|Bà còn có một câu khác nữa.
audio_03247|Phong Hiền Lành.|Phong Hiền Lành.
audio_03248|Rồi Mai sẽ dùng cây tán bột.|Rồi Mai sẽ dùng cây tán bột.
audio_03249|Tác giả Eckhart Tolle từng rơi vào những giai đoạn trầm cảm nặng, khiến cuộc sống của ông trở nên khó khăn, trắc trở.|Tác giả Eckhart Tolle từng rơi vào những giai đoạn trầm cảm nặng, khiến cuộc sống của ông trở nên khó khăn, trắc trở.
audio_03250|Ông này đã không thể đem về thành tích gì cho đội tuyển Hàn Quốc, đã để thua Jordan, thế xong lại còn tỏ ra như không có chuyện gì cả.|Ông này đã không thể đem về thành tích gì cho đội tuyển Hàn Quốc, đã để thua Jordan, thế xong lại còn tỏ ra như không có chuyện gì cả.
audio_03251|Chỉ vào chủ nhật.|Chỉ vào chủ nhật.
audio_03252|Thì mình có thể nói rằng là.|Thì mình có thể nói rằng là.
audio_03253|Theo cảm nhận của mình, tôi không đánh giá tác phẩm nào hay hơn, chỉ đơn thuần đọc nó và biết rằng từng nỗi buồn của từng nhân vật trong các tác phẩm đều mang dáng hình khác nhau.|Theo cảm nhận của mình, tôi không đánh giá tác phẩm nào hay hơn, chỉ đơn thuần đọc nó và biết rằng từng nỗi buồn của từng nhân vật trong các tác phẩm đều mang dáng hình khác nhau.
audio_03254|Chia sẻ về sự khó khăn khi chọn vật nuôi với quý vị và các bạn.|Chia sẻ về sự khó khăn khi chọn vật nuôi với quý vị và các bạn.
audio_03255|Hàn gắn các đau thương cũ.|Hàn gắn các đau thương cũ.
audio_03256|Còn khu vực từ Đà Nẵng đến Bình Thuận, ban ngày trời nắng, nhiệt độ phổ biến ở mức từ 28 đến 33 độ.|Còn khu vực từ Đà Nẵng đến Bình Thuận, ban ngày trời nắng, nhiệt độ phổ biến ở mức từ 28 đến 33 độ.
audio_03257|Và pháp luật.|Và pháp luật.
audio_03258|Quan sát từ phía cửa sổ phòng nạn nhân, Poirot nhận thấy không có dấu chân nào trên tuyết.|Quan sát từ phía cửa sổ phòng nạn nhân, Poirot nhận thấy không có dấu chân nào trên tuyết.
audio_03259|Trồn possum hay dơi.|Trồn possum hay dơi.
audio_03260|Sắp có vợ tới nơi rồi.|Sắp có vợ tới nơi rồi.
audio_03261|Còn với chính quyền xã thì chỉ có cảnh báo cho bà con về cái tình trạng nguy hiểm của con đường, không như là đường bờ sông nó sẽ sạt lở bất cứ lúc nào.|Còn với chính quyền xã thì chỉ có cảnh báo cho bà con về cái tình trạng nguy hiểm của con đường, không như là đường bờ sông nó sẽ sạt lở bất cứ lúc nào.
audio_03262|Thứ hai, có khả năng tổng hợp và phân tích các thông tin liên quan, sử dụng các khái niệm trừ tượng để diễn giải hiệu quả.|Thứ hai, có khả năng tổng hợp và phân tích các thông tin liên quan, sử dụng các khái niệm trừ tượng để diễn giải hiệu quả.
audio_03263|Là làm lòi con mắt ra.|Là làm lòi con mắt ra.
audio_03264|Hiện thì ông đang giữ chức Chủ tịch Hồ đồng Quản trị của tập đoàn Nectech, tập đoàn sở hữu rất nhiều thương hiệu công nghệ nổi tiếng như là MPOS, Vimo, Bocme, Fasco, v.v.|Hiện thì ông đang giữ chức Chủ tịch Hồ đồng Quản trị của tập đoàn Nectech, tập đoàn sở hữu rất nhiều thương hiệu công nghệ nổi tiếng như là MPOS, Vimo, Bocme, Fasco, v.v.
audio_03265|Tất sẽ có thêm tiền.|Tất sẽ có thêm tiền.
audio_03266|Và chúng ta, phải hiểu được ý nghĩa của sự thay đổi này.|Và chúng ta, phải hiểu được ý nghĩa của sự thay đổi này.
audio_03267|Và một fan fact là thuần phục loài dòng bằng cách hét lớn vào mặt chính là cách mà các nhân vật trong bộ tiểu thuyết How to Train Your Dragon đã dùng để hối luyện dòng.|Và một fan fact là thuần phục loài dòng bằng cách hét lớn vào mặt chính là cách mà các nhân vật trong bộ tiểu thuyết How to Train Your Dragon đã dùng để hối luyện dòng.
audio_03268|San Laurent, Maroni và Rennes.|San Laurent, Maroni và Rennes.
audio_03269|Điều chúng ta cần quan tâm trong video này là việc con zombie kia từ đâu đến và tại sao nó lại tấn công Red.|Điều chúng ta cần quan tâm trong video này là việc con zombie kia từ đâu đến và tại sao nó lại tấn công Red.
audio_03270|Còn ngươi không vay, ta cũng đâu có ép.|Còn ngươi không vay, ta cũng đâu có ép.
audio_03271|Carla không nhớ hết về những điều cô y tá nói ngoài cảm giác mơ hồ về một sự khẩn cấp.|Carla không nhớ hết về những điều cô y tá nói ngoài cảm giác mơ hồ về một sự khẩn cấp.
audio_03272|Nếu bệnh tật ốm đau, khấn.|Nếu bệnh tật ốm đau, khấn.
audio_03273|Tớ đãi lũ bạn món bánh quy.|Tớ đãi lũ bạn món bánh quy.
audio_03274|Không còn trầm cảm với gacha thánh di vật, dẹp hết mấy cái dòng chính phụ đi.|Không còn trầm cảm với gacha thánh di vật, dẹp hết mấy cái dòng chính phụ đi.
audio_03275|Tại sao Titan Cameraman lại nổi giận và đấm bể tòa nhà bên cạnh?|Tại sao Titan Cameraman lại nổi giận và đấm bể tòa nhà bên cạnh?
audio_03276|Nó không còn dùng nữa.|Nó không còn dùng nữa.
audio_03277|Nhưng 16 ngày trước đó, ở London, huấn luyện viên trưởng Klopp của Liverpool đã có một bài phát biểu tại buổi trao giải thưởng của Hiệp hội Nhà báo Bóng đá Anh.|Nhưng 16 ngày trước đó, ở London, huấn luyện viên trưởng Klopp của Liverpool đã có một bài phát biểu tại buổi trao giải thưởng của Hiệp hội Nhà báo Bóng đá Anh.
audio_03278|Có chắc là nếu không có bất cứ áp lực, căng thẳng nào, bạn sẽ ngủ sớm không?|Có chắc là nếu không có bất cứ áp lực, căng thẳng nào, bạn sẽ ngủ sớm không?
audio_03279|Các bạn đoán xem.|Các bạn đoán xem.
audio_03280|Cũng đừng có quá vàng nha.|Cũng đừng có quá vàng nha.
audio_03281|Điều ấy đòi hỏi một trí nhớ tốt vì người ta nhắn mặt gã trên báo với những chiến tích lừa đảo và trộm cấp.|Điều ấy đòi hỏi một trí nhớ tốt vì người ta nhắn mặt gã trên báo với những chiến tích lừa đảo và trộm cấp.
audio_03282|Đầu tiên, dựa vào im muốn từ số đồng.|Đầu tiên, dựa vào im muốn từ số đồng.
audio_03283|Mình lấy ra luôn.|Mình lấy ra luôn.
audio_03284|Thiên tài liên tiếp xây ra.|Thiên tài liên tiếp xây ra.
audio_03285|Nhưng mà bạn ơi, nếu như bạn để cho Rick chết ý, thì ở cuối game bạn sẽ thấy cho dù ai chết thì nó cũng không quan trọng gì cả vì những sự kiện xảy ra sau đó vẫn y hệt, chỉ là thay đổi nhân vật mà thôi.|Nhưng mà bạn ơi, nếu như bạn để cho Rick chết ý, thì ở cuối game bạn sẽ thấy cho dù ai chết thì nó cũng không quan trọng gì cả vì những sự kiện xảy ra sau đó vẫn y hệt, chỉ là thay đổi nhân vật mà thôi.
audio_03286|Các chính phủ thân phương Tây đã bị lật đổ, thay vào đó là những chính quyền thân Nga nằm giữa sự bảo vệ của Wagner.|Các chính phủ thân phương Tây đã bị lật đổ, thay vào đó là những chính quyền thân Nga nằm giữa sự bảo vệ của Wagner.
audio_03287|Tháng thứ hai, từ quần thợ tôi được 60 triệu. Hai tháng sau lộ, tổng phải nằm bờ.|Tháng thứ hai, từ quần thợ tôi được 60 triệu. Hai tháng sau lộ, tổng phải nằm bờ.
audio_03288|Nhưng bất hạnh thay, chỉ còn hai tháng nữa là tới cái ngày hạnh phúc đó.|Nhưng bất hạnh thay, chỉ còn hai tháng nữa là tới cái ngày hạnh phúc đó.
audio_03289|Khi mình đi dự concert.|Khi mình đi dự concert.
audio_03290|Cuốn sách này có thể sẽ là nguồn cảm hứng để xây dựng một cuộc sống kỷ luật, lành mạnh, vì sức khỏe và sự nghiệp của bạn.|Cuốn sách này có thể sẽ là nguồn cảm hứng để xây dựng một cuộc sống kỷ luật, lành mạnh, vì sức khỏe và sự nghiệp của bạn.
audio_03291|Ông ấy gọi tôi tới.|Ông ấy gọi tôi tới.
audio_03292|Tuy nhiên, để hiểu rõ nguyên nhân thực sự, hãy xem hết video này đã.|Tuy nhiên, để hiểu rõ nguyên nhân thực sự, hãy xem hết video này đã.
audio_03293|Trên cánh đồng ngô nếp ở thôn 1, xã Tường Sơn, ngay từ sáng sớm người dân đã nhuộn nhịp ra đồng thu hoạch để bán cho thương lái.|Trên cánh đồng ngô nếp ở thôn 1, xã Tường Sơn, ngay từ sáng sớm người dân đã nhuộn nhịp ra đồng thu hoạch để bán cho thương lái.
audio_03294|Anh ta có thể.|Anh ta có thể.
audio_03295|Hai thanh niên sẵn sàng chưa?|Hai thanh niên sẵn sàng chưa?
audio_03296|Trong camera này sẽ có 2 ending.|Trong camera này sẽ có 2 ending.
audio_03297|Dạch rõ phải trái để họ chính đáng.|Dạch rõ phải trái để họ chính đáng.
audio_03298|Đối với đường thủy, toàn tỉnh có 10 cảng bến thủy nội địa còn thời hạn hoạt động theo quy định, có trên 1.300 phương tiện thủy nội địa.|Đối với đường thủy, toàn tỉnh có 10 cảng bến thủy nội địa còn thời hạn hoạt động theo quy định, có trên 1.300 phương tiện thủy nội địa.
audio_03299|Đại diện các tôn giáo chức sắc bày tỏ sự vui mừng phấn khởi trước những thành tựu phát triển kinh tế xã hội của Quyện trong năm qua.|Đại diện các tôn giáo chức sắc bày tỏ sự vui mừng phấn khởi trước những thành tựu phát triển kinh tế xã hội của Quyện trong năm qua.
audio_03300|Bất chấp tin tức này, nhà phân tích Eric Banchunat của Bloomberg ETF cho biết sự tiếp thuận chính thức cho bitcoin ETF spot sẽ diễn ra vào khoảng 4-5 giờ chiều ngày 10 tháng 1 theo giờ Mỹ.|Bất chấp tin tức này, nhà phân tích Eric Banchunat của Bloomberg ETF cho biết sự tiếp thuận chính thức cho bitcoin ETF spot sẽ diễn ra vào khoảng 4-5 giờ chiều ngày 10 tháng 1 theo giờ Mỹ.
audio_03301|Ông tự tu tập 16 năm ở Làng Mai, một trung tâm thiền tập tại Pháp của Thầy Thích Nhất Hạnh.|Ông tự tu tập 16 năm ở Làng Mai, một trung tâm thiền tập tại Pháp của Thầy Thích Nhất Hạnh.
audio_03302|Không đi là không nhớ.|Không đi là không nhớ.
audio_03303|Khoảng thời gian giữa những năm 1990, tựa game Virtua Fighter của nhà Sega đang làm mưa làm gió trên thị trường Nhật Bản.|Khoảng thời gian giữa những năm 1990, tựa game Virtua Fighter của nhà Sega đang làm mưa làm gió trên thị trường Nhật Bản.
audio_03304|Đến với mối quan hệ chúng ta xác định rõ ràng ngay từ đầu mà không chím hủ không gây hại và không đòi hỏi.|Đến với mối quan hệ chúng ta xác định rõ ràng ngay từ đầu mà không chím hủ không gây hại và không đòi hỏi.
audio_03305|Việc người dân tự nguyện di rời, giải phóng mặt bằng làm đường cao tốc, tuyên quang phú thọ và sau đó là cao tốc tuyên quang hạ giang.|Việc người dân tự nguyện di rời, giải phóng mặt bằng làm đường cao tốc, tuyên quang phú thọ và sau đó là cao tốc tuyên quang hạ giang.
audio_03306|Lút được một cái giáp, ngựa kim cương và một cái cúp sửa chữa.|Lút được một cái giáp, ngựa kim cương và một cái cúp sửa chữa.
audio_03307|Tôi hỏi vì sao họ thấy vậy?|Tôi hỏi vì sao họ thấy vậy?
audio_03308|Làm được bao nhiêu là xài bấy nhiêu.|Làm được bao nhiêu là xài bấy nhiêu.
audio_03309|Trong ruột hoa nở, ngoài thiệp hoa cũng nở nè, xịn chưa?|Trong ruột hoa nở, ngoài thiệp hoa cũng nở nè, xịn chưa?
audio_03310|Sự kiện cuối cùng.|Sự kiện cuối cùng.
audio_03311|Cũng nửa muỗng luôn.|Cũng nửa muỗng luôn.
audio_03312|Cũng trong thời gian ấy.|Cũng trong thời gian ấy.
audio_03313|Tại một hội thảo doanh nghiệp.|Tại một hội thảo doanh nghiệp.
audio_03314|Tuy nhiên, sự đạo đức giả của David R. Hawkins cùng những nội dung nguỵ khoa học với mục đích lừa gạt bạn đọc đã khiến tôi có cái nhìn tiêu cực về nó. Tổng kết lại, tôi cho cuốn này 1,5 trên 5 sao.|Tuy nhiên, sự đạo đức giả của David R. Hawkins cùng những nội dung nguỵ khoa học với mục đích lừa gạt bạn đọc đã khiến tôi có cái nhìn tiêu cực về nó. Tổng kết lại, tôi cho cuốn này 1,5 trên 5 sao.
audio_03315|Lại có người nói là bà con đi rừng bắt gặp củ này ăn thấy ngọt, mát nên là mang về trồng lấy củ ăn.|Lại có người nói là bà con đi rừng bắt gặp củ này ăn thấy ngọt, mát nên là mang về trồng lấy củ ăn.
audio_03316|Cô hét lên kinh hoàng và chạy đến cửa sổ gần nhất.|Cô hét lên kinh hoàng và chạy đến cửa sổ gần nhất.
audio_03317|Nhà ông ấy xa hay gần.|Nhà ông ấy xa hay gần.
audio_03318|Hương quay đầu nhìn lại niềm hy vọng cuối cùng của mình đang bốc cao dần.|Hương quay đầu nhìn lại niềm hy vọng cuối cùng của mình đang bốc cao dần.
audio_03319|Mà một số quốc gia trên thế giới vẫn có cái sự.|Mà một số quốc gia trên thế giới vẫn có cái sự.
audio_03320|Sau khi đổi tên câu lọc bộ bóng đá, Hoàng Anh Gia Lai đã quyết định bán cả bệnh viện.|Sau khi đổi tên câu lọc bộ bóng đá, Hoàng Anh Gia Lai đã quyết định bán cả bệnh viện.
audio_03321|Có điệp dị.|Có điệp dị.
audio_03322|Xin chào và chào mừng các bạn đến với video cập nhật chiến sự Ukraine trực tiếp trên bản đồ sáng thứ 4 ngày 24 tháng 1.|Xin chào và chào mừng các bạn đến với video cập nhật chiến sự Ukraine trực tiếp trên bản đồ sáng thứ 4 ngày 24 tháng 1.
audio_03323|Lúc đó tôi cũng muốn khởi nghiệp lắm chứ.|Lúc đó tôi cũng muốn khởi nghiệp lắm chứ.
audio_03324|Dạy anh vẽ từ lúc anh bắt đầu vào nghề.|Dạy anh vẽ từ lúc anh bắt đầu vào nghề.
audio_03325|Khi Nhật Bản đăng cài Olympic Tokyo 1964, thế giới đã được chiêm ngưỡng diện mạng mới, phát triển.|Khi Nhật Bản đăng cài Olympic Tokyo 1964, thế giới đã được chiêm ngưỡng diện mạng mới, phát triển.
audio_03326|Trương Phi dù giỏi trong chuyện dụng binh nhưng đối với cấp dưới thì luôn xem thường và hà khắc.|Trương Phi dù giỏi trong chuyện dụng binh nhưng đối với cấp dưới thì luôn xem thường và hà khắc.
audio_03327|Chỉ vì không mang một chút chú lực nào.|Chỉ vì không mang một chút chú lực nào.
audio_03328|Với các hoạt động trải nghiệm cùng thiên nhiên, các bạn trẻ sẽ phải luôn phát huy ý thức cá nhân của bản thân để cùng phối hợp hoàn thành tốt nhiệm vụ.|Với các hoạt động trải nghiệm cùng thiên nhiên, các bạn trẻ sẽ phải luôn phát huy ý thức cá nhân của bản thân để cùng phối hợp hoàn thành tốt nhiệm vụ.
audio_03329|Không quá ngọt cũng như là không có quá chua.|Không quá ngọt cũng như là không có quá chua.
audio_03330|Lý trưởng là Ngũ Thịnh đem đầu lên vi thiền thết quan lớn.|Lý trưởng là Ngũ Thịnh đem đầu lên vi thiền thết quan lớn.
audio_03331|Con người thực sự là tổng thể của tất cả những trải nghiệm trong quá khứ.|Con người thực sự là tổng thể của tất cả những trải nghiệm trong quá khứ.
audio_03332|Mang về nhà bánh bao nguội hết, ăn không ngon.|Mang về nhà bánh bao nguội hết, ăn không ngon.
audio_03333|Hai đứa còn có thể battle xem ai là người tội nghiệp hơn, ai mặt dậy hơn nữa.|Hai đứa còn có thể battle xem ai là người tội nghiệp hơn, ai mặt dậy hơn nữa.
audio_03334|Sau đó thì họ đã tạo ra thêm 7 mẫu thiết kế khác cho vị trí nhạc trưởng của phòng âm nhạc bao gồm con khỉ, chú hề, con cáo mặc đồ chú hề, công chúa, con chim xanh, vũ công ballet và cuối cùng là con thỏ.|Sau đó thì họ đã tạo ra thêm 7 mẫu thiết kế khác cho vị trí nhạc trưởng của phòng âm nhạc bao gồm con khỉ, chú hề, con cáo mặc đồ chú hề, công chúa, con chim xanh, vũ công ballet và cuối cùng là con thỏ.
audio_03335|Tôi nhặt được một bộ đồ lặn ở mép nước và có con mập đang bơi ở dưới.|Tôi nhặt được một bộ đồ lặn ở mép nước và có con mập đang bơi ở dưới.
audio_03336|Mong rằng em sẽ cho anh cơ hội để tìm hiểu em nhiều hơn.|Mong rằng em sẽ cho anh cơ hội để tìm hiểu em nhiều hơn.
audio_03337|Và điều cuối cùng, giữ cho phòng ngủ thông thoáng, gây gối êm ái, tránh xa các sản phẩm điện tử, tránh tiếng ồn và ánh sáng. Có thể thấy những phương pháp này nó không khó để thực hiện.|Và điều cuối cùng, giữ cho phòng ngủ thông thoáng, gây gối êm ái, tránh xa các sản phẩm điện tử, tránh tiếng ồn và ánh sáng. Có thể thấy những phương pháp này nó không khó để thực hiện.
audio_03338|Thi công dự án đó thì mình cũng nên.|Thi công dự án đó thì mình cũng nên.
audio_03339|Hũ này mình cho vào được 3 cải cải.|Hũ này mình cho vào được 3 cải cải.
audio_03340|Có vẻ là không ổn lắm, nào làm lại nào.|Có vẻ là không ổn lắm, nào làm lại nào.
audio_03341|Ngoài ra, bàn xã hội và nền văn hóa tôn vinh bản sắc cá nhân giúp những người không con dễ dàng kết nối và chia sẻ về lối sống của mình như đi du lịch nhiều nơi, có ngôi nhà đẹp và nuôi thú cưng.|Ngoài ra, bàn xã hội và nền văn hóa tôn vinh bản sắc cá nhân giúp những người không con dễ dàng kết nối và chia sẻ về lối sống của mình như đi du lịch nhiều nơi, có ngôi nhà đẹp và nuôi thú cưng.
audio_03342|Ngon lần càng đạo liền.|Ngon lần càng đạo liền.
audio_03343|Mà đi có hết đêm nay cũng không chắc đến chỗ người đàn bà ấy được.|Mà đi có hết đêm nay cũng không chắc đến chỗ người đàn bà ấy được.
audio_03344|Chịu đựng quá nhiều từ việc chị gái phát điên, người cha luôn trốn trái trách nhiệm và một mớ việc nhà cùng chăm sóc gia đình trên vai trong lúc còn đang đi học.|Chịu đựng quá nhiều từ việc chị gái phát điên, người cha luôn trốn trái trách nhiệm và một mớ việc nhà cùng chăm sóc gia đình trên vai trong lúc còn đang đi học.
audio_03345|Nhưng mà mượn được rồi thì cứ cảm giác như.|Nhưng mà mượn được rồi thì cứ cảm giác như.
audio_03346|Và hiện tại chưa có văn bản thay thế.|Và hiện tại chưa có văn bản thay thế.
audio_03347|Tôi nghe thì tìm chú Mick ở phòng bên cạnh, đang nói chuyện với ai đó ở trên điện thoại bàn, có lẽ là với mẹ của tôi.|Tôi nghe thì tìm chú Mick ở phòng bên cạnh, đang nói chuyện với ai đó ở trên điện thoại bàn, có lẽ là với mẹ của tôi.
audio_03348|Mẹ đi vắng.|Mẹ đi vắng.
audio_03349|Thậm chí chân không chạm đất.|Thậm chí chân không chạm đất.
audio_03350|Đôi khi, một quá trình tư duy mang tính nguy biện có thể đạt được kết quả xuất sắc.|Đôi khi, một quá trình tư duy mang tính nguy biện có thể đạt được kết quả xuất sắc.
audio_03351|Đẹp không nở xài luôn á.|Đẹp không nở xài luôn á.
audio_03352|Được xây dựng.|Được xây dựng.
audio_03353|Sau đó cho rêu vào.|Sau đó cho rêu vào.
audio_03354|Hay là mua son, mua phấn cho bà hả ông?|Hay là mua son, mua phấn cho bà hả ông?
audio_03355|Mình sẽ để ra đây.|Mình sẽ để ra đây.
audio_03356|Vậy thì chú cháu mình sẽ có dịp vào trong ấy rồi.|Vậy thì chú cháu mình sẽ có dịp vào trong ấy rồi.
audio_03357|Thừ tưởng tượng rằng bạn đang bị lạc trong rừng, bạn tìm trong ba lô và phát hiện rằng mình đã quên không mang theo cả nước uống và đồ ăn.|Thừ tưởng tượng rằng bạn đang bị lạc trong rừng, bạn tìm trong ba lô và phát hiện rằng mình đã quên không mang theo cả nước uống và đồ ăn.
audio_03358|Thì Săn nghĩ rằng đương nhiên là người yêu thì ai cũng...|Thì Săn nghĩ rằng đương nhiên là người yêu thì ai cũng...
audio_03359|Bạn đã không khôn ngoan trong chuyện của mình.|Bạn đã không khôn ngoan trong chuyện của mình.
audio_03360|Mặt lán bên trong và 1 mặt lán hướng ra ngoài để chiếc bánh trồng đẹp hơn.|Mặt lán bên trong và 1 mặt lán hướng ra ngoài để chiếc bánh trồng đẹp hơn.
audio_03361|Đó có lẽ là câu chuyện muôn thỏ rồi nhỉ.|Đó có lẽ là câu chuyện muôn thỏ rồi nhỉ.
audio_03362|Người đứng đầu Ủy ban Nhân dân tỉnh cũng nhấn mạnh để thực hiện thành công công tác giải phóng mặt bằng rất cần sự vào cuộc tích cực của tất cả các bên liên quan.|Người đứng đầu Ủy ban Nhân dân tỉnh cũng nhấn mạnh để thực hiện thành công công tác giải phóng mặt bằng rất cần sự vào cuộc tích cực của tất cả các bên liên quan.
audio_03363|Hai con mắt nó mới lẳng làm sao.|Hai con mắt nó mới lẳng làm sao.
audio_03364|Hiện nay, nhóm đang nỗ lực tìm kiếm các giải pháp thiết thực, huy động vốn để triển khai dự án.|Hiện nay, nhóm đang nỗ lực tìm kiếm các giải pháp thiết thực, huy động vốn để triển khai dự án.
audio_03365|Này tên ma cây rong kia.|Này tên ma cây rong kia.
audio_03366|Gọi Alexandro Nesta là người đẹp bởi vì anh sở hữu một khuôn mặt đẹp như pho tượng cổ.|Gọi Alexandro Nesta là người đẹp bởi vì anh sở hữu một khuôn mặt đẹp như pho tượng cổ.
audio_03367|Nằm đó đợi người ta hầu hạ.|Nằm đó đợi người ta hầu hạ.
audio_03368|Để đầy mạnh thu hút các nguồn lực đầu tư, tỉnh ủy Gia Lai đã ban hành nghị quyết số 07 với quan điểm phải thu hút đầu tư có trọng tâm, trọng điểm.|Để đầy mạnh thu hút các nguồn lực đầu tư, tỉnh ủy Gia Lai đã ban hành nghị quyết số 07 với quan điểm phải thu hút đầu tư có trọng tâm, trọng điểm.
audio_03369|Các bạn thấy.|Các bạn thấy.
audio_03370|Đây chính là điểm khác biệt chính giữa Đạo Phật và tôn giáo.|Đây chính là điểm khác biệt chính giữa Đạo Phật và tôn giáo.
audio_03371|Ingram cũng là người sát hại 16 phụ nữ khác cùng độ tuổi của Sarah, vì hắn chỉ đơn thuần cho rằng họ không xứng đáng để sống.|Ingram cũng là người sát hại 16 phụ nữ khác cùng độ tuổi của Sarah, vì hắn chỉ đơn thuần cho rằng họ không xứng đáng để sống.
audio_03372|Gặp trận mưa xào đứng nép bụi tre.|Gặp trận mưa xào đứng nép bụi tre.
audio_03373|Thực chất, các sản phẩm phai sinh từ người hâm mộ vốn đã xuất hiện từ lâu.|Thực chất, các sản phẩm phai sinh từ người hâm mộ vốn đã xuất hiện từ lâu.
audio_03374|Đều quản lý bởi thủy thần. Đây là quốc gia của công lý, luôn bảo vệ và quan trọng lẽ phải.|Đều quản lý bởi thủy thần. Đây là quốc gia của công lý, luôn bảo vệ và quan trọng lẽ phải.
audio_03375|Bánh rán của con đâu?|Bánh rán của con đâu?
audio_03376|Còn bây giờ qua một cái môn khác đi.|Còn bây giờ qua một cái môn khác đi.
audio_03377|Để thuyền trụ vững trong trận gió này.|Để thuyền trụ vững trong trận gió này.
audio_03378|Câu hỏi đặt ra đối với những người có đầu óc thế tục là có bao nhiêu ý tưởng Phật giáo có thể tồn tại được khi bị bật gốc khỏi mặt đất tôn giáo mà từ đó chúng đã lớn lên?|Câu hỏi đặt ra đối với những người có đầu óc thế tục là có bao nhiêu ý tưởng Phật giáo có thể tồn tại được khi bị bật gốc khỏi mặt đất tôn giáo mà từ đó chúng đã lớn lên?
audio_03379|Thế rồi, một ngày nọ, ông ngộ ra công việc của mình không chỉ dừng lại tại đó.|Thế rồi, một ngày nọ, ông ngộ ra công việc của mình không chỉ dừng lại tại đó.
audio_03380|Scuba và Gabi cũng toàn mạng dù đã phải chịu nhiều đau đớn.|Scuba và Gabi cũng toàn mạng dù đã phải chịu nhiều đau đớn.
audio_03381|Tháng 11 năm 2022, họ cùng mở lớp trông giữ trẻ tại thôn Vạn Điểm, xã Vạn Điểm, huyện Thường Tính.|Tháng 11 năm 2022, họ cùng mở lớp trông giữ trẻ tại thôn Vạn Điểm, xã Vạn Điểm, huyện Thường Tính.
audio_03382|Xuân Kiên vẫn sẽ phải nỗ lực rất nhiều để cạnh tranh vị trí trong đội hình chính thức.|Xuân Kiên vẫn sẽ phải nỗ lực rất nhiều để cạnh tranh vị trí trong đội hình chính thức.
audio_03383|Một cuốn sách về chủ nghĩa tối giản toàn diện.|Một cuốn sách về chủ nghĩa tối giản toàn diện.
audio_03384|Cụ thể là 4 người vay của Hân với tổng số tiền vay gốc là 345 triệu đồng, 13 người vay của Nở với số tiền gốc là 280 triệu đồng.|Cụ thể là 4 người vay của Hân với tổng số tiền vay gốc là 345 triệu đồng, 13 người vay của Nở với số tiền gốc là 280 triệu đồng.
audio_03385|Một chấm là say đắm, hai chấm là đắm say, ba chấm là ngất ngây, bốn chấm là lên đây.|Một chấm là say đắm, hai chấm là đắm say, ba chấm là ngất ngây, bốn chấm là lên đây.
audio_03386|Từ đó, xác định mục tiêu chung.|Từ đó, xác định mục tiêu chung.
audio_03387|Thuộc mọi tầng lớp.|Thuộc mọi tầng lớp.
audio_03388|Chừng nào còn có bất kỳ hình thức ép buộc nào.|Chừng nào còn có bất kỳ hình thức ép buộc nào.
audio_03389|Hỏi về cha mẹ.|Hỏi về cha mẹ.
audio_03390|Lý do là cô đang nấu nước lèo chuẩn bị bán đồ ăn thì vô tình trượt chân té và khiến cái nồi nước lèo đổ ao vào chân chúng mình.|Lý do là cô đang nấu nước lèo chuẩn bị bán đồ ăn thì vô tình trượt chân té và khiến cái nồi nước lèo đổ ao vào chân chúng mình.
audio_03391|Bây giờ cái anh em mình cần đó là ngồi đợi.|Bây giờ cái anh em mình cần đó là ngồi đợi.
audio_03392|Thánh gióng diệt xong giặc ân thì cũng cưỡi ngựa bay về trời.|Thánh gióng diệt xong giặc ân thì cũng cưỡi ngựa bay về trời.
audio_03393|Thì em sẽ nằm trong trạng thái đứng yên hoặc là chuyển động điều từ nhà ra tới chợ.|Thì em sẽ nằm trong trạng thái đứng yên hoặc là chuyển động điều từ nhà ra tới chợ.
audio_03394|Trong khi đi tìm tôi thấy một cái vùng đất đen xì xì có các block tương tự như đá có vẻ đây là một vùng đất bị nguyên rủa rất là u ám và ảm đạm.|Trong khi đi tìm tôi thấy một cái vùng đất đen xì xì có các block tương tự như đá có vẻ đây là một vùng đất bị nguyên rủa rất là u ám và ảm đạm.
audio_03395|Cảnh sát mang đặc trưng riêng biệt của Hà Giang.|Cảnh sát mang đặc trưng riêng biệt của Hà Giang.
audio_03396|Lúc đó, ông đang ngồi trên giường, có Lưu Bà Ôn đứng bên.|Lúc đó, ông đang ngồi trên giường, có Lưu Bà Ôn đứng bên.
audio_03397|Thế nên, thi thoảng đi ngoài đường, anh em cũng sẽ bắt gặp cảnh sát đang truy đuổi và trấn áp tội phạm, chứ họ không phải lúc nào cũng chăm chăm muốn bắt một mình Tommy mà thôi.|Thế nên, thi thoảng đi ngoài đường, anh em cũng sẽ bắt gặp cảnh sát đang truy đuổi và trấn áp tội phạm, chứ họ không phải lúc nào cũng chăm chăm muốn bắt một mình Tommy mà thôi.
audio_03398|Có ai ngờ nghiệp quật không chừa một ai. Mình phát hiện ổng có sở thích biến thái trên giường thì thôi.|Có ai ngờ nghiệp quật không chừa một ai. Mình phát hiện ổng có sở thích biến thái trên giường thì thôi.
audio_03399|Để chốt những.|Để chốt những.
audio_03400|Tôi nghĩ con tàu của ngài đã được sửa xong.|Tôi nghĩ con tàu của ngài đã được sửa xong.
audio_03401|Anh đâu có nói là vận động nghĩa là phải chạy đâu.|Anh đâu có nói là vận động nghĩa là phải chạy đâu.
audio_03402|Hành tinh này chuẩn bị lao vào, đâm sầm vào bầu khí quyển.|Hành tinh này chuẩn bị lao vào, đâm sầm vào bầu khí quyển.
audio_03403|Thằng lào sơ sảy là tôi cho vào mồm.|Thằng lào sơ sảy là tôi cho vào mồm.
audio_03404|Đồng thời, Nga tiết lộ kế hoạch họ sẽ cố gắng chiếm được một cứ điểm bên trong bệnh viện Adybka.|Đồng thời, Nga tiết lộ kế hoạch họ sẽ cố gắng chiếm được một cứ điểm bên trong bệnh viện Adybka.
audio_03405|Có những ưu tiên khác nhau.|Có những ưu tiên khác nhau.
audio_03406|Và thời gian này thì các bạn chỉ cần hầm lửa thiệt là nhỏ và chờ cái phần xương nó rụt nó mềm thôi các bạn.|Và thời gian này thì các bạn chỉ cần hầm lửa thiệt là nhỏ và chờ cái phần xương nó rụt nó mềm thôi các bạn.
audio_03407|Là nam hay nữ.|Là nam hay nữ.
audio_03408|Trường hợp này theo mình dễ xử lý hơn, nhưng cũng có vẻ khá là hiếm hoi ở các gia đình đang sống ở thành thị.|Trường hợp này theo mình dễ xử lý hơn, nhưng cũng có vẻ khá là hiếm hoi ở các gia đình đang sống ở thành thị.
audio_03409|Nội dung của bài toán như sau, trong một game show truyền hình, Monty Ho là người dẫn chương trình đưa ra một trò chơi như sau.|Nội dung của bài toán như sau, trong một game show truyền hình, Monty Ho là người dẫn chương trình đưa ra một trò chơi như sau.
audio_03410|Và số chiến lợi phẩm mà bọn chúng đã lấy đi được hiện đang ở đâu?|Và số chiến lợi phẩm mà bọn chúng đã lấy đi được hiện đang ở đâu?
audio_03411|Đồng hành cùng với sản phụ trong suốt quá trình chuyển dạng và sinh con.|Đồng hành cùng với sản phụ trong suốt quá trình chuyển dạng và sinh con.
audio_03412|Người dân chủ động trong việc phòng chống sốt sốt huyết.|Người dân chủ động trong việc phòng chống sốt sốt huyết.
audio_03413|Xin đồng chí cho biết, những cái giải pháp đột phá và quyết tâm chính trị của tỉnh Hòa Bình nhằm thực hiện thắng lợi các chỉ tiêu kế hoạch trong năm 2024, nhất là chỉ tiêu về tốc độ tăng trưởng kinh tế, thu ngân sách nhà nước.|Xin đồng chí cho biết, những cái giải pháp đột phá và quyết tâm chính trị của tỉnh Hòa Bình nhằm thực hiện thắng lợi các chỉ tiêu kế hoạch trong năm 2024, nhất là chỉ tiêu về tốc độ tăng trưởng kinh tế, thu ngân sách nhà nước.
audio_03414|Và hình tượng người lính biên phòng cũng đi vào thơ ca với nhiều tác phẩm đổi bật được đông đảo công chúng biết đến và yêu mến.|Và hình tượng người lính biên phòng cũng đi vào thơ ca với nhiều tác phẩm đổi bật được đông đảo công chúng biết đến và yêu mến.
audio_03415|Hẹn tuần sau chỗ cũ.|Hẹn tuần sau chỗ cũ.
audio_03416|Tao nè, tao từng tuổi này, tao già cái đầu cái đầu tao có sạng rồi nè.|Tao nè, tao từng tuổi này, tao già cái đầu cái đầu tao có sạng rồi nè.
audio_03417|Bọn trẻ bây giờ đầy đủ vật chất, chẳng thiếu thứ gì, bánh kẹo bừa phứa chẳng muốn ăn, nhưng thật ra chúng vẫn không thôi háo hức.|Bọn trẻ bây giờ đầy đủ vật chất, chẳng thiếu thứ gì, bánh kẹo bừa phứa chẳng muốn ăn, nhưng thật ra chúng vẫn không thôi háo hức.
audio_03418|Sự lựa chọn khó khăn trong số ba lựa chọn, trong đó cả ba, đều không phù hợp như nhau hoặc loại trừ lẫn nhau.|Sự lựa chọn khó khăn trong số ba lựa chọn, trong đó cả ba, đều không phù hợp như nhau hoặc loại trừ lẫn nhau.
audio_03419|Công chúa chỏ xuống.|Công chúa chỏ xuống.
audio_03420|Anh ta chỉ là một người làm công ăn lương đơn thuần trong bệnh viện, một người có quan hệ mờ nhạt với bác sĩ Gordon.|Anh ta chỉ là một người làm công ăn lương đơn thuần trong bệnh viện, một người có quan hệ mờ nhạt với bác sĩ Gordon.
audio_03421|Bất kịp xu hướng này, nhiều điểm đến trên địa bàn tỉnh đã tạo ra những không gian lý tưởng để du khách có được những bức hình đẹp ấn tượng, qua đó góp phần quảng bá hình ảnh du lịch Hòa Bình đến mọi miền.|Bất kịp xu hướng này, nhiều điểm đến trên địa bàn tỉnh đã tạo ra những không gian lý tưởng để du khách có được những bức hình đẹp ấn tượng, qua đó góp phần quảng bá hình ảnh du lịch Hòa Bình đến mọi miền.
audio_03422|Đôi tay đang dỗng lên nghe ngóng của Phượng Cửu, khẽ rung rảy, tay đỡ cầm, để nó khỏi trượt xuống đất.|Đôi tay đang dỗng lên nghe ngóng của Phượng Cửu, khẽ rung rảy, tay đỡ cầm, để nó khỏi trượt xuống đất.
audio_03423|Gần 60 bị cáo là cựu lãnh đạo, cán bộ SCB và ngân hàng nhà nước.|Gần 60 bị cáo là cựu lãnh đạo, cán bộ SCB và ngân hàng nhà nước.
audio_03424|Ông đã tham gia vào cuộc chiến.|Ông đã tham gia vào cuộc chiến.
audio_03425|Càng thiếu thốn thì càng am muốn, thiếu thốn tình cảm thì chúng ta muốn được yêu.|Càng thiếu thốn thì càng am muốn, thiếu thốn tình cảm thì chúng ta muốn được yêu.
audio_03426|Tự tìm cách cân bằng trở lại.|Tự tìm cách cân bằng trở lại.
audio_03427|Cho đến thời điểm này, các cơ sở kinh tế trọng điểm của Liên Xô đã bị Đức chiếm gần hết, đồ tiếp tế và vũ khí hỗ trợ từ Anh và Mỹ thì chưa cập đến, quân lính thì chưa huy động kịp để bù cho số quân lính đã thương vong trong các chiến dịch trước đó.|Cho đến thời điểm này, các cơ sở kinh tế trọng điểm của Liên Xô đã bị Đức chiếm gần hết, đồ tiếp tế và vũ khí hỗ trợ từ Anh và Mỹ thì chưa cập đến, quân lính thì chưa huy động kịp để bù cho số quân lính đã thương vong trong các chiến dịch trước đó.
audio_03428|Mặc dù liệu pháp gen mà chúng tôi thực hiện ở bệnh nhân là nhằm điều trình sự bất thường ở một gen rất hiếm, nhưng những nghiên cứu này có thể mở ra cơ hội ứng dụng trong tương lai đối với một số trong số hơn 150 gen.|Mặc dù liệu pháp gen mà chúng tôi thực hiện ở bệnh nhân là nhằm điều trình sự bất thường ở một gen rất hiếm, nhưng những nghiên cứu này có thể mở ra cơ hội ứng dụng trong tương lai đối với một số trong số hơn 150 gen.
audio_03429|Cái lợi ích thứ nhất, đó là rõ ràng tôi sẽ học được thêm nhiều kiến thức.|Cái lợi ích thứ nhất, đó là rõ ràng tôi sẽ học được thêm nhiều kiến thức.
audio_03430|Ở khu vực trên phân súng, ta có một đầu búa kim quả.|Ở khu vực trên phân súng, ta có một đầu búa kim quả.
audio_03431|Giờ thì đến phiên con gái tôi lại bảo tôi.|Giờ thì đến phiên con gái tôi lại bảo tôi.
audio_03432|Các đơn hàng cũng đến với chị thường xuyên với những hợp đồng giá trị bạc tỷ.|Các đơn hàng cũng đến với chị thường xuyên với những hợp đồng giá trị bạc tỷ.
audio_03433|Mời các bạn cùng dùng cơm qua màn ảnh nhỏ với mình nha.|Mời các bạn cùng dùng cơm qua màn ảnh nhỏ với mình nha.
audio_03434|Rất nhiều người trong chúng ta không có đọc được cái thông điệp tích cực từ cuộc sống.|Rất nhiều người trong chúng ta không có đọc được cái thông điệp tích cực từ cuộc sống.
audio_03435|Hoạt động tuyển chọn và gọi công dân nhập ngũ được thực hiện đúng đường lối chủ trương của Đảng, chính sách pháp luật của Nhà nước và quy trình quy định trong công tác tuyển quân.|Hoạt động tuyển chọn và gọi công dân nhập ngũ được thực hiện đúng đường lối chủ trương của Đảng, chính sách pháp luật của Nhà nước và quy trình quy định trong công tác tuyển quân.
audio_03436|Sống trên đời, ai cũng thích nghe những lời khen ngợi tán thưởng.|Sống trên đời, ai cũng thích nghe những lời khen ngợi tán thưởng.
audio_03437|Nhưng sẽ có một điểm chung trong tất cả những câu trả lời này, chính là cảm giác cô đơn trong chính ngôi nhà của họ.|Nhưng sẽ có một điểm chung trong tất cả những câu trả lời này, chính là cảm giác cô đơn trong chính ngôi nhà của họ.
audio_03438|Trên cổng còn được khắc rất nhiều các hình và ký hiệu khác nhau.|Trên cổng còn được khắc rất nhiều các hình và ký hiệu khác nhau.
audio_03439|Campuchia lại một lần nữa đặt vấn đề phán quyết chưa rõ ràng rằng ai sẽ là người sở hữu gần 5 km vuông bên quanh đền.|Campuchia lại một lần nữa đặt vấn đề phán quyết chưa rõ ràng rằng ai sẽ là người sở hữu gần 5 km vuông bên quanh đền.
audio_03440|Nếu như bạn chăm chỉ và có kỹ năng viết ổn thì việc một tháng bạn có thể kiếm được 2-3 triệu là một điều hết sức bình thường.|Nếu như bạn chăm chỉ và có kỹ năng viết ổn thì việc một tháng bạn có thể kiếm được 2-3 triệu là một điều hết sức bình thường.
audio_03441|Và câu trả lời có thể ngay trước mắt ông từ trước tới giờ.|Và câu trả lời có thể ngay trước mắt ông từ trước tới giờ.
audio_03442|Có gì húi đâu.|Có gì húi đâu.
audio_03443|Cuối cùng Liz từ bỏ công việc của mình dù không có lấy một phương án giữ phòng nào.|Cuối cùng Liz từ bỏ công việc của mình dù không có lấy một phương án giữ phòng nào.
audio_03444|Thế là em với anh ấy hẹn hòa thêm vài lần nữa, và quyết định xác định mối quan hệ.|Thế là em với anh ấy hẹn hòa thêm vài lần nữa, và quyết định xác định mối quan hệ.
audio_03445|Em muốn nuôi con mèo hoang nè.|Em muốn nuôi con mèo hoang nè.
audio_03446|Chúng sẽ biết xây dựng một mối quan hệ tích cực với những người xung quanh.|Chúng sẽ biết xây dựng một mối quan hệ tích cực với những người xung quanh.
audio_03447|Biểu tượng có mắt thiền nhãn xứng đáng là một trong những biểu tượng có sức ảnh hưởng nhất tới lịch sử loài người.|Biểu tượng có mắt thiền nhãn xứng đáng là một trong những biểu tượng có sức ảnh hưởng nhất tới lịch sử loài người.
audio_03448|Tôi thừa nhận rằng mình không phải là một sứ giả hoàn hảo về chủ đề biến đổi khí hậu.|Tôi thừa nhận rằng mình không phải là một sứ giả hoàn hảo về chủ đề biến đổi khí hậu.
audio_03449|Lúc mà mới biết về cái tin này thì mình cũng rất là hoang mang.|Lúc mà mới biết về cái tin này thì mình cũng rất là hoang mang.
audio_03450|Đó là một sứ mệnh cuộc đời.|Đó là một sứ mệnh cuộc đời.
audio_03451|Nếu là trước đây 20 năm, họ sẽ bị các cưỡng quốc tặng cho vài quả tên lửa hoặc vài co lựu đạn để gian mặt.|Nếu là trước đây 20 năm, họ sẽ bị các cưỡng quốc tặng cho vài quả tên lửa hoặc vài co lựu đạn để gian mặt.
audio_03452|Suzy hoảng loạn, nổ súng như mấy con gà, nên viên đạn chỉ trúng vào tay của hắn.|Suzy hoảng loạn, nổ súng như mấy con gà, nên viên đạn chỉ trúng vào tay của hắn.
audio_03453|Với cách làm này.|Với cách làm này.
audio_03454|Khi đang cho bé nhỏ bú sữa, mà đứa lớn cứ bám đến đầu gối của mẹ, khi đó người mẹ sẽ giang tay chào đón con chứ.|Khi đang cho bé nhỏ bú sữa, mà đứa lớn cứ bám đến đầu gối của mẹ, khi đó người mẹ sẽ giang tay chào đón con chứ.
audio_03455|Tôi nhận lại tiền là được chứ gì. Động một tí là quang.|Tôi nhận lại tiền là được chứ gì. Động một tí là quang.
audio_03456|Và Shukumwit xử lý tốt những chủ đề đó.|Và Shukumwit xử lý tốt những chủ đề đó.
audio_03457|Sẽ không bao giờ hết khó khăn được.|Sẽ không bao giờ hết khó khăn được.
audio_03458|Thành quả này có sự đóng góp tích cực của các doanh nghiệp trên địa bàn thành phố vị trí.|Thành quả này có sự đóng góp tích cực của các doanh nghiệp trên địa bàn thành phố vị trí.
audio_03459|Tính năng Story Mode từ trước đã là điểm sáng của dòng game khi cho phép người chơi hóa thân thành một tuyển thủ và đồng hành trên con đường đi từ Zero đến Hero của mình.|Tính năng Story Mode từ trước đã là điểm sáng của dòng game khi cho phép người chơi hóa thân thành một tuyển thủ và đồng hành trên con đường đi từ Zero đến Hero của mình.
audio_03460|Đồng thời, một nhân chứng đã nhìn thấy ý tức giận với Dahlia.|Đồng thời, một nhân chứng đã nhìn thấy ý tức giận với Dahlia.
audio_03461|Bạn nên thử nghiệm với nhiều không giờ trong ngày để xem là cái khoảng thời gian nào thì mình làm việc hiệu quả nhất.|Bạn nên thử nghiệm với nhiều không giờ trong ngày để xem là cái khoảng thời gian nào thì mình làm việc hiệu quả nhất.
audio_03462|Có thể mẹ bạn mua nó cho bạn để bạn học hỏi thêm.|Có thể mẹ bạn mua nó cho bạn để bạn học hỏi thêm.
audio_03463|Giấc ngủ cũng rất cần thiết trong học tập.|Giấc ngủ cũng rất cần thiết trong học tập.
audio_03464|Một hình của cửa hàng không đồng đã được mở từ 3 năm trước.|Một hình của cửa hàng không đồng đã được mở từ 3 năm trước.
audio_03465|Thế nhưng mấy ông con trai kia nhất quyết không cho bán, đòi phải giữ lại làm đất hương hỏa.|Thế nhưng mấy ông con trai kia nhất quyết không cho bán, đòi phải giữ lại làm đất hương hỏa.
audio_03466|Bạn chuẩn bị đi về một hướng mà mình không biết rõ.|Bạn chuẩn bị đi về một hướng mà mình không biết rõ.
audio_03467|Tuy nhiên, ý tưởng về một mục đích chung mà tất cả các nhân viên cùng chia sẻ sẽ là điều quan trọng đối với thành công của một doanh nghiệp.|Tuy nhiên, ý tưởng về một mục đích chung mà tất cả các nhân viên cùng chia sẻ sẽ là điều quan trọng đối với thành công của một doanh nghiệp.
audio_03468|Trong triết học, ông được nhớ đến nhiều nhất với chủ nghĩa lạc quan.|Trong triết học, ông được nhớ đến nhiều nhất với chủ nghĩa lạc quan.
audio_03469|Thường thì sự sưng tụng ấy làm tôi đau khổ.|Thường thì sự sưng tụng ấy làm tôi đau khổ.
audio_03470|Rồi sau đó thì dịch bệnh nó xảy ra.|Rồi sau đó thì dịch bệnh nó xảy ra.
audio_03471|Phải cách đến 23 năm sau, người ta mới trao giải Nobel cho ông.|Phải cách đến 23 năm sau, người ta mới trao giải Nobel cho ông.
audio_03472|Cuối cùng của nhân dân ta.|Cuối cùng của nhân dân ta.
audio_03473|Cái vẻ đẹp đó là vẻ đẹp unique, được sinh ra từ cái gu của người đó.|Cái vẻ đẹp đó là vẻ đẹp unique, được sinh ra từ cái gu của người đó.
audio_03474|Khi mà ổn định ở phía trên rồi.|Khi mà ổn định ở phía trên rồi.
audio_03475|Chào mừng các bạn đã quay trở lại với Way Too Weird Movie.|Chào mừng các bạn đã quay trở lại với Way Too Weird Movie.
audio_03476|Họ đang chơi trò chơi tiền bạc.|Họ đang chơi trò chơi tiền bạc.
audio_03477|Trong nền văn hóa nhân loại, từ những bức vẽ, bức tượng của các nghệ sĩ thời cổ đại, thời phục hưng, thế kỷ thứ 17, thế kỷ thứ 18, 19 và cả thế kỷ 20 của chúng ta nữa, cho đến một tập khảo luận, một vở kịch, một cuốn truyền.|Trong nền văn hóa nhân loại, từ những bức vẽ, bức tượng của các nghệ sĩ thời cổ đại, thời phục hưng, thế kỷ thứ 17, thế kỷ thứ 18, 19 và cả thế kỷ 20 của chúng ta nữa, cho đến một tập khảo luận, một vở kịch, một cuốn truyền.
audio_03478|Nên khi hai quần sáng vừa làm hắn lóa mắt, và hai chấm đỏ đèn hậu cùng tiếng máy của hai chiếc xe mất hút vào dặn che tàu phía đầu hẻm.|Nên khi hai quần sáng vừa làm hắn lóa mắt, và hai chấm đỏ đèn hậu cùng tiếng máy của hai chiếc xe mất hút vào dặn che tàu phía đầu hẻm.
audio_03479|Ngay rồi cũng sẽ có ngày được sống trong những cái cảm giác hạnh phúc như vậy.|Ngay rồi cũng sẽ có ngày được sống trong những cái cảm giác hạnh phúc như vậy.
audio_03480|Dọc đường tôi sẽ lồng vào những bài học lãnh đạo và những lời khuyên thiết thực về cách giải quyết vấn đề được chắc lọc từ những kinh nghiệm của họ.|Dọc đường tôi sẽ lồng vào những bài học lãnh đạo và những lời khuyên thiết thực về cách giải quyết vấn đề được chắc lọc từ những kinh nghiệm của họ.
audio_03481|Các thiếu nữ trong trang phục áo dài, đầu đội khăn vấn, thắt lưng giải lụa, cùng chủ tế nữ mặc bộ lễ phục màu đỏ, đầu đội khăn vấn đỏ thực hiện nghi thức tế lễ truyền thống.|Các thiếu nữ trong trang phục áo dài, đầu đội khăn vấn, thắt lưng giải lụa, cùng chủ tế nữ mặc bộ lễ phục màu đỏ, đầu đội khăn vấn đỏ thực hiện nghi thức tế lễ truyền thống.
audio_03482|Bây giờ hãy trả mối thù của ông đi.|Bây giờ hãy trả mối thù của ông đi.
audio_03483|Nhu cầu và động lực ổn định cho thấy viết giá Ethereum tăng lên mức 3.000 đô la trở lên chỉ là vấn đề thời gian.|Nhu cầu và động lực ổn định cho thấy viết giá Ethereum tăng lên mức 3.000 đô la trở lên chỉ là vấn đề thời gian.
audio_03484|Ta nhận ra rằng không phải Mai Linh là người đã xưng họ tên bố mẹ mình mà chính là Long.|Ta nhận ra rằng không phải Mai Linh là người đã xưng họ tên bố mẹ mình mà chính là Long.
audio_03485|Nếu bạn muốn dạy học mục đích ban đầu của bạn là truyền đạt kiến thức chứ không phải là làm mọi cách để đạt được danh hiệu này trước vị nọ.|Nếu bạn muốn dạy học mục đích ban đầu của bạn là truyền đạt kiến thức chứ không phải là làm mọi cách để đạt được danh hiệu này trước vị nọ.
audio_03486|Anh về đi.|Anh về đi.
audio_03487|Kiểu như xe nông dân dùng để chở thực phẩm đi chợ.|Kiểu như xe nông dân dùng để chở thực phẩm đi chợ.
audio_03488|Thu hạch đến đâu, giải phóng đất để triển khai sản xuất vụ đông đến đó, đặc biệt là trồng ngô đông.|Thu hạch đến đâu, giải phóng đất để triển khai sản xuất vụ đông đến đó, đặc biệt là trồng ngô đông.
audio_03489|Người viết chuyện có thể chẳng bao giờ biết hết được xong đôi khi, anh ta biết và ước rằng mình có cơ hội để bắt đầu lại.|Người viết chuyện có thể chẳng bao giờ biết hết được xong đôi khi, anh ta biết và ước rằng mình có cơ hội để bắt đầu lại.
audio_03490|Tục nhuộm xăng đen của dân tộc Lào không chỉ là nét đẹp mà còn là một bài thuốc chống sâu xăng.|Tục nhuộm xăng đen của dân tộc Lào không chỉ là nét đẹp mà còn là một bài thuốc chống sâu xăng.
audio_03491|Thay vào đó, chúng ta hãy chạy theo cái khác.|Thay vào đó, chúng ta hãy chạy theo cái khác.
audio_03492|Nhưng mà mình sẽ thích thêm vào 100g kem tươi, whipping cream giúp cho kem bông và béo hơn.|Nhưng mà mình sẽ thích thêm vào 100g kem tươi, whipping cream giúp cho kem bông và béo hơn.
audio_03493|Cho nên là mình phải nấu sánh kẹo như vậy.|Cho nên là mình phải nấu sánh kẹo như vậy.
audio_03494|Ngày 17 tháng 7 năm 2017, một cô gái chạy sọc vào lãnh sự quán Anh ở thành phố Milan, Ý và báo cáo rằng mình vừa được thả sau sáu ngày bị giam cầm và làm đô lệ tình dục.|Ngày 17 tháng 7 năm 2017, một cô gái chạy sọc vào lãnh sự quán Anh ở thành phố Milan, Ý và báo cáo rằng mình vừa được thả sau sáu ngày bị giam cầm và làm đô lệ tình dục.
audio_03495|Các thương hiệu về công nghệ, thời trang và phong cách sống là những thương hiệu có khả năng xây dựng một kết nối cảm xúc mạnh mẽ nhất với khách hàng của mình.|Các thương hiệu về công nghệ, thời trang và phong cách sống là những thương hiệu có khả năng xây dựng một kết nối cảm xúc mạnh mẽ nhất với khách hàng của mình.
audio_03496|Có lẽ đó là lý do tại sao con người cần ngôn ngữ.|Có lẽ đó là lý do tại sao con người cần ngôn ngữ.
audio_03497|Các bạn hãy lưu ý là ảnh mẫu chúng ta chia ra như thế nào thì tranh vẽ chúng ta cũng sẽ chia y như vậy.|Các bạn hãy lưu ý là ảnh mẫu chúng ta chia ra như thế nào thì tranh vẽ chúng ta cũng sẽ chia y như vậy.
audio_03498|Nó trước cặp kè phú bà được vài trăm.|Nó trước cặp kè phú bà được vài trăm.
audio_03499|Có trụ sở tại London, Vương quốc Anh.|Có trụ sở tại London, Vương quốc Anh.
audio_03500|Trong nỗ lực không mệt mỏi để phát triển, họ đã khai thác nhân viên đến xương tủy, ngó lơ sự lạm dụng rõ ràng các công nghệ của mình, và có cả việc trả thù những người bất đồng nghiêm túc nhất trong nội bộ.|Trong nỗ lực không mệt mỏi để phát triển, họ đã khai thác nhân viên đến xương tủy, ngó lơ sự lạm dụng rõ ràng các công nghệ của mình, và có cả việc trả thù những người bất đồng nghiêm túc nhất trong nội bộ.
audio_03501|Để bánh giòn hơn.|Để bánh giòn hơn.
audio_03502|Nhưng càng muốn lấp đầy bản thân thì càng không thể tích lũy thực sự.|Nhưng càng muốn lấp đầy bản thân thì càng không thể tích lũy thực sự.
audio_03503|Từ những ngày tháng đầu tiên của cuộc đời, ông đã được gọi là Hậu Duệ của Achilles, chiến binh vĩ đại bậc nhất Hy Lạp.|Từ những ngày tháng đầu tiên của cuộc đời, ông đã được gọi là Hậu Duệ của Achilles, chiến binh vĩ đại bậc nhất Hy Lạp.
audio_03504|Tôi có thể cưỡng lại mọi thứ trừ sự cám dỗ.|Tôi có thể cưỡng lại mọi thứ trừ sự cám dỗ.
audio_03505|Cuộc khảo sát năm 2018 của Viện Nghiên cứu Seoul cũng cho thấy mỗi hộ gia đình đang nợ khoảng 44.000 đô so với tổng thu nhập bình quân đầu người của cả nước là 33.790 đô.|Cuộc khảo sát năm 2018 của Viện Nghiên cứu Seoul cũng cho thấy mỗi hộ gia đình đang nợ khoảng 44.000 đô so với tổng thu nhập bình quân đầu người của cả nước là 33.790 đô.
audio_03506|Chính phủ ban hành Nghị định 96-2023 NDCP quy định chi tiết một số điều của luật khám bệnh chữa bệnh, trong đó quy định thời gian thực hành để cấp giấy phép hành nghề khám chữa bệnh.|Chính phủ ban hành Nghị định 96-2023 NDCP quy định chi tiết một số điều của luật khám bệnh chữa bệnh, trong đó quy định thời gian thực hành để cấp giấy phép hành nghề khám chữa bệnh.
audio_03507|Hoàng tử Quýt thở dài, rồi nói tiếp.|Hoàng tử Quýt thở dài, rồi nói tiếp.
audio_03508|Bị bỏ hoang hàng chục năm, từ một nơi tràn ngập niềm vui, chạy hè Joywell giờ trông vô cùng điêu tàn đổ nát.|Bị bỏ hoang hàng chục năm, từ một nơi tràn ngập niềm vui, chạy hè Joywell giờ trông vô cùng điêu tàn đổ nát.
audio_03509|Đây là chia sẻ từ trải nghiệm rất chân thật của cá nhân anh đó nghe.|Đây là chia sẻ từ trải nghiệm rất chân thật của cá nhân anh đó nghe.
audio_03510|Và thế là một bữa cơm tối gượng gạo đã diễn ra.|Và thế là một bữa cơm tối gượng gạo đã diễn ra.
audio_03511|Thế nhưng, muốn chiến thắng được các boss thì nhiều khi lại không hề đơn giản đâu nha.|Thế nhưng, muốn chiến thắng được các boss thì nhiều khi lại không hề đơn giản đâu nha.
audio_03512|Sau cuối tuần công chiếu rộng rãi, đất rừng phương Nam giữ vững ngôi vị quán quân, bộ phim Việt đem về doanh thu 32,4 tỷ đồng.|Sau cuối tuần công chiếu rộng rãi, đất rừng phương Nam giữ vững ngôi vị quán quân, bộ phim Việt đem về doanh thu 32,4 tỷ đồng.
audio_03513|Và từ đây thì tôi bắt đầu tôi phân bổ nó sang những cái danh mục đầu tư khác của mình.|Và từ đây thì tôi bắt đầu tôi phân bổ nó sang những cái danh mục đầu tư khác của mình.
audio_03514|Ý tôi là tôi đã tự nhốt mình trong một chiếc lồng và cảm thấy ổn với điều đó.|Ý tôi là tôi đã tự nhốt mình trong một chiếc lồng và cảm thấy ổn với điều đó.
audio_03515|Sẽ còn sót những phần giỏ cho nên mình phải lượt nha.|Sẽ còn sót những phần giỏ cho nên mình phải lượt nha.
audio_03516|Và cuối cùng, nó vỡ vụn ra.|Và cuối cùng, nó vỡ vụn ra.
audio_03517|Nhiệt độ tăng 3-4 độ so với ngày 3 tháng 3.|Nhiệt độ tăng 3-4 độ so với ngày 3 tháng 3.
audio_03518|Không ta cho lính quất vai heo bây giờ.|Không ta cho lính quất vai heo bây giờ.
audio_03519|Không cầu kỳ.|Không cầu kỳ.
audio_03520|Nhưng khi thoát khỏi chế độ phóng to thì nhà vệ sinh này lại trở về bình thường và chúng ta sẽ thấy Larry đang run rẩy ở trong một buồng vệ sinh.|Nhưng khi thoát khỏi chế độ phóng to thì nhà vệ sinh này lại trở về bình thường và chúng ta sẽ thấy Larry đang run rẩy ở trong một buồng vệ sinh.
audio_03521|Nhưng mà con không mất gì cả nghĩa là tóc nó sẽ dài ra.|Nhưng mà con không mất gì cả nghĩa là tóc nó sẽ dài ra.
audio_03522|Và theo như ta biết, con sứa chính là Stinger Flynn, con chim là Opila và người đàn ông màu đỏ là Bang Bang.|Và theo như ta biết, con sứa chính là Stinger Flynn, con chim là Opila và người đàn ông màu đỏ là Bang Bang.
audio_03523|Cân bằng giữa nhu cầu của nhân viên và nhu cầu của doanh nghiệp.|Cân bằng giữa nhu cầu của nhân viên và nhu cầu của doanh nghiệp.
audio_03524|Cháp hầu tòa này sẽ vừa mất tiền, vừa mất thời gian.|Cháp hầu tòa này sẽ vừa mất tiền, vừa mất thời gian.
audio_03525|Có ai muốn sống trên đời mà lúc nào cũng bị nói này nói nỏ đó.|Có ai muốn sống trên đời mà lúc nào cũng bị nói này nói nỏ đó.
audio_03526|Tuy nhiên, đối với việc xuất bản tác phẩm của mình, Mitchell tỏ ra khá mâu tuẫn.|Tuy nhiên, đối với việc xuất bản tác phẩm của mình, Mitchell tỏ ra khá mâu tuẫn.
audio_03527|Bữa nay tao đích thân qua mời.|Bữa nay tao đích thân qua mời.
audio_03528|Nhưng mà chắc là kiểu giấu đổi bạn sang đổi vợ.|Nhưng mà chắc là kiểu giấu đổi bạn sang đổi vợ.
audio_03529|Ngay từ lúc mới đi được một nửa chặng đường, Jin-woo đã có thể tự mình đẩy lùi một hầm ngục Rank A và thậm chí còn solo với cả một đội quân Orc khủng mạnh.|Ngay từ lúc mới đi được một nửa chặng đường, Jin-woo đã có thể tự mình đẩy lùi một hầm ngục Rank A và thậm chí còn solo với cả một đội quân Orc khủng mạnh.
audio_03530|Viết thương về mặt thể chất chẳng là gì so với tổn thương tinh thần mà họ sẽ mang suốt cuộc đời.|Viết thương về mặt thể chất chẳng là gì so với tổn thương tinh thần mà họ sẽ mang suốt cuộc đời.
audio_03531|Mình giải nhuyễn để gia vị hòa quyện với ớt gà và giúp ớt gà dài hơn.|Mình giải nhuyễn để gia vị hòa quyện với ớt gà và giúp ớt gà dài hơn.
audio_03532|Anh ta không còn cách nào khác là phải kết hôn với nhóm người quý tộc của mình.|Anh ta không còn cách nào khác là phải kết hôn với nhóm người quý tộc của mình.
audio_03533|Chuyện đã rồi.|Chuyện đã rồi.
audio_03534|Tức là không cần cái background của họ nhiều lắm.|Tức là không cần cái background của họ nhiều lắm.
audio_03535|Khi có trĩ thì cái búi trĩ xa ra ngoài vấn đề vệ sinh.|Khi có trĩ thì cái búi trĩ xa ra ngoài vấn đề vệ sinh.
audio_03536|Trên miệng bình thứ nhất có 1 cái bát chứa đầy acid mạnh.|Trên miệng bình thứ nhất có 1 cái bát chứa đầy acid mạnh.
audio_03537|Các bạn chọn mua kiệu Huế sẽ ngon hơn.|Các bạn chọn mua kiệu Huế sẽ ngon hơn.
audio_03538|Nó sẽ khiến cho các bạn bị đứt dòng suy nghĩ.|Nó sẽ khiến cho các bạn bị đứt dòng suy nghĩ.
audio_03539|Charles Rolls cũng phất lên, theo đúng nghĩa đen, đam mê bay lượn của ông ngay một lớn.|Charles Rolls cũng phất lên, theo đúng nghĩa đen, đam mê bay lượn của ông ngay một lớn.
audio_03540|Mà nó sẽ cho mình cái trải nghiệm đầu tiên.|Mà nó sẽ cho mình cái trải nghiệm đầu tiên.
audio_03541|Thì đây sẽ trở thành bài toán multiple linear regression đúng không?|Thì đây sẽ trở thành bài toán multiple linear regression đúng không?
audio_03542|Những người mắc trứng trầm cảm thường rất biết cách giả vờ vui vẻ.|Những người mắc trứng trầm cảm thường rất biết cách giả vờ vui vẻ.
audio_03543|Ông làm nhỏ mà em ghét cay ghét đắng, có bầu.|Ông làm nhỏ mà em ghét cay ghét đắng, có bầu.
audio_03544|Mà nói giọng tiếng Anh của Greek là của Hy Lạp.|Mà nói giọng tiếng Anh của Greek là của Hy Lạp.
audio_03545|Đây là dấu hiệu cho việc nguy hiểm vẫn còn đó.|Đây là dấu hiệu cho việc nguy hiểm vẫn còn đó.
audio_03546|Ủy viên Ban Thực vụ Tỉnh Uỷ, Trường Ban Dân vận Tỉnh Uỷ, Phó Trưởng Ban Thường trực Ban Chỉ đạo, thực hiện Quy chế Dân chủ ở cơ sở của tỉnh, đồng chủ trì Hội nghị.|Ủy viên Ban Thực vụ Tỉnh Uỷ, Trường Ban Dân vận Tỉnh Uỷ, Phó Trưởng Ban Thường trực Ban Chỉ đạo, thực hiện Quy chế Dân chủ ở cơ sở của tỉnh, đồng chủ trì Hội nghị.
audio_03547|Lần đầu tiên bạn qua được cái màn đó thì trước đó bạn ngẫm chắc cũng 20 lần.|Lần đầu tiên bạn qua được cái màn đó thì trước đó bạn ngẫm chắc cũng 20 lần.
audio_03548|Và khi các bạn gội thì các bạn sẽ thấy là tóc mình nó không bị dối hay dít vào nhau đâu.|Và khi các bạn gội thì các bạn sẽ thấy là tóc mình nó không bị dối hay dít vào nhau đâu.
audio_03549|Tiếp theo thì mình cho nước ướp thịt vào luôn.|Tiếp theo thì mình cho nước ướp thịt vào luôn.
audio_03550|Đặt một câu hỏi ngược.|Đặt một câu hỏi ngược.
audio_03551|Trong giai đoạn này, ngoài sáng tác tranh, Picasso còn vẽ minh họa cho các tờ báo và các tờ tạp chí.|Trong giai đoạn này, ngoài sáng tác tranh, Picasso còn vẽ minh họa cho các tờ báo và các tờ tạp chí.
audio_03552|Tôi thu cái tập này không có cái ý là bài bác cái chuyện tình yêu, hay là kêu gọi chúng ta không nên lập gia đình.|Tôi thu cái tập này không có cái ý là bài bác cái chuyện tình yêu, hay là kêu gọi chúng ta không nên lập gia đình.
audio_03553|Vậy mối liên kết giữa chiếc IL-76 với đợt huy động là gì?|Vậy mối liên kết giữa chiếc IL-76 với đợt huy động là gì?
audio_03554|Suốt ngày chỉ thích cầu may, thích phụ thuộc vào người khác thôi.|Suốt ngày chỉ thích cầu may, thích phụ thuộc vào người khác thôi.
audio_03555|Nếu bạn có thể chạy 2 dặm trong 12 phút.|Nếu bạn có thể chạy 2 dặm trong 12 phút.
audio_03556|Kẻ mạnh nhất rồi cũng có lúc trở nên suy thoái.|Kẻ mạnh nhất rồi cũng có lúc trở nên suy thoái.
audio_03557|Napoleon trở về Pháp cho khởi công khải hoàn môn để vinh danh quân đội của mình và công trình này đến năm 1836 thì hoàn thành.|Napoleon trở về Pháp cho khởi công khải hoàn môn để vinh danh quân đội của mình và công trình này đến năm 1836 thì hoàn thành.
audio_03558|Thạch Anh thì tôi đã có rất nhiều khi đào lấy cấp rồi.|Thạch Anh thì tôi đã có rất nhiều khi đào lấy cấp rồi.
audio_03559|Để từ đó chúng ta biết được là cái đoạn nào thì nên đi với tốc độ bao nhiêu.|Để từ đó chúng ta biết được là cái đoạn nào thì nên đi với tốc độ bao nhiêu.
audio_03560|Trong bài phát biểu, Chủ tịch Đại hội đồng Liên Hợp Quốc một lần nữa kêu gọi cộng đồng quốc tế hành động ngay để chấm dứt cuộc khủng hoảng.|Trong bài phát biểu, Chủ tịch Đại hội đồng Liên Hợp Quốc một lần nữa kêu gọi cộng đồng quốc tế hành động ngay để chấm dứt cuộc khủng hoảng.
audio_03561|Kính chào và hẹn gặp lại quý vị và các bạn trong các chuyên mục này lần sau.|Kính chào và hẹn gặp lại quý vị và các bạn trong các chuyên mục này lần sau.
audio_03562|Cuối cùng, các hiệu sách không thể dễ dàng cho khách hàng biết thông tin về những cuốn sách mới.|Cuối cùng, các hiệu sách không thể dễ dàng cho khách hàng biết thông tin về những cuốn sách mới.
audio_03563|Họ đặt kỳ vọng rất nhanh.|Họ đặt kỳ vọng rất nhanh.
audio_03564|Ở thời vàng son, đô la Mỹ chiếm tới 85% dự trữ ngoại tệ của thế giới.|Ở thời vàng son, đô la Mỹ chiếm tới 85% dự trữ ngoại tệ của thế giới.
audio_03565|Giữa thế gian vội vã này, những khoảng lặng như thế chính là cơ hội để bạn tìm lại mình, nhìn lại đời và từ đó dấn thân vào hành trình truy nguyên ý nghĩa của cuộc sống.|Giữa thế gian vội vã này, những khoảng lặng như thế chính là cơ hội để bạn tìm lại mình, nhìn lại đời và từ đó dấn thân vào hành trình truy nguyên ý nghĩa của cuộc sống.
audio_03566|Đến đây em mới ngửa bài và nói cho nó biết hơn một tỏi.|Đến đây em mới ngửa bài và nói cho nó biết hơn một tỏi.
audio_03567|Thì mình thấy có mấy cái bì dây cắt tông nè các bạn.|Thì mình thấy có mấy cái bì dây cắt tông nè các bạn.
audio_03568|Bạn thấy, phần thịt đã được chuyển qua ống một cách dễ dàng.|Bạn thấy, phần thịt đã được chuyển qua ống một cách dễ dàng.
audio_03569|Lúc tỏ tình thì lại nhận đủ biệt danh nhưng mà không cái nào có nghĩa là cô ấy muốn tụt quần bạn ra.|Lúc tỏ tình thì lại nhận đủ biệt danh nhưng mà không cái nào có nghĩa là cô ấy muốn tụt quần bạn ra.
audio_03570|Hai lần nữa nha.|Hai lần nữa nha.
audio_03571|Và cái luồng thứ 2 đó là những người cảm thấy là.|Và cái luồng thứ 2 đó là những người cảm thấy là.
audio_03572|Chị Săn định thay đổi màu tóc không?|Chị Săn định thay đổi màu tóc không?
audio_03573|Đến cả rửa vài cái bát, nó cũng ỉ ôi.|Đến cả rửa vài cái bát, nó cũng ỉ ôi.
audio_03574|Từ ngày mai, mông 7 tháng 4, nắng nóng kết thúc ở Trung Bộ.|Từ ngày mai, mông 7 tháng 4, nắng nóng kết thúc ở Trung Bộ.
audio_03575|Đã đóng sổ với tổng cộng 334%.|Đã đóng sổ với tổng cộng 334%.
audio_03576|Những linh hồn nói rằng thế lực bóng tối thực chất là một nữ phụ thủy đang tồn tại dưới hình dạng một con bướm phát sáng.|Những linh hồn nói rằng thế lực bóng tối thực chất là một nữ phụ thủy đang tồn tại dưới hình dạng một con bướm phát sáng.
audio_03577|Những tháng cuối năm, tình hình tội phạm gia tăng, nhất là tội phạm trộm cắp tài sản.|Những tháng cuối năm, tình hình tội phạm gia tăng, nhất là tội phạm trộm cắp tài sản.
audio_03578|Ông Vương nhấn mạnh rằng các công nghệ tài chính mới mang đến những cái rủi ro mới và cần phải được kiểm soát chặt chẽ bởi chính phủ.|Ông Vương nhấn mạnh rằng các công nghệ tài chính mới mang đến những cái rủi ro mới và cần phải được kiểm soát chặt chẽ bởi chính phủ.
audio_03579|Suy cho cùng, sự tự do thực sự chính là tự do ở bên trong mỗi người, độc lập về nội tâm, được là chính mình và thoải mái khi là chính mình.|Suy cho cùng, sự tự do thực sự chính là tự do ở bên trong mỗi người, độc lập về nội tâm, được là chính mình và thoải mái khi là chính mình.
audio_03580|Hầu hết những hiện tượng bất thường huyệt bí này xảy ra sau năm 1999. Trước đó còn rất ít tin tức như vậy.|Hầu hết những hiện tượng bất thường huyệt bí này xảy ra sau năm 1999. Trước đó còn rất ít tin tức như vậy.
audio_03581|Thôi, cháu xin phép không chữa được ạ.|Thôi, cháu xin phép không chữa được ạ.
audio_03582|Nói thêm hoàng đế hay hiên viên hoàng đế là một vị đế phương trong thời kỷ tam hoàng ngũ đế.|Nói thêm hoàng đế hay hiên viên hoàng đế là một vị đế phương trong thời kỷ tam hoàng ngũ đế.
audio_03583|Mình cắt thử thịt gà ra nè.|Mình cắt thử thịt gà ra nè.
audio_03584|Danh mục 5 mã thì hôm nay có thể 2 mã tăng, 3 mã giảm nhưng họ chỉ khoe mỗi 2 mã tăng thôi còn bạn lấy cả danh mục của mình để đi so với họ.|Danh mục 5 mã thì hôm nay có thể 2 mã tăng, 3 mã giảm nhưng họ chỉ khoe mỗi 2 mã tăng thôi còn bạn lấy cả danh mục của mình để đi so với họ.
audio_03585|Hay là Photoshop nè.|Hay là Photoshop nè.
audio_03586|Cái điều hối hận nhất cuộc đời em là lấy anh.|Cái điều hối hận nhất cuộc đời em là lấy anh.
audio_03587|Cả về quy mô cũng như lợi nhuận, không của sự tăng trưởng, thậm chí còn có xu hướng tụt giảm nghiêm trọng.|Cả về quy mô cũng như lợi nhuận, không của sự tăng trưởng, thậm chí còn có xu hướng tụt giảm nghiêm trọng.
audio_03588|Đứng hình luôn.|Đứng hình luôn.
audio_03589|Nhưng ngay cả khi người này đến trước một giờ thì đã thấy Charlie Munger đến sớm hơn và đang ngồi chăm chú đọc rồi.|Nhưng ngay cả khi người này đến trước một giờ thì đã thấy Charlie Munger đến sớm hơn và đang ngồi chăm chú đọc rồi.
audio_03590|Logo của công ty giờ không còn là một chú chim màu xanh nữa, mà là chữ X, đại diện cho ý tưởng vượt qua danh giới và kết nối với mọi người.|Logo của công ty giờ không còn là một chú chim màu xanh nữa, mà là chữ X, đại diện cho ý tưởng vượt qua danh giới và kết nối với mọi người.
audio_03591|Chi phí giao động trong khoảng 10 đến 20 triệu đồng.|Chi phí giao động trong khoảng 10 đến 20 triệu đồng.
audio_03592|Ngay sau đó thì nói dối là.|Ngay sau đó thì nói dối là.
audio_03593|Thủ tướng Phạm Minh Chính vừa yêu cầu Bộ Công an triển khai áp dụng các giải pháp về tự động hóa trong giải quyết thủ tục cho người nước ngoài nhập cảnh, cư trú và du lịch an toàn tại Việt Nam.|Thủ tướng Phạm Minh Chính vừa yêu cầu Bộ Công an triển khai áp dụng các giải pháp về tự động hóa trong giải quyết thủ tục cho người nước ngoài nhập cảnh, cư trú và du lịch an toàn tại Việt Nam.
audio_03594|Chúng ta chỉ thích cảm giác vui vẻ, thoải mái.|Chúng ta chỉ thích cảm giác vui vẻ, thoải mái.
audio_03595|Thay vì tiêu diệt toàn bộ quân đội của đối phương, mỗi lần hai phe giao tranh, Gia Cát Lượng lại bắt sâu.|Thay vì tiêu diệt toàn bộ quân đội của đối phương, mỗi lần hai phe giao tranh, Gia Cát Lượng lại bắt sâu.
audio_03596|Khi nhận ra thời gian dễ dàng trôi đi và không thể vãn hồi.|Khi nhận ra thời gian dễ dàng trôi đi và không thể vãn hồi.
audio_03597|Vì mỗi phương án đều phát sinh chi phí nên nhiệm vụ của bạn là xác định được phương án nào mang lại hiệu quả kinh tế nhất để phân bổ nguồn lực.|Vì mỗi phương án đều phát sinh chi phí nên nhiệm vụ của bạn là xác định được phương án nào mang lại hiệu quả kinh tế nhất để phân bổ nguồn lực.
audio_03598|Tiết kiệm từ những thứ cơ bản.|Tiết kiệm từ những thứ cơ bản.
audio_03599|Bắt đầu xét thứ hai.|Bắt đầu xét thứ hai.
audio_03600|Bởi vì những gì bạn làm sạch không đơn thuần chỉ là không gian nhà cửa, mà còn là tâm trí.|Bởi vì những gì bạn làm sạch không đơn thuần chỉ là không gian nhà cửa, mà còn là tâm trí.
audio_03601|Một điều cần đặc biệt lưu ý đó là đơn xin visa chỉ được điền online thôi.|Một điều cần đặc biệt lưu ý đó là đơn xin visa chỉ được điền online thôi.
audio_03602|Chúng quyết định đổi chỗ cho nhau.|Chúng quyết định đổi chỗ cho nhau.
audio_03603|Vậy, ngoài chuyện doanh số, bộ phim này thể hiện ra sao? Đây có phải là một câu chuyện chất lượng? Phim phù hợp với những đối tượng khán giả nào? Hãy cùng phim phim đi tìm câu trả lời ngay sau đây.|Vậy, ngoài chuyện doanh số, bộ phim này thể hiện ra sao? Đây có phải là một câu chuyện chất lượng? Phim phù hợp với những đối tượng khán giả nào? Hãy cùng phim phim đi tìm câu trả lời ngay sau đây.
audio_03604|Ở đây có một kết luận vô cùng bất ngờ.|Ở đây có một kết luận vô cùng bất ngờ.
audio_03605|Trong khi bé gái leo dận lên đầu cây.|Trong khi bé gái leo dận lên đầu cây.
audio_03606|Tức trạch yên lặng hồi lâu, nói. Lại có thể cử động được rồi.|Tức trạch yên lặng hồi lâu, nói. Lại có thể cử động được rồi.
audio_03607|Bạn may mắn được ngồi ở toa tàu đầu tiên, ngay sau lưng người lái tàu mặc đồng phục màu xanh sọng.|Bạn may mắn được ngồi ở toa tàu đầu tiên, ngay sau lưng người lái tàu mặc đồng phục màu xanh sọng.
audio_03608|Đây là một điều có tầm quan trọng to lớn.|Đây là một điều có tầm quan trọng to lớn.
audio_03609|Thiết kế của lá cờ có hình chữ nhật, chiều rộng bằng 2 phần 3 chiều dài, nền đỏ ở giữa là ngôi sao vàng 5 cánh lớn.|Thiết kế của lá cờ có hình chữ nhật, chiều rộng bằng 2 phần 3 chiều dài, nền đỏ ở giữa là ngôi sao vàng 5 cánh lớn.
audio_03610|Thầy, chúng con không phải những bông hoa đó, mà cũng không khác những bông hoa đó.|Thầy, chúng con không phải những bông hoa đó, mà cũng không khác những bông hoa đó.
audio_03611|Ông nói bằng tiếng Anh.|Ông nói bằng tiếng Anh.
audio_03612|Shiro đã biết được sự thức tỉnh của Rin và cảnh báo rằng thân phận của cậu đã bị lộ.|Shiro đã biết được sự thức tỉnh của Rin và cảnh báo rằng thân phận của cậu đã bị lộ.
audio_03613|Su Su vội chạy đến gần Bonnie.|Su Su vội chạy đến gần Bonnie.
audio_03614|Khỏi cuộc sống lứa đôi của họ.|Khỏi cuộc sống lứa đôi của họ.
audio_03615|Các tỉnh từ Đa Nẵng trở vào cho tới Bình Thuận thì nhiều mây và có mưa vài nơi, chưa chiều giảm mây trời nắng.|Các tỉnh từ Đa Nẵng trở vào cho tới Bình Thuận thì nhiều mây và có mưa vài nơi, chưa chiều giảm mây trời nắng.
audio_03616|Bạn sẽ sớm thấy tôi, hoặc là vẫy tay trên đỉnh núi, hoặc là chết trên đường sau khi nỗ lực hết mình.|Bạn sẽ sớm thấy tôi, hoặc là vẫy tay trên đỉnh núi, hoặc là chết trên đường sau khi nỗ lực hết mình.
audio_03617|Thành lập công ty truyền thông à?|Thành lập công ty truyền thông à?
audio_03618|Thế là hết cấp.|Thế là hết cấp.
audio_03619|Cho đến tận những giây phút cuối cùng.|Cho đến tận những giây phút cuối cùng.
audio_03620|Có bao điều nữa.|Có bao điều nữa.
audio_03621|Bà Cynthia cố gắng giải thích thêm.|Bà Cynthia cố gắng giải thích thêm.
audio_03622|Và nhìn xoáy vào đôi mắt màu xám kim loại của đứa con độc nhất.|Và nhìn xoáy vào đôi mắt màu xám kim loại của đứa con độc nhất.
audio_03623|Đây chính là khái niệm cốt lõi trong học thuyết phân tích tương giao.|Đây chính là khái niệm cốt lõi trong học thuyết phân tích tương giao.
audio_03624|Chiều tối đến đêm 16 tháng 12, ảnh hưởng đến các nơi khác ở Bắc Bộ, sau đó ảnh hưởng đến Bắc Trung Bộ, Trung Trung Bộ và một số nơi thuộc Nam Trung Bộ.|Chiều tối đến đêm 16 tháng 12, ảnh hưởng đến các nơi khác ở Bắc Bộ, sau đó ảnh hưởng đến Bắc Trung Bộ, Trung Trung Bộ và một số nơi thuộc Nam Trung Bộ.
audio_03625|Thì cái quan điểm.|Thì cái quan điểm.
audio_03626|Các đường bay khác có mức tăng giá từ 50.000 đồng đến 250.000 đồng trên vé trên chiều, tùy thuộc vào độ dài đường bay.|Các đường bay khác có mức tăng giá từ 50.000 đồng đến 250.000 đồng trên vé trên chiều, tùy thuộc vào độ dài đường bay.
audio_03627|Thỏa thuận đơn giản cho các token trong tương lai.|Thỏa thuận đơn giản cho các token trong tương lai.
audio_03628|Không ngờ là có ngày.|Không ngờ là có ngày.
audio_03629|Bất mãn là một động thái vượt qua những giới hạn của cái đang lạ và nếu bạn tìm phương cách và phương tiện để triệt tiêu hay khắc phục nỗi bất mãn thì bạn sẽ phải chấp nhận mọi giới hạn của hoạt động lấy cái tôi làm trung tâm và của xã hội.|Bất mãn là một động thái vượt qua những giới hạn của cái đang lạ và nếu bạn tìm phương cách và phương tiện để triệt tiêu hay khắc phục nỗi bất mãn thì bạn sẽ phải chấp nhận mọi giới hạn của hoạt động lấy cái tôi làm trung tâm và của xã hội.
audio_03630|Việc nhân rộng, triển khai, xây dựng và đưa vào hoạt động mô hình này đã góp phần giữ gìn an ninh trật tự ở các khu dân cư, tạo điều kiện để bà con nhân dân yên tâm lao động, sản xuất, phát triển kinh tế, xây dựng quê hương, văn minh hiện đại.|Việc nhân rộng, triển khai, xây dựng và đưa vào hoạt động mô hình này đã góp phần giữ gìn an ninh trật tự ở các khu dân cư, tạo điều kiện để bà con nhân dân yên tâm lao động, sản xuất, phát triển kinh tế, xây dựng quê hương, văn minh hiện đại.
audio_03631|Brex đã bị một số nhà sáng tạo nội dung khác trong cùng cộng đồng cách ly và cô lập.|Brex đã bị một số nhà sáng tạo nội dung khác trong cùng cộng đồng cách ly và cô lập.
audio_03632|Cho nó kéo dài ra.|Cho nó kéo dài ra.
audio_03633|Cô bắt anh chị cho bơ cũng được nhưng mà bánh nó nặng hơn.|Cô bắt anh chị cho bơ cũng được nhưng mà bánh nó nặng hơn.
audio_03634|Mahito còn bị ảnh hưởng bởi cách kể chuyện khá rời rà của phim.|Mahito còn bị ảnh hưởng bởi cách kể chuyện khá rời rà của phim.
audio_03635|Khinh bỉ.|Khinh bỉ.
audio_03636|Hẹn gặp lại các bạn trong các video lần sau.|Hẹn gặp lại các bạn trong các video lần sau.
audio_03637|Thì chúc mừng anh em.|Thì chúc mừng anh em.
audio_03638|Bao đau thương mất mát.|Bao đau thương mất mát.
audio_03639|Có ý nghĩa khai sáng.|Có ý nghĩa khai sáng.
audio_03640|Tuy nhiên cơ chế chính sách chưa cụ thể rõ ràng làm cho quá trình xã hội hóa còn chậm so với yêu cầu.|Tuy nhiên cơ chế chính sách chưa cụ thể rõ ràng làm cho quá trình xã hội hóa còn chậm so với yêu cầu.
audio_03641|Dạ, rất cảm ơn câu hỏi của nhà bác sĩ Hải Yến.|Dạ, rất cảm ơn câu hỏi của nhà bác sĩ Hải Yến.
audio_03642|Thưa quý vị, hôm nay Công an phường Trường Thạnh, thành phố Thủ Đức, thành phố Hồ Chí Minh đang phối hợp với các đơn vị liên quan điều tra vụ trộm cắp tài sản xảy ra tại cửa hàng điện thoại trên địa bàn.|Thưa quý vị, hôm nay Công an phường Trường Thạnh, thành phố Thủ Đức, thành phố Hồ Chí Minh đang phối hợp với các đơn vị liên quan điều tra vụ trộm cắp tài sản xảy ra tại cửa hàng điện thoại trên địa bàn.
audio_03643|Bình minh của nền Cộng Hòa.|Bình minh của nền Cộng Hòa.
audio_03644|Thôi chú.|Thôi chú.
audio_03645|Nói chung là đủ sống.|Nói chung là đủ sống.
audio_03646|Cuối cùng, bộ phim mới tìm được một người đặt niềm tin vào nó.|Cuối cùng, bộ phim mới tìm được một người đặt niềm tin vào nó.
audio_03647|Đây mới là lý do khiến thời gian của bạn bị bốc hơi.|Đây mới là lý do khiến thời gian của bạn bị bốc hơi.
audio_03648|Làm sao để được tận sâu bên trong trái tim của mình?|Làm sao để được tận sâu bên trong trái tim của mình?
audio_03649|Đi nhặt ve chai cũng phải giành giật.|Đi nhặt ve chai cũng phải giành giật.
audio_03650|Nay là Giám đốc Sở Tài nguyên và Môi trường tỉnh Khánh Hòa.|Nay là Giám đốc Sở Tài nguyên và Môi trường tỉnh Khánh Hòa.
audio_03651|Tuy nhiên, chưa có những dấu hiệu tích cực trong việc giảm căng thẳng xung đột giữa hai bên.|Tuy nhiên, chưa có những dấu hiệu tích cực trong việc giảm căng thẳng xung đột giữa hai bên.
audio_03652|Một tài xế đi ngược chiều trên đường một chiều.|Một tài xế đi ngược chiều trên đường một chiều.
audio_03653|Lũ mèo này khá đặc biệt khi có thể biến hình từ người thành mèo và ngược lại. Nó khác với miêu nữ ở phía trên nhà.|Lũ mèo này khá đặc biệt khi có thể biến hình từ người thành mèo và ngược lại. Nó khác với miêu nữ ở phía trên nhà.
audio_03654|Nhưng mà dẫu sao thì.|Nhưng mà dẫu sao thì.
audio_03655|Những nét sinh hoạt màng sắc màu riêng của cộng đồng 49 dân tộc anh em.|Những nét sinh hoạt màng sắc màu riêng của cộng đồng 49 dân tộc anh em.
audio_03656|Đó có thể là sự xuất hiện của một Animatronics siêu nguy hiểm, một lời xác nhận cho giả thuyết đã được đồn thổi từ lâu và cả những YouTubers chơi game gạo cội nữa.|Đó có thể là sự xuất hiện của một Animatronics siêu nguy hiểm, một lời xác nhận cho giả thuyết đã được đồn thổi từ lâu và cả những YouTubers chơi game gạo cội nữa.
audio_03657|Và bạn đã làm cô ấy hết sức giận dữ.|Và bạn đã làm cô ấy hết sức giận dữ.
audio_03658|Bỏ qua những chi tiết ấy, tôi tiếp tục trời bốc lửa hơn và ghi thêm nhiều bàn.|Bỏ qua những chi tiết ấy, tôi tiếp tục trời bốc lửa hơn và ghi thêm nhiều bàn.
audio_03659|Mặc kệ người dân, Tổng thống Mỹ Elisabeth Graham nói không.|Mặc kệ người dân, Tổng thống Mỹ Elisabeth Graham nói không.
audio_03660|Trong đó, có 3.700 hectare điều đã bị bọ xích mũi gây hại và 3.100 hectare bị bệnh thán thư.|Trong đó, có 3.700 hectare điều đã bị bọ xích mũi gây hại và 3.100 hectare bị bệnh thán thư.
audio_03661|Lái xe mất ý thức trong việc chấp hành luật giao thông.|Lái xe mất ý thức trong việc chấp hành luật giao thông.
audio_03662|Vì khe giữa ngôi nhà rộng khoảng 25cm không có lối thoát hiểm nên cháu bé không thể thoát ra.|Vì khe giữa ngôi nhà rộng khoảng 25cm không có lối thoát hiểm nên cháu bé không thể thoát ra.
audio_03663|Cũng như Tin Tin, Lucky Luke lần đầu tiên được in trên tuần báo Spiro và tiếp đó là trên Pilot, trước khi được phát hành dưới dạng truyện tranh vì nhận được quá nhiều sự yêu thích.|Cũng như Tin Tin, Lucky Luke lần đầu tiên được in trên tuần báo Spiro và tiếp đó là trên Pilot, trước khi được phát hành dưới dạng truyện tranh vì nhận được quá nhiều sự yêu thích.
audio_03664|Hoàng Thượng thời gian này cơ thể suy nhược do bận ruộng chiều chính vì bị ám ảnh tiên đến năm xưa ở đội tuổi tráng niên cũng đột ngột qua đời. Hoàng Thượng lo lắng tìm cách khôi phục sức khỏe.|Hoàng Thượng thời gian này cơ thể suy nhược do bận ruộng chiều chính vì bị ám ảnh tiên đến năm xưa ở đội tuổi tráng niên cũng đột ngột qua đời. Hoàng Thượng lo lắng tìm cách khôi phục sức khỏe.
audio_03665|Trong quá trình săn bắt, con người đã trở nên thông minh, nhanh nhạy hơn, đầu óc tập trung và có sự kiên nhẫn hơn.|Trong quá trình săn bắt, con người đã trở nên thông minh, nhanh nhạy hơn, đầu óc tập trung và có sự kiên nhẫn hơn.
audio_03666|Giữa nơi sơn cùng thủy tận, thế đất trũng sâu, xương phủ trắng rừng, tồn tại một ngôi làng địa ngục bao quanh với những hàng cây sa mộc, mang vẻ đẹp hoang sơ hùng vĩ, ngỡ như đón cái Tết rộn ràng và bình yên như hàng năm.|Giữa nơi sơn cùng thủy tận, thế đất trũng sâu, xương phủ trắng rừng, tồn tại một ngôi làng địa ngục bao quanh với những hàng cây sa mộc, mang vẻ đẹp hoang sơ hùng vĩ, ngỡ như đón cái Tết rộn ràng và bình yên như hàng năm.
audio_03667|Khi mở cửa phòng ăn, chúng tôi thấy một cậu bạn đã bị bao vây bởi hàng trăm ngàn con quái thú nhỏ, khiến xương thịt của cậu ta dần dần rã ra.|Khi mở cửa phòng ăn, chúng tôi thấy một cậu bạn đã bị bao vây bởi hàng trăm ngàn con quái thú nhỏ, khiến xương thịt của cậu ta dần dần rã ra.
audio_03668|Chính trái đất cũng có một cực bắc, gần bắc cực, và một cực nam, gần nam cực.|Chính trái đất cũng có một cực bắc, gần bắc cực, và một cực nam, gần nam cực.
audio_03669|Tham gia đi, tội gì.|Tham gia đi, tội gì.
audio_03670|Và nửa muỗng canh đường cá.|Và nửa muỗng canh đường cá.
audio_03671|Ấy vậy mà để cha mình đói khổ đến nỗi, đêm hôm sang nhà con ăn trộm đồ ăn.|Ấy vậy mà để cha mình đói khổ đến nỗi, đêm hôm sang nhà con ăn trộm đồ ăn.
audio_03672|Khoảnh khắc hai bản thể chạm mặt, ta biết rằng cái danh tính nổi tiếng, anh hùng hoặc thậm chí là cả sát nhân kia thực chất chẳng hề tồn tại.|Khoảnh khắc hai bản thể chạm mặt, ta biết rằng cái danh tính nổi tiếng, anh hùng hoặc thậm chí là cả sát nhân kia thực chất chẳng hề tồn tại.
audio_03673|Tương tự như vậy.|Tương tự như vậy.
audio_03674|Do mu và sigma đó là những đại lượng của tổng thể.|Do mu và sigma đó là những đại lượng của tổng thể.
audio_03675|Nhưng mà tại sao lại sợ tỏ tình?|Nhưng mà tại sao lại sợ tỏ tình?
audio_03676|Trước hết thì mình muốn nói qua một chút về series Monthly Favorites, là series các video trong đó mình chia sẻ về những điều hay ho mình đã học được trong mỗi tháng.|Trước hết thì mình muốn nói qua một chút về series Monthly Favorites, là series các video trong đó mình chia sẻ về những điều hay ho mình đã học được trong mỗi tháng.
audio_03677|Sự xuất hiện này hoàn toàn trái ngược với xu hướng trước đó của dòng vốn vào liên tục được trình kiến trong 3 tuần qua.|Sự xuất hiện này hoàn toàn trái ngược với xu hướng trước đó của dòng vốn vào liên tục được trình kiến trong 3 tuần qua.
audio_03678|Thì trong thế giới ngầm thì đó là tín dụng đen là cho vay nặng lại họ tương tự như là ngân hàng họ cung cấp cái tín dụng với lãi suất rất là cao cho những người mà không thể vay ngân hàng được đúng không?|Thì trong thế giới ngầm thì đó là tín dụng đen là cho vay nặng lại họ tương tự như là ngân hàng họ cung cấp cái tín dụng với lãi suất rất là cao cho những người mà không thể vay ngân hàng được đúng không?
audio_03679|Đến khi nào mà các bạn thấy cái phần tỏi nè, gia vị nó bám đều ở bên ngoài hết.|Đến khi nào mà các bạn thấy cái phần tỏi nè, gia vị nó bám đều ở bên ngoài hết.
audio_03680|Tiếng dế tiếng chim tiếng đập cánh của bọ rầy là những âm thanh vọng về từ tuổi thơ.|Tiếng dế tiếng chim tiếng đập cánh của bọ rầy là những âm thanh vọng về từ tuổi thơ.
audio_03681|Nomna có thể hiểu chúng là dòng nổi loạn và giống rắn nổi dậy.|Nomna có thể hiểu chúng là dòng nổi loạn và giống rắn nổi dậy.
audio_03682|Chị của mình.|Chị của mình.
audio_03683|Còn nếu như một cái khoản nợ mà nó có giá trị là 2 tỷ thì nó dưới cái mức 3 tỷ chúng ta cam kết góp.|Còn nếu như một cái khoản nợ mà nó có giá trị là 2 tỷ thì nó dưới cái mức 3 tỷ chúng ta cam kết góp.
audio_03684|Nhà mới quét vôi.|Nhà mới quét vôi.
audio_03685|Lấy được tiền công tôi sẽ gửi thầy ngay mà.|Lấy được tiền công tôi sẽ gửi thầy ngay mà.
audio_03686|Tôi làm một cái cổng địa ngục.|Tôi làm một cái cổng địa ngục.
audio_03687|Ở đó có cộng đồng người Hoa, người Khơ Me và người Việt.|Ở đó có cộng đồng người Hoa, người Khơ Me và người Việt.
audio_03688|Để làm cần câu.|Để làm cần câu.
audio_03689|Nhiều người sau khi xem qua đoạn clip cho rằng đây chỉ là một con rươi non còn sống, có thể ăn được bình thường.|Nhiều người sau khi xem qua đoạn clip cho rằng đây chỉ là một con rươi non còn sống, có thể ăn được bình thường.
audio_03690|Đã khiến cho ít nhất 112 người thiệt mạng.|Đã khiến cho ít nhất 112 người thiệt mạng.
audio_03691|Cách tiếp cận.|Cách tiếp cận.
audio_03692|Nhìn ra phía ngoài.|Nhìn ra phía ngoài.
audio_03693|Anh nói đúng.|Anh nói đúng.
audio_03694|Quên thế nào được.|Quên thế nào được.
audio_03695|Vì thế, ta không thể xác định rõ xem bên nào mới là bên chiến mưu thế ở đây.|Vì thế, ta không thể xác định rõ xem bên nào mới là bên chiến mưu thế ở đây.
audio_03696|Dần dần các con vật đó trở nên ngoan ngoãn, con người không cần phải đi săn nữa.|Dần dần các con vật đó trở nên ngoan ngoãn, con người không cần phải đi săn nữa.
audio_03697|Có da mặt vui nhộn.|Có da mặt vui nhộn.
audio_03698|Phiên bản sách nói được chuyển thể từ sách in, theo hợp tác bản quyền giữa Phonos với công ty trách nhiệm hữu hàng doanh nghiệp xã hội hướng nghiệp sông A.|Phiên bản sách nói được chuyển thể từ sách in, theo hợp tác bản quyền giữa Phonos với công ty trách nhiệm hữu hàng doanh nghiệp xã hội hướng nghiệp sông A.
audio_03699|Ví dụ như tăng doanh thu lên.|Ví dụ như tăng doanh thu lên.
audio_03700|Trong khi mình giải thích rõ hơn ấy thì bạn hãy thử nghe xem bạn đang yêu theo cái kiểu thế nào.|Trong khi mình giải thích rõ hơn ấy thì bạn hãy thử nghe xem bạn đang yêu theo cái kiểu thế nào.
audio_03701|Và sau bao nhiêu thời gian mong mỏi, cuộc hành trình này chính thức quay trở lại bằng một series mới.|Và sau bao nhiêu thời gian mong mỏi, cuộc hành trình này chính thức quay trở lại bằng một series mới.
audio_03702|Cho quá trình phát triển của anh ta.|Cho quá trình phát triển của anh ta.
audio_03703|Thế nhưng sau khi trở thành bạn gái anh rồi, mình lại cảm thấy anh không còn nhiệt tình như trước nữa.|Thế nhưng sau khi trở thành bạn gái anh rồi, mình lại cảm thấy anh không còn nhiệt tình như trước nữa.
audio_03704|Câu hỏi số 3, theo các bạn, sát xuất vô địch World Cup năm nay của đội tuyển Ý là bao nhiêu phần trăm?|Câu hỏi số 3, theo các bạn, sát xuất vô địch World Cup năm nay của đội tuyển Ý là bao nhiêu phần trăm?
audio_03705|Người Pháp thua cuộc và phải ngồi vào bàn đàm phán ở Geneva.|Người Pháp thua cuộc và phải ngồi vào bàn đàm phán ở Geneva.
audio_03706|Thông tin chính thức sẽ được đăng tải trên fanpage của VTV3, mong các phụ huynh có sự kiểm chứng.|Thông tin chính thức sẽ được đăng tải trên fanpage của VTV3, mong các phụ huynh có sự kiểm chứng.
audio_03707|Đối với những đồ việc thường xuyên như bài tập về nhà, sách báo, nghiên cứu cần đọc trước giờ học, thì mình còn tự tạo ra thời hạn riêng cho mình ở trong Google Calendar để nhắc việc thường xuyên.|Đối với những đồ việc thường xuyên như bài tập về nhà, sách báo, nghiên cứu cần đọc trước giờ học, thì mình còn tự tạo ra thời hạn riêng cho mình ở trong Google Calendar để nhắc việc thường xuyên.
audio_03708|Để giải quyết, Nestlé mở rộng quy mô hoạt động tại các quốc gia ít bị ảnh hưởng bởi chiến tranh.|Để giải quyết, Nestlé mở rộng quy mô hoạt động tại các quốc gia ít bị ảnh hưởng bởi chiến tranh.
audio_03709|Người Rosio đã biết sử dụng kiệp loại và xây dựng các thị trấn cùng với đền thờ tế thần.|Người Rosio đã biết sử dụng kiệp loại và xây dựng các thị trấn cùng với đền thờ tế thần.
audio_03710|Hãy cùng tôi đi tìm kết quả rằng cái mật khẩu này là cái gì nha.|Hãy cùng tôi đi tìm kết quả rằng cái mật khẩu này là cái gì nha.
audio_03711|Vạn vật đều được tạo ra từ tứ đại giai không do duyên mà hợp thành.|Vạn vật đều được tạo ra từ tứ đại giai không do duyên mà hợp thành.
audio_03712|Nếu một bác sĩ thực tập bị đình chỉ giấy phép 3 tháng, điều đó sẽ khiến họ không thể hoàn thành thời gian đào tạo cần thiết về chuyên môn, làm trì hoãn việc đạt được trình độ chuyên môn hơn một năm.|Nếu một bác sĩ thực tập bị đình chỉ giấy phép 3 tháng, điều đó sẽ khiến họ không thể hoàn thành thời gian đào tạo cần thiết về chuyên môn, làm trì hoãn việc đạt được trình độ chuyên môn hơn một năm.
audio_03713|Trên toàn tuyến biên giới Tây Nam.|Trên toàn tuyến biên giới Tây Nam.
audio_03714|Điều đó chứng minh tập 68 phần 2 anh đã xuất hiện ở đầu đó rất gần Blancher Cameraman và khiến Blancher bị lỗi ghi hình ở đoạn này.|Điều đó chứng minh tập 68 phần 2 anh đã xuất hiện ở đầu đó rất gần Blancher Cameraman và khiến Blancher bị lỗi ghi hình ở đoạn này.
audio_03715|Ngay cả khi bạn chỉ đọc hoặc nghe lướt một số mục của cuốn sách, nhờ phần tấm tắt này, bạn vẫn sẽ nắm được những thông tin quan trọng được trình bày dưới dạng một danh sách đơn giản.|Ngay cả khi bạn chỉ đọc hoặc nghe lướt một số mục của cuốn sách, nhờ phần tấm tắt này, bạn vẫn sẽ nắm được những thông tin quan trọng được trình bày dưới dạng một danh sách đơn giản.
audio_03716|Sau đây là câu chuyện của mình.|Sau đây là câu chuyện của mình.
audio_03717|Cảm ơn bạn Chăm Sóc Sức Khỏe Chủ Động.|Cảm ơn bạn Chăm Sóc Sức Khỏe Chủ Động.
audio_03718|Tôi tin rằng lòng tự trọng bị suy giảm do thiếu những kỷ luật đơn giản.|Tôi tin rằng lòng tự trọng bị suy giảm do thiếu những kỷ luật đơn giản.
audio_03719|Nhưng mà chưa để mình chạnh lòng lâu thì chủ nợ đã ập vào nhà.|Nhưng mà chưa để mình chạnh lòng lâu thì chủ nợ đã ập vào nhà.
audio_03720|Nhân viên y tế đến văn phòng để cài đặt thiết bị cho 4 tình nguyện viên, trong đó có tôi.|Nhân viên y tế đến văn phòng để cài đặt thiết bị cho 4 tình nguyện viên, trong đó có tôi.
audio_03721|Đường chấm như thế này.|Đường chấm như thế này.
audio_03722|Tiếp tục là các đoạn trích khác từ chương trình của William Whitman.|Tiếp tục là các đoạn trích khác từ chương trình của William Whitman.
audio_03723|Thứ hai, dân số ngày càng tăng, chỉ số hạnh phúc giảm đi rất nhiều.|Thứ hai, dân số ngày càng tăng, chỉ số hạnh phúc giảm đi rất nhiều.
audio_03724|Casey có tên là Frank và đây là cuộc đời mà Frank đã sống bấy lâu nay.|Casey có tên là Frank và đây là cuộc đời mà Frank đã sống bấy lâu nay.
audio_03725|Thì ngoài cái chuyện mà nó lớn hơn thì nó sẽ có được là thứ nhất là nó nhạy hơn, thứ hai là độ chính xác nó cũng sẽ cao hơn, tránh được những cái trường hợp mà người ta vô tình login vào.|Thì ngoài cái chuyện mà nó lớn hơn thì nó sẽ có được là thứ nhất là nó nhạy hơn, thứ hai là độ chính xác nó cũng sẽ cao hơn, tránh được những cái trường hợp mà người ta vô tình login vào.
audio_03726|Thư pháp.|Thư pháp.
audio_03727|Thì sau khi mình vắt xong thì mình sẽ giữ lại khoảng 5 cái vỏ tắc này nè.|Thì sau khi mình vắt xong thì mình sẽ giữ lại khoảng 5 cái vỏ tắc này nè.
audio_03728|Nguyên nhân khi mất tập trung thường rơi vào 5 yếu tố sau đây.|Nguyên nhân khi mất tập trung thường rơi vào 5 yếu tố sau đây.
audio_03729|Trầm cảm không chỉ vô hình mà nó còn bí ẩn.|Trầm cảm không chỉ vô hình mà nó còn bí ẩn.
audio_03730|Mình cũng cần phải đi theo vĩ mô.|Mình cũng cần phải đi theo vĩ mô.
audio_03731|Cơ mà đừng vội tiến vào bên trong.|Cơ mà đừng vội tiến vào bên trong.
audio_03732|Có mỗi cao kiến như thế này, tui sẽ quay với ông lại.|Có mỗi cao kiến như thế này, tui sẽ quay với ông lại.
audio_03733|Cho ổng đăng ký đặt trước một cái hồn.|Cho ổng đăng ký đặt trước một cái hồn.
audio_03734|Và cung cấp các sản phẩm của công ty.|Và cung cấp các sản phẩm của công ty.
audio_03735|Nếu như thận kém thì chắc chắn là mắt chúng ta sẽ không có hồn.|Nếu như thận kém thì chắc chắn là mắt chúng ta sẽ không có hồn.
audio_03736|Các nguyên lý này của tâm lý học hành vi cũng được áp dụng một cách rất là phổ biến trong việc thay đổi thói quen.|Các nguyên lý này của tâm lý học hành vi cũng được áp dụng một cách rất là phổ biến trong việc thay đổi thói quen.
audio_03737|Và mình sẽ gặp lại các bạn trong cái video tuần sau.|Và mình sẽ gặp lại các bạn trong cái video tuần sau.
audio_03738|Các nhà khoa học vẫn đang tranh luận về việc liệu các cơn bão có xảy ra thường xuyên hơn vì lượng nhiệt này hay không.|Các nhà khoa học vẫn đang tranh luận về việc liệu các cơn bão có xảy ra thường xuyên hơn vì lượng nhiệt này hay không.
audio_03739|Vậy là nhà khoa học của chúng ta bị bắt giam.|Vậy là nhà khoa học của chúng ta bị bắt giam.
audio_03740|Cà rốt thì cứng và khó sắt.|Cà rốt thì cứng và khó sắt.
audio_03741|Theo chia sẻ của người dân thì đây không phải là lần đầu tiên tảng đá nở hoa như thế này xuất hiện.|Theo chia sẻ của người dân thì đây không phải là lần đầu tiên tảng đá nở hoa như thế này xuất hiện.
audio_03742|À, cũng không lâu lắm.|À, cũng không lâu lắm.
audio_03743|Mua để làm gỏi rất là tiện nha các bạn.|Mua để làm gỏi rất là tiện nha các bạn.
audio_03744|Thậm chí là trong khoảnh khắc nhận mộng chúng ta còn được nhìn thấy Misha đang gọi cái tên đó nữa.|Thậm chí là trong khoảnh khắc nhận mộng chúng ta còn được nhìn thấy Misha đang gọi cái tên đó nữa.
audio_03745|Lucky cùng người đàn ông tóc nâu vẫn áo vết da hoảng.|Lucky cùng người đàn ông tóc nâu vẫn áo vết da hoảng.
audio_03746|Nhưng thông tin trong tài liệu này.|Nhưng thông tin trong tài liệu này.
audio_03747|Tư tưởng mà cho đến ngày hôm nay.|Tư tưởng mà cho đến ngày hôm nay.
audio_03748|Nó có khả năng đánh cắp thân phận người khác, hệt như cái tên của sinh vật này mô tả vậy.|Nó có khả năng đánh cắp thân phận người khác, hệt như cái tên của sinh vật này mô tả vậy.
audio_03749|Có người tâm tình bất an não nề.|Có người tâm tình bất an não nề.
audio_03750|Cà chua thì mình sẽ cắt nó ra làm 4 nha.|Cà chua thì mình sẽ cắt nó ra làm 4 nha.
audio_03751|Anh em chơi zoom quấn vãi trưởng ra.|Anh em chơi zoom quấn vãi trưởng ra.
audio_03752|Khi các anh dân làng đã trở về yên giấc trên giường.|Khi các anh dân làng đã trở về yên giấc trên giường.
audio_03753|Đem xuống dưới dơ en.|Đem xuống dưới dơ en.
audio_03754|Theo ông Hoàng Đức Hiền, nếu ngày rậu năm đó rơi vào ngày mồng 1 hoặc mồng 2 Tết thì sẽ không tính mà chờ vào ngày rậu tiếp theo.|Theo ông Hoàng Đức Hiền, nếu ngày rậu năm đó rơi vào ngày mồng 1 hoặc mồng 2 Tết thì sẽ không tính mà chờ vào ngày rậu tiếp theo.
audio_03755|Đang hang say thì Richard xuất hiện, thu hút sự chú ý của Montana với hàng tá bao đựng vũ khí quanh người.|Đang hang say thì Richard xuất hiện, thu hút sự chú ý của Montana với hàng tá bao đựng vũ khí quanh người.
audio_03756|Vì thế mà bản đồ của GTA 6 sẽ cực kỳ rộng lớn, xứng đáng với mười mấy năm chờ đợi của anh em game thủ.|Vì thế mà bản đồ của GTA 6 sẽ cực kỳ rộng lớn, xứng đáng với mười mấy năm chờ đợi của anh em game thủ.
audio_03757|Tôi sợ nhất là anh em không xem video của tôi nữa.|Tôi sợ nhất là anh em không xem video của tôi nữa.
audio_03758|Đây chính là ý nghĩa của việc tăng thêm giá trị cho công ty.|Đây chính là ý nghĩa của việc tăng thêm giá trị cho công ty.
audio_03759|Cần chọn đúng cái loại chanh để mình sử dụng, thì hôm nay mình chia sẻ chi tiết đến các bạn cách làm, mình có thể áp dụng để mà kinh doanh bán điều rất là ngon.|Cần chọn đúng cái loại chanh để mình sử dụng, thì hôm nay mình chia sẻ chi tiết đến các bạn cách làm, mình có thể áp dụng để mà kinh doanh bán điều rất là ngon.
audio_03760|Quân đội Israel không có gì đảm bảo sẽ đạt được mục tiêu chính là tiêu diệt Hamas một cách nhanh chóng, đồng thời hạn chế tổn thất về binh sĩ cũng như thương vong cho dân thường.|Quân đội Israel không có gì đảm bảo sẽ đạt được mục tiêu chính là tiêu diệt Hamas một cách nhanh chóng, đồng thời hạn chế tổn thất về binh sĩ cũng như thương vong cho dân thường.
audio_03761|Trong văn hóa phương Tây, cảm xúc hay trải nghiệm là quan trọng.|Trong văn hóa phương Tây, cảm xúc hay trải nghiệm là quan trọng.
audio_03762|Xây dựng một nơi trú ẩn trong trái tim mình.|Xây dựng một nơi trú ẩn trong trái tim mình.
audio_03763|Chỉ cái màu mà đặc biệt cái mùi vị đó các bạn nó thơm lắm.|Chỉ cái màu mà đặc biệt cái mùi vị đó các bạn nó thơm lắm.
audio_03764|Campuchia, El Salvador.|Campuchia, El Salvador.
audio_03765|Với cái món bầu sốt thì các bạn cắt hơi lớn hơn một chút xíu, như vậy thì trái bầu nó sẽ còn giữ được cái độ giòn.|Với cái món bầu sốt thì các bạn cắt hơi lớn hơn một chút xíu, như vậy thì trái bầu nó sẽ còn giữ được cái độ giòn.
audio_03766|Việc ăn cơm trắng bình thường cũng sẽ mang lại hương vị tuyệt vời.|Việc ăn cơm trắng bình thường cũng sẽ mang lại hương vị tuyệt vời.
audio_03767|Đặng Tiểu Bình lo lắng rằng Đặng Lực Quần có thể gây nguy hiểm cho quá trình cải cách kinh tế.|Đặng Tiểu Bình lo lắng rằng Đặng Lực Quần có thể gây nguy hiểm cho quá trình cải cách kinh tế.
audio_03768|Công an thành phố Đồng Xoài phối hợp với Phòng Cảnh sát điều tra tội phạm về ma túy.|Công an thành phố Đồng Xoài phối hợp với Phòng Cảnh sát điều tra tội phạm về ma túy.
audio_03769|Cải chúng ta để cho ráo hết nước.|Cải chúng ta để cho ráo hết nước.
audio_03770|Antia đã trở thành một hồn ma mà cô luôn tìm cách tiêu diệt, nhưng rất may là cô vẫn giữ được lý trí của mình.|Antia đã trở thành một hồn ma mà cô luôn tìm cách tiêu diệt, nhưng rất may là cô vẫn giữ được lý trí của mình.
audio_03771|Và có một cái em mèo màu đen.|Và có một cái em mèo màu đen.
audio_03772|Đừng kì vọng bất cứ điều gì.|Đừng kì vọng bất cứ điều gì.
audio_03773|Họ làm gì mà họ lại không phát ra âm thanh về ta?|Họ làm gì mà họ lại không phát ra âm thanh về ta?
audio_03774|Tôi làm từng bậc kéo dài tới phần trên cùng rồi xây các trụ khác ở các bên.|Tôi làm từng bậc kéo dài tới phần trên cùng rồi xây các trụ khác ở các bên.
audio_03775|Vậy đó là những tựa game nào, và chúng dị tới đâu mà người Nhật lại quyết định giữ lại, chỉ để cho anh em trong nước chơi với nhau như vậy.|Vậy đó là những tựa game nào, và chúng dị tới đâu mà người Nhật lại quyết định giữ lại, chỉ để cho anh em trong nước chơi với nhau như vậy.
audio_03776|Đập vào mắt anh ta khi này là bức nền của một bé gái trong bữa tiệc sinh nhật.|Đập vào mắt anh ta khi này là bức nền của một bé gái trong bữa tiệc sinh nhật.
audio_03777|Lực lượng lao động là yếu tố nằm cốt của nền kinh tế, chính vì vậy Bắc Kinh dường như đang ngồi trên một đống lửa.|Lực lượng lao động là yếu tố nằm cốt của nền kinh tế, chính vì vậy Bắc Kinh dường như đang ngồi trên một đống lửa.
audio_03778|Giống như tâm trạng con gái anh đã thể hiện khi nhận được nó.|Giống như tâm trạng con gái anh đã thể hiện khi nhận được nó.
audio_03779|Trời ơi trên phở bò một anh trên YG một anh. Trong lốc kẹt một anh. Còn anh nào ở đâu nữa thì thôi. Tôi nhức cái đầu quá tôi không tìm nữa. Tôi gọi con bé về liền. Định giáo khuấn cho một trận.|Trời ơi trên phở bò một anh trên YG một anh. Trong lốc kẹt một anh. Còn anh nào ở đâu nữa thì thôi. Tôi nhức cái đầu quá tôi không tìm nữa. Tôi gọi con bé về liền. Định giáo khuấn cho một trận.
audio_03780|Khi hấp lại thì mình hay vẩy 1 xíu nước lên trên mặt xôi thì thấy xôi nó sẽ mềm ngon như ban đầu.|Khi hấp lại thì mình hay vẩy 1 xíu nước lên trên mặt xôi thì thấy xôi nó sẽ mềm ngon như ban đầu.
audio_03781|Giáo dục pháp luật cho người dân ở vùng sâu, vùng xa một cách thiết thật.|Giáo dục pháp luật cho người dân ở vùng sâu, vùng xa một cách thiết thật.
audio_03782|Mình không còn cảm giác thất bại với nó nữa.|Mình không còn cảm giác thất bại với nó nữa.
audio_03783|Muốn sống một cuộc sống vui tươi, hạnh phúc thì cần phải giữ vững tâm trí của mình.|Muốn sống một cuộc sống vui tươi, hạnh phúc thì cần phải giữ vững tâm trí của mình.
audio_03784|Tổ chức Thương mại Thế giới đã đưa ra các quy tắc mới tạo điều kiện thuận lợi cho thương mại dịch vụ giữa hơn 70 quốc gia thành viên.|Tổ chức Thương mại Thế giới đã đưa ra các quy tắc mới tạo điều kiện thuận lợi cho thương mại dịch vụ giữa hơn 70 quốc gia thành viên.
audio_03785|Rồi tiếp theo là bạn Quý.|Rồi tiếp theo là bạn Quý.
audio_03786|Anh ta cần phải xác định xem liệu tôi có phải một khách hàng tiềm năng không.|Anh ta cần phải xác định xem liệu tôi có phải một khách hàng tiềm năng không.
audio_03787|Mà với những gì mà tôi biết, thì cũng chẳng ai ghét tôi đến mức như vậy cả.|Mà với những gì mà tôi biết, thì cũng chẳng ai ghét tôi đến mức như vậy cả.
audio_03788|Bỏ lỡ đợt mua hai tặng một lọ nước rửa tay trong siêu thị.|Bỏ lỡ đợt mua hai tặng một lọ nước rửa tay trong siêu thị.
audio_03789|Yêu họ trước, tự nhiên khán giả sẽ đến.|Yêu họ trước, tự nhiên khán giả sẽ đến.
audio_03790|Ây thế nhưng bản thân nhà phát triển The In Room thì lại thừa nhận là họ lấy ý tưởng từ một tựa game khác có tên là Boyfriend 2 Dead.|Ây thế nhưng bản thân nhà phát triển The In Room thì lại thừa nhận là họ lấy ý tưởng từ một tựa game khác có tên là Boyfriend 2 Dead.
audio_03791|Nó nặng tới mức đó các bạn.|Nó nặng tới mức đó các bạn.
audio_03792|Hãy tò mò như một đứa trẻ trên ứng dụng Phonos.|Hãy tò mò như một đứa trẻ trên ứng dụng Phonos.
audio_03793|Ví dụ như trong tập 2, đồng hồ quả lắc đã dùng kỹ năng tua ngược thời gian này trên một bông hoa hồng.|Ví dụ như trong tập 2, đồng hồ quả lắc đã dùng kỹ năng tua ngược thời gian này trên một bông hoa hồng.
audio_03794|Đối với 2 con lửa vũ trụ thì 1 là bạn có các chủ lực dồn sát thương nhanh 2 là bạn phải nhanh chóng phá với điểm yếu của chúng từ đó giải được buff cộng dồn tấn công trên người chúng.|Đối với 2 con lửa vũ trụ thì 1 là bạn có các chủ lực dồn sát thương nhanh 2 là bạn phải nhanh chóng phá với điểm yếu của chúng từ đó giải được buff cộng dồn tấn công trên người chúng.
audio_03795|Và chúng tôi cũng dự báo gần là khoảng ngày mùng 6, tức là chiều tối và đêm mùng 6, thì có khả năng xuất hiện một cái đợt không khí lạnh yếu, và ít có khả năng gây ra tình trạng diễn động, diễn hại như vừa qua.|Và chúng tôi cũng dự báo gần là khoảng ngày mùng 6, tức là chiều tối và đêm mùng 6, thì có khả năng xuất hiện một cái đợt không khí lạnh yếu, và ít có khả năng gây ra tình trạng diễn động, diễn hại như vừa qua.
audio_03796|Bạn và Hô Hô lại bị lạc vào một ảo cảnh khác của tuế dương.|Bạn và Hô Hô lại bị lạc vào một ảo cảnh khác của tuế dương.
audio_03797|Ngay trong tình thế cận kề thất bại, quân đội Do Thái bất ngờ lật ngược tình thế.|Ngay trong tình thế cận kề thất bại, quân đội Do Thái bất ngờ lật ngược tình thế.
audio_03798|Một số đối tượng thì lôi kéo vận động nhân dân thực hiện các hành vi vi phạm pháp luật, gương tiềm ẩn các nguy cơ mất ổ định chính trị và an ninh biên giới.|Một số đối tượng thì lôi kéo vận động nhân dân thực hiện các hành vi vi phạm pháp luật, gương tiềm ẩn các nguy cơ mất ổ định chính trị và an ninh biên giới.
audio_03799|Miền tinh thần của một cá thể phản ánh kích thước tự do bên trong.|Miền tinh thần của một cá thể phản ánh kích thước tự do bên trong.
audio_03800|Không hiểu nổi.|Không hiểu nổi.
audio_03801|Từ bản tiếng Nhật cho đến bản Global, bạn có thể đoán được tựa game tuyệt vời đó chính là gì phải không?|Từ bản tiếng Nhật cho đến bản Global, bạn có thể đoán được tựa game tuyệt vời đó chính là gì phải không?
audio_03802|Nấm đã xong.|Nấm đã xong.
audio_03803|Bạn thực sự có thể cảm nhận điều đó.|Bạn thực sự có thể cảm nhận điều đó.
audio_03804|Đó là năm mà ngày sinh theo dương lịch của cô sẽ lại trùng với mộng một Tết, như đã xảy ra vào năm 1990, năm cô chào đời.|Đó là năm mà ngày sinh theo dương lịch của cô sẽ lại trùng với mộng một Tết, như đã xảy ra vào năm 1990, năm cô chào đời.
audio_03805|Lấy những tiêu chuẩn ngày nay về phế bình tiểu thuyết để đánh giá.|Lấy những tiêu chuẩn ngày nay về phế bình tiểu thuyết để đánh giá.
audio_03806|Bây giờ mình sẽ nấu cái đậu xanh này lên.|Bây giờ mình sẽ nấu cái đậu xanh này lên.
audio_03807|Tất cả những thông tin trên càng thuyết phục thám tử Phish tin rằng Ford chính là tên rộn.|Tất cả những thông tin trên càng thuyết phục thám tử Phish tin rằng Ford chính là tên rộn.
audio_03808|Có một số các cái kiến trúc mới thôi.|Có một số các cái kiến trúc mới thôi.
audio_03809|Trong đó có Nguyễn Đức Nghĩa, kẻ sát hại bạn gái dã man hơn một năm về trước.|Trong đó có Nguyễn Đức Nghĩa, kẻ sát hại bạn gái dã man hơn một năm về trước.
audio_03810|Gấu mẹ bảo.|Gấu mẹ bảo.
audio_03811|Việc ám chỉ mọi người đều sẽ mua hàng thông qua thương mại điện tử nghe cũng kỳ lạ như lời tiên đoán của các nhà phân tích về mô hình bán lễ.|Việc ám chỉ mọi người đều sẽ mua hàng thông qua thương mại điện tử nghe cũng kỳ lạ như lời tiên đoán của các nhà phân tích về mô hình bán lễ.
audio_03812|Người không để tâm đến mình.|Người không để tâm đến mình.
audio_03813|Mùa này là mùa ra trường tốt nghiệp cho nên các bạn phải nên biết phát âm cái chữ này.|Mùa này là mùa ra trường tốt nghiệp cho nên các bạn phải nên biết phát âm cái chữ này.
audio_03814|Trong khi mà chờ bánh chín độ 1 thì mình sẽ sử dụng một ít lòng đỏ trứng gà.|Trong khi mà chờ bánh chín độ 1 thì mình sẽ sử dụng một ít lòng đỏ trứng gà.
audio_03815|Chưa kể, cặp đôi còn nhân đôi niềm vui này khi quyết định sống ở tầng 35 của khu trung cư The Spire, tòa nhà cao tầng sang trọng ở San Diego, với kỳ vọng trở nên nổi tiếng hơn.|Chưa kể, cặp đôi còn nhân đôi niềm vui này khi quyết định sống ở tầng 35 của khu trung cư The Spire, tòa nhà cao tầng sang trọng ở San Diego, với kỳ vọng trở nên nổi tiếng hơn.
audio_03816|Thu nhập trung bình của những người từ 75 tuổi trở lên là 49.000 đô la Mỹ một năm, bao gồm trợ cấp an sinh xã hội trung bình là 21.162 đô la Mỹ.|Thu nhập trung bình của những người từ 75 tuổi trở lên là 49.000 đô la Mỹ một năm, bao gồm trợ cấp an sinh xã hội trung bình là 21.162 đô la Mỹ.
audio_03817|Lần đầu em gặp thầy, em đã lấy hết dũng cảm mời thầy một ly cà phê, nhưng lại bị từ chối.|Lần đầu em gặp thầy, em đã lấy hết dũng cảm mời thầy một ly cà phê, nhưng lại bị từ chối.
audio_03818|Xong rồi thì Ri sẽ vẽ chữ tháng 6 bằng một dạng chữ rỗng.|Xong rồi thì Ri sẽ vẽ chữ tháng 6 bằng một dạng chữ rỗng.
audio_03819|Trong Excel có sẵn công thức FV để tính giá trị tương lai.|Trong Excel có sẵn công thức FV để tính giá trị tương lai.
audio_03820|Đó là màu lý tưởng của chị ấy.|Đó là màu lý tưởng của chị ấy.
audio_03821|Từ nhạc phim, những câu thoại, thậm chí có trở thành rất nhiều meme viral trên mạng.|Từ nhạc phim, những câu thoại, thậm chí có trở thành rất nhiều meme viral trên mạng.
audio_03822|Thì có tinh thiên thiên và tinh hậu thiên.|Thì có tinh thiên thiên và tinh hậu thiên.
audio_03823|Cùng một con robot mini chập mạch rớt ra con chip để mở rộng ba lô.|Cùng một con robot mini chập mạch rớt ra con chip để mở rộng ba lô.
audio_03824|Rồi từ cái mỏ con gà dẻ một đường thẳng.|Rồi từ cái mỏ con gà dẻ một đường thẳng.
audio_03825|Bởi vì mình muốn trở nên quan trọng trong lòng họ.|Bởi vì mình muốn trở nên quan trọng trong lòng họ.
audio_03826|Mình để hộp kín có thể lên đến cả tháng nhưng mà thường thì mình sẽ không chữ được nó lâu như vậy vì ăn rất là cuốn.|Mình để hộp kín có thể lên đến cả tháng nhưng mà thường thì mình sẽ không chữ được nó lâu như vậy vì ăn rất là cuốn.
audio_03827|Chị cũng đã vừa order được một đĩa dế chiên xả.|Chị cũng đã vừa order được một đĩa dế chiên xả.
audio_03828|Thì mất hết 4 năm.|Thì mất hết 4 năm.
audio_03829|Xin chào anh Tín.|Xin chào anh Tín.
audio_03830|Thì sau này khi mà có bọn lính khác bọn nó sang ý...|Thì sau này khi mà có bọn lính khác bọn nó sang ý...
audio_03831|Chân tay lúc nào cũng ấm.|Chân tay lúc nào cũng ấm.
audio_03832|Thế các cháu có thấy ai kêu mất túi không?|Thế các cháu có thấy ai kêu mất túi không?
audio_03833|Thầy Minh trẻ, mang dáng vẻ thư sinh, lại hiền lành, nhò nhã.|Thầy Minh trẻ, mang dáng vẻ thư sinh, lại hiền lành, nhò nhã.
audio_03834|Nếu thật sự cần, hãy tìm đến nơi.|Nếu thật sự cần, hãy tìm đến nơi.
audio_03835|Tôi luôn băn khoăn khi thấy các tổ chức áp dụng những chính sách phúc lợi phức tạp và thường đắt tiền nhằm tăng cơ hội giữ chân nhân viên và nâng cao năng suất.|Tôi luôn băn khoăn khi thấy các tổ chức áp dụng những chính sách phúc lợi phức tạp và thường đắt tiền nhằm tăng cơ hội giữ chân nhân viên và nâng cao năng suất.
audio_03836|Gọi là ổ chứa.|Gọi là ổ chứa.
audio_03837|Thì mình sẽ kiểm tra khoảng bánh.|Thì mình sẽ kiểm tra khoảng bánh.
audio_03838|Tuy nhiên, xung xung đó thì chúng ta phải dần dần xây dựng được cho riêng mình những cái nguồn thu nhập thủ động khác nhau.|Tuy nhiên, xung xung đó thì chúng ta phải dần dần xây dựng được cho riêng mình những cái nguồn thu nhập thủ động khác nhau.
audio_03839|Và những hình phạt ấy, theo một cách ẩn ý mà nói, chúng chính là động lực mà Gerald đã đề cập.|Và những hình phạt ấy, theo một cách ẩn ý mà nói, chúng chính là động lực mà Gerald đã đề cập.
audio_03840|Niềm mong ước về một cuộc sống khấm khá, tốt đẹp hơn đã nhân lên mọi phần trong thời điểm đón chào xuân mới.|Niềm mong ước về một cuộc sống khấm khá, tốt đẹp hơn đã nhân lên mọi phần trong thời điểm đón chào xuân mới.
audio_03841|Phá ra những chuỗi cười giòn tan.|Phá ra những chuỗi cười giòn tan.
audio_03842|Khởi đầu là các điểm đến của Tây Hồ đậm đà, đậm sắc và hương.|Khởi đầu là các điểm đến của Tây Hồ đậm đà, đậm sắc và hương.
audio_03843|Thứ nhất, người nghèo thì rõ ràng cần nhiều tiền hơn người giàu mà.|Thứ nhất, người nghèo thì rõ ràng cần nhiều tiền hơn người giàu mà.
audio_03844|Nhưng mà ở trường hợp của em thì khác hẳn.|Nhưng mà ở trường hợp của em thì khác hẳn.
audio_03845|Bác Ngô Viết Thụ.|Bác Ngô Viết Thụ.
audio_03846|Ở văn phòng, mặc định mỗi cuộc họp phải kéo dài từ 30 đến 60 phút, kể cả khi vấn đề đó chỉ cần một đoạn chat là xong.|Ở văn phòng, mặc định mỗi cuộc họp phải kéo dài từ 30 đến 60 phút, kể cả khi vấn đề đó chỉ cần một đoạn chat là xong.
audio_03847|Chính những điều này đã làm cho giá trị cổ phiếu gần như không bao giờ được sống trong êm đềm, mà phải liên tục trải qua đắng cay ngọt bùi với vòng đời khúc thiểu.|Chính những điều này đã làm cho giá trị cổ phiếu gần như không bao giờ được sống trong êm đềm, mà phải liên tục trải qua đắng cay ngọt bùi với vòng đời khúc thiểu.
audio_03848|Các cô gái đáp lại với những câu khắp, từ chối, chưa dám hẹn hò.|Các cô gái đáp lại với những câu khắp, từ chối, chưa dám hẹn hò.
audio_03849|Vừa duy trì sự hứng khởi, vừa giúp học sinh thích ứng lại với trường lớp sau một kỳ nghỉ dài.|Vừa duy trì sự hứng khởi, vừa giúp học sinh thích ứng lại với trường lớp sau một kỳ nghỉ dài.
audio_03850|Cuối tiệc Hải lôi em vào một gốc.|Cuối tiệc Hải lôi em vào một gốc.
audio_03851|Chúng ta sẽ sớm xuống trần gian thôi.|Chúng ta sẽ sớm xuống trần gian thôi.
audio_03852|Họ biết những quán cà phê là mối đe dọa cho ngài vàng của mình và tìm cách cầm đoán.|Họ biết những quán cà phê là mối đe dọa cho ngài vàng của mình và tìm cách cầm đoán.
audio_03853|Đơn giản, bất ngờ nhưng hiệu quả vô cùng luôn.|Đơn giản, bất ngờ nhưng hiệu quả vô cùng luôn.
audio_03854|Lực lượng không quân Ukraine ngày 28 tháng 2 tuyên bố, trong 10 ngày, họ đã bắn hạ 10 máy bay quân sự của Nga, tiến gồm Su-34 và Su-35, cũng như một chiếc máy bay trinh sát và cảnh báo sớm A-50.|Lực lượng không quân Ukraine ngày 28 tháng 2 tuyên bố, trong 10 ngày, họ đã bắn hạ 10 máy bay quân sự của Nga, tiến gồm Su-34 và Su-35, cũng như một chiếc máy bay trinh sát và cảnh báo sớm A-50.
audio_03855|Nhưng mà thật ra cái bản chất câu hỏi nó cũng na ná như vậy thôi.|Nhưng mà thật ra cái bản chất câu hỏi nó cũng na ná như vậy thôi.
audio_03856|Cái thằng cu ương nó cứ ngậm miệng.|Cái thằng cu ương nó cứ ngậm miệng.
audio_03857|Tin thúc khỉu tay vào hông bạn.|Tin thúc khỉu tay vào hông bạn.
audio_03858|Chính vì vậy mà tôi đã cho bác ấy một đấm rời rời đi.|Chính vì vậy mà tôi đã cho bác ấy một đấm rời rời đi.
audio_03859|Một số người mẹ cho rằng sự khác nhau ở con của mình là bẩm sinh.|Một số người mẹ cho rằng sự khác nhau ở con của mình là bẩm sinh.
audio_03860|Sau đó thì vào ban ngày, nhiệt độ sẽ tăng lên ngưỡng từ 15 cho đến 18 độ, có nơi thì trên 18 độ.|Sau đó thì vào ban ngày, nhiệt độ sẽ tăng lên ngưỡng từ 15 cho đến 18 độ, có nơi thì trên 18 độ.
audio_03861|Tuy nhiên, có những cây cầu được thiết kế với những thanh sắc nhỏ, nhìn khá mỏng manh, nhưng tổng thể chiếc cầu lại rất chắc chắn và an toàn.|Tuy nhiên, có những cây cầu được thiết kế với những thanh sắc nhỏ, nhìn khá mỏng manh, nhưng tổng thể chiếc cầu lại rất chắc chắn và an toàn.
audio_03862|Sau đó mình xếp 2 ly cho gọn.|Sau đó mình xếp 2 ly cho gọn.
audio_03863|Đặc điểm chung của những câu chuyện này đó là chúng ta chỉ chọn ăn thịt người khi đó là lựa chọn cuối cùng để sinh tồn, khi không còn bất cứ thứ gì khác để ăn mà thôi.|Đặc điểm chung của những câu chuyện này đó là chúng ta chỉ chọn ăn thịt người khi đó là lựa chọn cuối cùng để sinh tồn, khi không còn bất cứ thứ gì khác để ăn mà thôi.
audio_03864|Có vẻ thằng Phạng sắp vào thật, thậm chí trông như nó chuẩn bị nhảy qua hàng rào chứ không thèm đi theo lối cổng.|Có vẻ thằng Phạng sắp vào thật, thậm chí trông như nó chuẩn bị nhảy qua hàng rào chứ không thèm đi theo lối cổng.
audio_03865|Chỉ cần bạn cố gắng tốt hơn 1% mỗi ngày, thì sau một năm, bạn đã tốt lên 37% rồi. Còn nếu bạn kém đi 1% mỗi ngày, thì sau mỗi năm, bạn sẽ kém hơn hiện tại 37%.|Chỉ cần bạn cố gắng tốt hơn 1% mỗi ngày, thì sau một năm, bạn đã tốt lên 37% rồi. Còn nếu bạn kém đi 1% mỗi ngày, thì sau mỗi năm, bạn sẽ kém hơn hiện tại 37%.
audio_03866|Tuy nhiên, phẳng trên đời này làm gì có ai sẵn lòng giúp đỡ họ mãi.|Tuy nhiên, phẳng trên đời này làm gì có ai sẵn lòng giúp đỡ họ mãi.
audio_03867|Hiếm khi có nhiều căn nguyên phối hợp gây bệnh cùng lúc.|Hiếm khi có nhiều căn nguyên phối hợp gây bệnh cùng lúc.
audio_03868|Và tiếp tục ninh thịt hết.|Và tiếp tục ninh thịt hết.
audio_03869|Nhưng làm gì có chuyện dễ như thế?|Nhưng làm gì có chuyện dễ như thế?
audio_03870|Hai người là cộng sự của nhau từ lâu lắm rồi.|Hai người là cộng sự của nhau từ lâu lắm rồi.
audio_03871|Đồng thời điểm với kế hoạch triển khai chiến dịch tấn công của Ukraine tại Zaporizhia, nếu Ukraine chẳng may sơ sẩy, lực lượng này sẽ chính thức tham chiến.|Đồng thời điểm với kế hoạch triển khai chiến dịch tấn công của Ukraine tại Zaporizhia, nếu Ukraine chẳng may sơ sẩy, lực lượng này sẽ chính thức tham chiến.
audio_03872|Phần tiếp theo thì mình sẽ đi trụng thịt để khử đi mùi hôi.|Phần tiếp theo thì mình sẽ đi trụng thịt để khử đi mùi hôi.
audio_03873|Thơ còn thích ăn...|Thơ còn thích ăn...
audio_03874|Thì chị Mai tiếp tục, chị nói thật, thằng Phúc này đang ở cùng con em chị mà.|Thì chị Mai tiếp tục, chị nói thật, thằng Phúc này đang ở cùng con em chị mà.
audio_03875|Lại còn nợ nần nữa chả biết sao.|Lại còn nợ nần nữa chả biết sao.
audio_03876|Trò chuyện với Khư Mi, vân vân và mây mây, mọi thứ đều được báo cáo về cho các bạn học khác, trong sự ghen tị và tức giận của họ.|Trò chuyện với Khư Mi, vân vân và mây mây, mọi thứ đều được báo cáo về cho các bạn học khác, trong sự ghen tị và tức giận của họ.
audio_03877|Mùi rất thơm luôn nè.|Mùi rất thơm luôn nè.
audio_03878|Ngày mai của ngày mai là bao giờ?|Ngày mai của ngày mai là bao giờ?
audio_03879|Chúng tôi đã chưa hết buồn trồn lo sợ phải nghe tin xấu trong trường hợp nhưng vì của mình có mặt ở hộp đêm đó.|Chúng tôi đã chưa hết buồn trồn lo sợ phải nghe tin xấu trong trường hợp nhưng vì của mình có mặt ở hộp đêm đó.
audio_03880|Cứ yên tâm mà Roll không phải suy nghĩ quá nhiều.|Cứ yên tâm mà Roll không phải suy nghĩ quá nhiều.
audio_03881|Nó có thể xây ra khi sử dụng cân cầu để nâng trước tàu công lô trong thời tiết nhố gió.|Nó có thể xây ra khi sử dụng cân cầu để nâng trước tàu công lô trong thời tiết nhố gió.
audio_03882|Tại đây chúng ta được nghe một mầu tin liên quan đến việc người ta tìm thấy cơ thể của một cậu bé tại căn nhà Elliot Ludwig quá cố.|Tại đây chúng ta được nghe một mầu tin liên quan đến việc người ta tìm thấy cơ thể của một cậu bé tại căn nhà Elliot Ludwig quá cố.
audio_03883|Nhân duyên của lão và ông Thập bất ngờ lại bắt đầu từ khá lâu trước đây.|Nhân duyên của lão và ông Thập bất ngờ lại bắt đầu từ khá lâu trước đây.
audio_03884|Vậy tôi còn một chứng cứ nữa.|Vậy tôi còn một chứng cứ nữa.
audio_03885|Từ điển giải thích nghĩa của nó là người hay bắt lỗi, người làm mất vui.|Từ điển giải thích nghĩa của nó là người hay bắt lỗi, người làm mất vui.
audio_03886|Họ luyện tập bộ muôn võ Brazil gọi là Jiu-Jitsu và thích thi đấu với nhau trong lòng vật.|Họ luyện tập bộ muôn võ Brazil gọi là Jiu-Jitsu và thích thi đấu với nhau trong lòng vật.
audio_03887|Ký ức của mẹ về những ngày đầu hai người bên nhau chỉ là những thước phim nhòe nhòe về các nhà hàng và câu lạc bộ được nối lại với nhau bằng những câu đùa cợt và tràn cười dài.|Ký ức của mẹ về những ngày đầu hai người bên nhau chỉ là những thước phim nhòe nhòe về các nhà hàng và câu lạc bộ được nối lại với nhau bằng những câu đùa cợt và tràn cười dài.
audio_03888|Khi người vợ kể chuyện về con cái hãy kể thêm những khoảnh khắc vui vẻ khi chơi đùa cùng với con cho chồng nghe.|Khi người vợ kể chuyện về con cái hãy kể thêm những khoảnh khắc vui vẻ khi chơi đùa cùng với con cho chồng nghe.
audio_03889|Nước mắt nó chảy ra giàn ruộng.|Nước mắt nó chảy ra giàn ruộng.
audio_03890|Bọc quanh những ngôi nhà gỗ.|Bọc quanh những ngôi nhà gỗ.
audio_03891|Hãy chia sẻ với tôi ở bên dưới nha.|Hãy chia sẻ với tôi ở bên dưới nha.
audio_03892|Mặt khác, Iran là kẻ tù số một của Israel, mới đây cũng tuyên bố là sẽ bảo vệ lực lượng của Hamas.|Mặt khác, Iran là kẻ tù số một của Israel, mới đây cũng tuyên bố là sẽ bảo vệ lực lượng của Hamas.
audio_03893|Văn hóa Trung Quốc nhấn mạnh vào sự chính danh.|Văn hóa Trung Quốc nhấn mạnh vào sự chính danh.
audio_03894|Ở các loài khác con cái chỉ giao phối vào thời kỳ nó rụng trứng và mục đích giao phối ấy chỉ có thể là sinh con.|Ở các loài khác con cái chỉ giao phối vào thời kỳ nó rụng trứng và mục đích giao phối ấy chỉ có thể là sinh con.
audio_03895|Trong lúc tìm con vật cưng, cậu cũng sớm nhận thấy một dấu chân lạ ở sau sàn nhà và nó dẫn thẳng vào trong tủ.|Trong lúc tìm con vật cưng, cậu cũng sớm nhận thấy một dấu chân lạ ở sau sàn nhà và nó dẫn thẳng vào trong tủ.
audio_03896|Là phương pháp này sẽ khiến cho cậu bé có thể nghe được.|Là phương pháp này sẽ khiến cho cậu bé có thể nghe được.
audio_03897|Tiếp theo, phương thức insert sẽ giúp chèn một column vào vị trí bạn mong muốn trong một dataframe.|Tiếp theo, phương thức insert sẽ giúp chèn một column vào vị trí bạn mong muốn trong một dataframe.
audio_03898|Như cất bò đúng không.|Như cất bò đúng không.
audio_03899|Mình hay nghe bài trên Pay thấy có nhiều bạn hay gặp phải hàng xóm.|Mình hay nghe bài trên Pay thấy có nhiều bạn hay gặp phải hàng xóm.
audio_03900|Trước đó, Ngọc Trinh cho biết hiện tại cô đang bắt nhịp lại với ống kính, máy quay và buổi chụp hình diễn ra với tiết tấu chậm rãi từ từ.|Trước đó, Ngọc Trinh cho biết hiện tại cô đang bắt nhịp lại với ống kính, máy quay và buổi chụp hình diễn ra với tiết tấu chậm rãi từ từ.
audio_03901|Tuy nhiên, do ảnh hưởng của học thuyết Freud, hầu hết mọi người vẫn tin rằng, trẻ sơ sinh không thể có ký ức.|Tuy nhiên, do ảnh hưởng của học thuyết Freud, hầu hết mọi người vẫn tin rằng, trẻ sơ sinh không thể có ký ức.
audio_03902|Đối với một số người, bóng tối thật đáng sợ.|Đối với một số người, bóng tối thật đáng sợ.
audio_03903|Và nhiều yếu tố có thể khiến họ dễ xảy ra xung đột trong vài năm tới.|Và nhiều yếu tố có thể khiến họ dễ xảy ra xung đột trong vài năm tới.
audio_03904|Tôi muốn buổi tiệc này là quà cảm ơn cho Zio.|Tôi muốn buổi tiệc này là quà cảm ơn cho Zio.
audio_03905|Các phương pháp phổ biến nhất được sử dụng trong chiến tranh bất đối xứng là chiến thuật du kích và các yếu tố chiến tranh tâm lý.|Các phương pháp phổ biến nhất được sử dụng trong chiến tranh bất đối xứng là chiến thuật du kích và các yếu tố chiến tranh tâm lý.
audio_03906|Khai với tòa rằng, ra trước vành móng ngựa mới biết đưa qua tình cảm là hối lộ.|Khai với tòa rằng, ra trước vành móng ngựa mới biết đưa qua tình cảm là hối lộ.
audio_03907|Đó là phi hành gia vũ trụ, là nhà khoa học, giáo sư đại học hay hòa thường.|Đó là phi hành gia vũ trụ, là nhà khoa học, giáo sư đại học hay hòa thường.
audio_03908|Sáng tôi ăn cơm no quá, giờ vẫn còn no đây này.|Sáng tôi ăn cơm no quá, giờ vẫn còn no đây này.
audio_03909|Trước mặt ông, hắn còn đại luận như thế.|Trước mặt ông, hắn còn đại luận như thế.
audio_03910|Thế bọn người mất tiền thôi.|Thế bọn người mất tiền thôi.
audio_03911|Hãy nói về sự kiện 11 tháng 9 năm 2001, vụ khủng bố gây chấn động thế giới nhắm vào Mỹ.|Hãy nói về sự kiện 11 tháng 9 năm 2001, vụ khủng bố gây chấn động thế giới nhắm vào Mỹ.
audio_03912|Cả hai vẫn đang sống tốt, và là những ông lớn viễn thông của Mỹ.|Cả hai vẫn đang sống tốt, và là những ông lớn viễn thông của Mỹ.
audio_03913|Nếu như chúng ta có sẵn cái chứng minh nhân dân sau khi công chứng và chúng ta không cần phải chứng minh về địa chỉ trụ sở hay là vốn điều lệ gì hết.|Nếu như chúng ta có sẵn cái chứng minh nhân dân sau khi công chứng và chúng ta không cần phải chứng minh về địa chỉ trụ sở hay là vốn điều lệ gì hết.
audio_03914|Đó là những gì vây hãm lấy Carrie mỗi ngày.|Đó là những gì vây hãm lấy Carrie mỗi ngày.
audio_03915|Chơi chung.|Chơi chung.
audio_03916|Thay vì có những hành động nguy hiểm thì hắn chỉ cố quay mặt đi chỗ khác để không bị cô phát hiện.|Thay vì có những hành động nguy hiểm thì hắn chỉ cố quay mặt đi chỗ khác để không bị cô phát hiện.
audio_03917|Theo kết quả điều tra của cảnh sát, động cơ tự thú của Wada sau 26 năm ẩn náu đã được tiết lộ với thế giới và cả nước Nhật Bản đã bị sốc trước động cơ tự thú khó đỡ của hắn ta.|Theo kết quả điều tra của cảnh sát, động cơ tự thú của Wada sau 26 năm ẩn náu đã được tiết lộ với thế giới và cả nước Nhật Bản đã bị sốc trước động cơ tự thú khó đỡ của hắn ta.
audio_03918|Thôi miền là một phương pháp điều trị y tế khá phổ biến, có thể dùng để chữa trị những căn bệnh đặc biệt.|Thôi miền là một phương pháp điều trị y tế khá phổ biến, có thể dùng để chữa trị những căn bệnh đặc biệt.
audio_03919|Đây là cuốn tiếp theo của cuốn đầu và đã cập nhật một số kiến thức khoa học về việc đọc vị người khác.|Đây là cuốn tiếp theo của cuốn đầu và đã cập nhật một số kiến thức khoa học về việc đọc vị người khác.
audio_03920|Anh có biết tôi nghĩ thế nào không?|Anh có biết tôi nghĩ thế nào không?
audio_03921|Chúc tất cả mọi người một Giáng sinh an lành và ấm áp.|Chúc tất cả mọi người một Giáng sinh an lành và ấm áp.
audio_03922|Sau đó thì các bạn sẽ cần có 2 bức ảnh như sau.|Sau đó thì các bạn sẽ cần có 2 bức ảnh như sau.
audio_03923|Phong cách này cũng là màu nước.|Phong cách này cũng là màu nước.
audio_03924|Việc thay đổi mô hình mới đã tạo thuận lợi cho du khách đến du xuân tại lễ hội chủ hương năm nay.|Việc thay đổi mô hình mới đã tạo thuận lợi cho du khách đến du xuân tại lễ hội chủ hương năm nay.
audio_03925|Cụ bà 92 tuổi đòi ly hôn với cụ ông 94 tuổi khiến nhiều người bất ngờ, không chia tài sản và con cái.|Cụ bà 92 tuổi đòi ly hôn với cụ ông 94 tuổi khiến nhiều người bất ngờ, không chia tài sản và con cái.
audio_03926|Nhiệt độ của nước sôi sẽ giúp làm trôi các vật cản, rác và đặc biệt hiệu quả với cống bị nghẹt và mỡ bám.|Nhiệt độ của nước sôi sẽ giúp làm trôi các vật cản, rác và đặc biệt hiệu quả với cống bị nghẹt và mỡ bám.
audio_03927|Giải pháp 2 tạo hiệu ứng tích cực từ cá nhân xuất sắc.|Giải pháp 2 tạo hiệu ứng tích cực từ cá nhân xuất sắc.
audio_03928|Và tài năng sẽ là thứ mang lại cho chúng ta rất nhiều lợi thế.|Và tài năng sẽ là thứ mang lại cho chúng ta rất nhiều lợi thế.
audio_03929|Hãy chân thật.|Hãy chân thật.
audio_03930|Nè đây là cái bí quyết mà không phải ai cũng biết.|Nè đây là cái bí quyết mà không phải ai cũng biết.
audio_03931|Nhưng một khi tỷ lệ mà phụ nữ giữ vị trí quản lý cấp cao đạt đến 50% thì mọi người sẽ tự khác quen với điều này.|Nhưng một khi tỷ lệ mà phụ nữ giữ vị trí quản lý cấp cao đạt đến 50% thì mọi người sẽ tự khác quen với điều này.
audio_03932|Đây là cuốn sách được viết theo triết học. Có thể một số phần trong cuốn sách sẽ hơi khó hiểu vì tác giả sử dụng câu từ trù tượng.|Đây là cuốn sách được viết theo triết học. Có thể một số phần trong cuốn sách sẽ hơi khó hiểu vì tác giả sử dụng câu từ trù tượng.
audio_03933|Nó luôn là như vậy các bạn ạ.|Nó luôn là như vậy các bạn ạ.
audio_03934|Cuối chương trình là tiểu mục truy nã tội phạm. Trước hết, như thường lệ, mời quý vị và các đồng chí theo dõi phần điểm các hoạt động của lực lượng trong thời gian qua.|Cuối chương trình là tiểu mục truy nã tội phạm. Trước hết, như thường lệ, mời quý vị và các đồng chí theo dõi phần điểm các hoạt động của lực lượng trong thời gian qua.
audio_03935|Cho nó không có dính á.|Cho nó không có dính á.
audio_03936|Chiến dịch tấn công bà mũi nhọn sẽ nhắm thẳng vào Kostiantynivka từ hướng Tây Nam, Nam và Đông Nam.|Chiến dịch tấn công bà mũi nhọn sẽ nhắm thẳng vào Kostiantynivka từ hướng Tây Nam, Nam và Đông Nam.
audio_03937|Rửa nước sạch xong thì chúng ta để ra rổ cho ráo nước.|Rửa nước sạch xong thì chúng ta để ra rổ cho ráo nước.
audio_03938|Thôi được rồi.|Thôi được rồi.
audio_03939|Cái chữ gì đấy mà anh cũng chưa hiểu lắm.|Cái chữ gì đấy mà anh cũng chưa hiểu lắm.
audio_03940|Tại hiện trường, lực lượng làm nhiệm vụ thu giữ 6 con gà, 28 cặp cửa, 21 điện thoại di động, 14 xe máy, 2 xe ô tô và hơn 330 triệu đồng, cùng nhiều vật dụng có liên quan.|Tại hiện trường, lực lượng làm nhiệm vụ thu giữ 6 con gà, 28 cặp cửa, 21 điện thoại di động, 14 xe máy, 2 xe ô tô và hơn 330 triệu đồng, cùng nhiều vật dụng có liên quan.
audio_03941|Nó nằm ở đâu.|Nó nằm ở đâu.
audio_03942|Đó là các cái kỹ năng quản lý tài chính cá nhân, và thứ 2 là những kinh nghiệm sống mà tôi đã tích lũy được.|Đó là các cái kỹ năng quản lý tài chính cá nhân, và thứ 2 là những kinh nghiệm sống mà tôi đã tích lũy được.
audio_03943|Và dựa theo sự đối chiếu, ta có Balvenie yêu Tina Balen, còn tóc hồng thì yêu tóc xanh.|Và dựa theo sự đối chiếu, ta có Balvenie yêu Tina Balen, còn tóc hồng thì yêu tóc xanh.
audio_03944|Tuy nhiên, măng bọc thường là măng chất liệu nhừa, nếu không sử dụng đúng cách, chúng rất dễ là nguyên nhân dẫn đến ung thư, hủy hoại thẳng và ảnh hưởng đến sức khỏe của bạn.|Tuy nhiên, măng bọc thường là măng chất liệu nhừa, nếu không sử dụng đúng cách, chúng rất dễ là nguyên nhân dẫn đến ung thư, hủy hoại thẳng và ảnh hưởng đến sức khỏe của bạn.
audio_03945|Nếu bạn rơi vào tình huống tương tự, thì sự hiện diện sẽ giúp bạn nhận ra những điều cơ bản và quan trọng nhất bạn cần làm cho con.|Nếu bạn rơi vào tình huống tương tự, thì sự hiện diện sẽ giúp bạn nhận ra những điều cơ bản và quan trọng nhất bạn cần làm cho con.
audio_03946|Nước màu đường này mình có clip hướng dẫn.|Nước màu đường này mình có clip hướng dẫn.
audio_03947|Thuộc ngành quản lý, vào năm học mới thì phải hết sức quan tâm đến trẻ em, mà đặc biệt là trẻ em có hoàn cảnh đặc biệt hoặc là trẻ em mồ côi.|Thuộc ngành quản lý, vào năm học mới thì phải hết sức quan tâm đến trẻ em, mà đặc biệt là trẻ em có hoàn cảnh đặc biệt hoặc là trẻ em mồ côi.
audio_03948|Sau khi chiếm được San Michel.|Sau khi chiếm được San Michel.
audio_03949|Họ có tinh thần phục vụ.|Họ có tinh thần phục vụ.
audio_03950|Đó, bạn thấy không?|Đó, bạn thấy không?
audio_03951|Theo kết quả điều tra rài soát hộ nghèo năm 2023, xã Xuân Lãnh, huyện Đồng Xuân có 103 hộ đã thoát nghèo.|Theo kết quả điều tra rài soát hộ nghèo năm 2023, xã Xuân Lãnh, huyện Đồng Xuân có 103 hộ đã thoát nghèo.
audio_03952|Hôm nay, hãy cùng Way2We Anime để mặt một số nhân vật Jandere tiêu biểu trong giữa anime nhé.|Hôm nay, hãy cùng Way2We Anime để mặt một số nhân vật Jandere tiêu biểu trong giữa anime nhé.
audio_03953|Anh tài xế tối nhớ khóa cửa kỹ cho em nha.|Anh tài xế tối nhớ khóa cửa kỹ cho em nha.
audio_03954|Còn ba thì đùa rằng.|Còn ba thì đùa rằng.
audio_03955|Chân tay vẫn còn lành lặng.|Chân tay vẫn còn lành lặng.
audio_03956|Ui, anh ta quên che nó lại rồi.|Ui, anh ta quên che nó lại rồi.
audio_03957|Con trai của bác đang nợ thẻ tính dụng mà còn tiêu hoang 3 triệu bạc để mua mấy cái thứ nút nhựa này về xếp.|Con trai của bác đang nợ thẻ tính dụng mà còn tiêu hoang 3 triệu bạc để mua mấy cái thứ nút nhựa này về xếp.
audio_03958|Vì vậy, cách đơn giản là bạn có thể đặt một chiếc ghế đầu nhỏ dưới chân, hơi nghiêng người về phía trước, mô phỏng tư thế như vận động viên trượt tuyết.|Vì vậy, cách đơn giản là bạn có thể đặt một chiếc ghế đầu nhỏ dưới chân, hơi nghiêng người về phía trước, mô phỏng tư thế như vận động viên trượt tuyết.
audio_03959|Các tân binh thực hiện nghĩa vụ quân sự đợt này, có sức khỏe loại 1 và loại 2 chiếm 60%, trình độ văn hóa trung học phổ thông gần 70%, tỷ lệ đảng viên chiếm 8,2%, dân tộc mường chiếm 92%.|Các tân binh thực hiện nghĩa vụ quân sự đợt này, có sức khỏe loại 1 và loại 2 chiếm 60%, trình độ văn hóa trung học phổ thông gần 70%, tỷ lệ đảng viên chiếm 8,2%, dân tộc mường chiếm 92%.
audio_03960|Nâng cao thu nhập cho người dân và đóng góp quan trọng vào sự phát triển của tỉnh.|Nâng cao thu nhập cho người dân và đóng góp quan trọng vào sự phát triển của tỉnh.
audio_03961|Khi những búp măng trồi lên mặt đất, báo hiệu một mầm sống mới bắt đầu.|Khi những búp măng trồi lên mặt đất, báo hiệu một mầm sống mới bắt đầu.
audio_03962|Lâu lâu khoảng tầm 5 tháng này có một lần, một cái bài hát random ở đó, từ cách đây khoảng chục năm rồi nổi lên, được ghép vào một cái video.|Lâu lâu khoảng tầm 5 tháng này có một lần, một cái bài hát random ở đó, từ cách đây khoảng chục năm rồi nổi lên, được ghép vào một cái video.
audio_03963|Hy vọng là các bạn có thể tìm thấy một vài cái điểm mà các bạn có thể rút ra được từ những cái điều này của mình.|Hy vọng là các bạn có thể tìm thấy một vài cái điểm mà các bạn có thể rút ra được từ những cái điều này của mình.
audio_03964|Do vậy, bí ẩn này vẫn được các chuyên gia nỗ lực đi tìm lời giải đáp suốt thời gian qua.|Do vậy, bí ẩn này vẫn được các chuyên gia nỗ lực đi tìm lời giải đáp suốt thời gian qua.
audio_03965|Trời đất ơi.|Trời đất ơi.
audio_03966|Nếu bạn đã từng xem bộ phim tài liệu World Cup cho người vô gia cư, thì bạn sẽ hiểu hơn về tác động của bóng đá đến với con người như thế nào.|Nếu bạn đã từng xem bộ phim tài liệu World Cup cho người vô gia cư, thì bạn sẽ hiểu hơn về tác động của bóng đá đến với con người như thế nào.
audio_03967|Con người chúng ta ấy.|Con người chúng ta ấy.
audio_03968|Trong khi lời nói dối lại là thứ con người tạo ra vì một mục đích nào đó.|Trong khi lời nói dối lại là thứ con người tạo ra vì một mục đích nào đó.
audio_03969|Bằng việc rèn luyện, bạn sẽ trở nên giỏi giang hơn.|Bằng việc rèn luyện, bạn sẽ trở nên giỏi giang hơn.
audio_03970|Tất cả những điều này đã làm tổn hại.|Tất cả những điều này đã làm tổn hại.
audio_03971|Có thể là cổ phiếu hoặc trái phiếu.|Có thể là cổ phiếu hoặc trái phiếu.
audio_03972|Vì vậy hồi nãy Phượng đã để cái lòng trắng này trong ngăn đá tủ lạnh 5 phút đó.|Vì vậy hồi nãy Phượng đã để cái lòng trắng này trong ngăn đá tủ lạnh 5 phút đó.
audio_03973|Quy đổi theo tỷ giá hiện hành, giá vàng thế giới khoảng 63 triệu đồng trên một lượng, chưa kể thuế phí.|Quy đổi theo tỷ giá hiện hành, giá vàng thế giới khoảng 63 triệu đồng trên một lượng, chưa kể thuế phí.
audio_03974|Từ ba, con nói như vậy không phải con có ý muốn ở ký túc xá đâu con thích ở nhà hơn ở nhà có ba, có các chị, các em.|Từ ba, con nói như vậy không phải con có ý muốn ở ký túc xá đâu con thích ở nhà hơn ở nhà có ba, có các chị, các em.
audio_03975|Mặc dù cái tinh thần á tôi tin rằng ai cũng hiểu được. Đó là chúng ta sẽ tuột rất là nặng nề nếu mỗi ngày chúng ta lùi một chút xíu.|Mặc dù cái tinh thần á tôi tin rằng ai cũng hiểu được. Đó là chúng ta sẽ tuột rất là nặng nề nếu mỗi ngày chúng ta lùi một chút xíu.
audio_03976|Tuy nhiên, những thông tin mập mờ ít ở đấy cũng chưa thể giúp Golden có được câu trả lời mong muốn.|Tuy nhiên, những thông tin mập mờ ít ở đấy cũng chưa thể giúp Golden có được câu trả lời mong muốn.
audio_03977|Đúng là trên cái trận đời này tôi chưa thấy một ai thô suýt hơn họ hàng nhà tôi.|Đúng là trên cái trận đời này tôi chưa thấy một ai thô suýt hơn họ hàng nhà tôi.
audio_03978|Tại thời điểm đó, Danzo cũng yêu cầu Orochimaru cây ghép ADN của đệ nhất lên cơ thể của mình nhằm thi triển được Izamagi mà không phải hy sinh đi cửa sửa tâm hồn của bản thân. Ý mình là có mắt đấy.|Tại thời điểm đó, Danzo cũng yêu cầu Orochimaru cây ghép ADN của đệ nhất lên cơ thể của mình nhằm thi triển được Izamagi mà không phải hy sinh đi cửa sửa tâm hồn của bản thân. Ý mình là có mắt đấy.
audio_03979|Thư Phi đến điện cầu siêu cho con, thì bắt gặp Yến Uyền đang quỳ gối.|Thư Phi đến điện cầu siêu cho con, thì bắt gặp Yến Uyền đang quỳ gối.
audio_03980|Khiến cho những người đối diện bị dính độ mùa.|Khiến cho những người đối diện bị dính độ mùa.
audio_03981|Cậu không cần phải biết đâu.|Cậu không cần phải biết đâu.
audio_03982|Trong khi đó, pháo binh chỉ đóng vai trò như một chiếc ô bảo vệ bộ binh mà không thể bắn yểm trợ hay mở đường.|Trong khi đó, pháo binh chỉ đóng vai trò như một chiếc ô bảo vệ bộ binh mà không thể bắn yểm trợ hay mở đường.
audio_03983|Bạn vui vẻ đặt chiếc kéo vào hộp, nói lời cảm ơn trước khi đóng phần nắp hộp khắc hoa văn tinh xảo lại.|Bạn vui vẻ đặt chiếc kéo vào hộp, nói lời cảm ơn trước khi đóng phần nắp hộp khắc hoa văn tinh xảo lại.
audio_03984|Tức là lần này.|Tức là lần này.
audio_03985|Bạn đang tiến đến.|Bạn đang tiến đến.
audio_03986|Ấp luộc.|Ấp luộc.
audio_03987|Để nghe cái video này thằng Tuấn Tiền Tỉ nó đọc cho.|Để nghe cái video này thằng Tuấn Tiền Tỉ nó đọc cho.
audio_03988|Chúng tôi đã nói chuyện về bức tranh yêu thích của mình, và về việc nơi này đáng sợ như thế nào vào buổi tối.|Chúng tôi đã nói chuyện về bức tranh yêu thích của mình, và về việc nơi này đáng sợ như thế nào vào buổi tối.
audio_03989|Chỉ một số ít người có điều kiện mới có thể đọc.|Chỉ một số ít người có điều kiện mới có thể đọc.
audio_03990|Thì mình nghĩ là nên.|Thì mình nghĩ là nên.
audio_03991|Hay là mình cho nó về đây làm con nuôi của mình.|Hay là mình cho nó về đây làm con nuôi của mình.
audio_03992|Đây là một điểm sáng đáng ghi nhận, được xem như lối ra cho công tác bồi thương giải phóng mặt bằng của dự án trọng điểm vàng đai 3 đoạn qua thành phố Hồ Chí Minh.|Đây là một điểm sáng đáng ghi nhận, được xem như lối ra cho công tác bồi thương giải phóng mặt bằng của dự án trọng điểm vàng đai 3 đoạn qua thành phố Hồ Chí Minh.
audio_03993|Đầy nước.|Đầy nước.
audio_03994|Với hai vai chính được giao cho.|Với hai vai chính được giao cho.
audio_03995|Và đừng quên bình luận cho anh biết ở phía bên dưới.|Và đừng quên bình luận cho anh biết ở phía bên dưới.
audio_03996|Rằng chỉ có một cách để làm và công ty sẽ tiêu tùng nếu bạn không làm.|Rằng chỉ có một cách để làm và công ty sẽ tiêu tùng nếu bạn không làm.
audio_03997|Tranh thủ khoảng thời gian này, Napoléon đã đẩy mạnh cải cách lại đất nước.|Tranh thủ khoảng thời gian này, Napoléon đã đẩy mạnh cải cách lại đất nước.
audio_03998|Bây giờ tôi làm mẫu cho các bạn ha.|Bây giờ tôi làm mẫu cho các bạn ha.
audio_03999|Tất cả các giáo viên đều được tập huấn bồi dưỡng chuyên môn nghiệp vụ nhằm đáp ứng cơ bản yêu cầu của công tác giáo dục hướng nghiệp trong nhà trường.|Tất cả các giáo viên đều được tập huấn bồi dưỡng chuyên môn nghiệp vụ nhằm đáp ứng cơ bản yêu cầu của công tác giáo dục hướng nghiệp trong nhà trường.
audio_04000|Cả vợ lẫn chồng đều phải biết hòa hợp cùng nhau.|Cả vợ lẫn chồng đều phải biết hòa hợp cùng nhau.
audio_04001|Việc này không có quan trọng vì đằng nào thì mình cũng sẽ úp bánh ra mà.|Việc này không có quan trọng vì đằng nào thì mình cũng sẽ úp bánh ra mà.
audio_04002|Sau khi đẻ trứng thứ hai thì không giao phối nữa.|Sau khi đẻ trứng thứ hai thì không giao phối nữa.
audio_04003|Để hôm sau tôi làm được cây cuốc chim vàng, giờ tài nguyên và cây sẽ rớt ra cả su.|Để hôm sau tôi làm được cây cuốc chim vàng, giờ tài nguyên và cây sẽ rớt ra cả su.
audio_04004|Còn cả nhà ai mà tin tưởng Hoshi.|Còn cả nhà ai mà tin tưởng Hoshi.
audio_04005|Bạn Tùng Lâm hỏi lại đấy các bạn ạ.|Bạn Tùng Lâm hỏi lại đấy các bạn ạ.
audio_04006|Dùng người chàm.|Dùng người chàm.
audio_04007|Tớm lại, Bùn nghĩ là tập 64 chỉ là một trận đánh chiếm nhẹ nhàng, mở màn cho các trận đánh gây cứng hơn ở phía sau mà thôi.|Tớm lại, Bùn nghĩ là tập 64 chỉ là một trận đánh chiếm nhẹ nhàng, mở màn cho các trận đánh gây cứng hơn ở phía sau mà thôi.
audio_04008|Như các bạn đã biết, chúng ta đều mong đợi có những chuyến thăm cấp cao giữa hai quốc gia.|Như các bạn đã biết, chúng ta đều mong đợi có những chuyến thăm cấp cao giữa hai quốc gia.
audio_04009|Hiện giờ anh Thắng đang vô cùng lo lắng vì chỉ mới biết tin con trai đã thoát khỏi đám cháy, còn con gái vẫn chưa thấy thông tin gì.|Hiện giờ anh Thắng đang vô cùng lo lắng vì chỉ mới biết tin con trai đã thoát khỏi đám cháy, còn con gái vẫn chưa thấy thông tin gì.
audio_04010|Ta sẽ dùng một miếng gỗ vuông, quan thành hai lỗ xéo, cách nhau chừng 1cm, với kích thước lỗ bằng đường kính của ống nhôm.|Ta sẽ dùng một miếng gỗ vuông, quan thành hai lỗ xéo, cách nhau chừng 1cm, với kích thước lỗ bằng đường kính của ống nhôm.
audio_04011|Nhiều người lâm tưởng rằng, hệ thống chậm là phần thông minh của não bộ, đường phải vật lộn với hệ thống nhanh ngu ngốc có khuyến hướng vội vàng kết luận mà không nghĩ đến hậu quả.|Nhiều người lâm tưởng rằng, hệ thống chậm là phần thông minh của não bộ, đường phải vật lộn với hệ thống nhanh ngu ngốc có khuyến hướng vội vàng kết luận mà không nghĩ đến hậu quả.
audio_04012|Nhưng thay vì giảm nhiệt độ, chỉ số lại bất ngờ tăng vọt dẫn đến vụ nổ.|Nhưng thay vì giảm nhiệt độ, chỉ số lại bất ngờ tăng vọt dẫn đến vụ nổ.
audio_04013|Nó sẽ kết hợp lại với màu tím.|Nó sẽ kết hợp lại với màu tím.
audio_04014|Một trong những loài động vật lớn nhất mà họ săn lùng là voi ma mút lông xù.|Một trong những loài động vật lớn nhất mà họ săn lùng là voi ma mút lông xù.
audio_04015|Xuy ra người nói không có quyền đưa ra lập luận đó.|Xuy ra người nói không có quyền đưa ra lập luận đó.
audio_04016|Tom Scott cần xây một cây cầu.|Tom Scott cần xây một cây cầu.
audio_04017|Để lần này làm cho đúng nguyên tắc và kiên trì đi tới cùng.|Để lần này làm cho đúng nguyên tắc và kiên trì đi tới cùng.
audio_04018|Thì đó là giống như một cái kho có rất là nhiều những cái mô đồ AI trên thế giới và có rất nhiều hãng người ta đưa những cái mô đồ AI của họ lên đây.|Thì đó là giống như một cái kho có rất là nhiều những cái mô đồ AI trên thế giới và có rất nhiều hãng người ta đưa những cái mô đồ AI của họ lên đây.
audio_04019|Lúc này, Thầy với các nhà chi thức hàng đầu ở Việt Nam nhận ra rằng gốc rễ của cuộc chiến thật sự nằm ở Tây Phương.|Lúc này, Thầy với các nhà chi thức hàng đầu ở Việt Nam nhận ra rằng gốc rễ của cuộc chiến thật sự nằm ở Tây Phương.
audio_04020|Ô kìa! Thế là tại làm sao?|Ô kìa! Thế là tại làm sao?
audio_04021|Ta sẽ khuấy đều sau mỗi lần cho.|Ta sẽ khuấy đều sau mỗi lần cho.
audio_04022|Tỏa ngát hương thơm trong làn gió sớm mai đầu hạ.|Tỏa ngát hương thơm trong làn gió sớm mai đầu hạ.
audio_04023|Việc tiếp nhận quá nhiều nguồn dữ liệu ký ức tiêu cực cũng khiến Hanya mất ngủ, quần thâm mắt cũng ngày càng sậm hơn.|Việc tiếp nhận quá nhiều nguồn dữ liệu ký ức tiêu cực cũng khiến Hanya mất ngủ, quần thâm mắt cũng ngày càng sậm hơn.
audio_04024|Số đầu tư trung bình khoảng 11 triệu đô la Mỹ một hectare.|Số đầu tư trung bình khoảng 11 triệu đô la Mỹ một hectare.
audio_04025|Anh Tùng yên tâm, có gì chưa quen cứ hỏi em, em giúp anh hết mình, mà sếp Phong là cái gì của anh Tùng dạ?|Anh Tùng yên tâm, có gì chưa quen cứ hỏi em, em giúp anh hết mình, mà sếp Phong là cái gì của anh Tùng dạ?
audio_04026|Ướt trên ướt không cần phải sử dụng nhiều dung môi.|Ướt trên ướt không cần phải sử dụng nhiều dung môi.
audio_04027|Trong khi đó.|Trong khi đó.
audio_04028|Thế nhưng đến khi đơn hàng được giao tới nhà, cô gái mới giật mình khi phát hiện hình ảnh quảng cáo chỉ mang tính chất minh họa, mặc dù các món bài trí gần giống như hình ảnh trên mạng xã hội.|Thế nhưng đến khi đơn hàng được giao tới nhà, cô gái mới giật mình khi phát hiện hình ảnh quảng cáo chỉ mang tính chất minh họa, mặc dù các món bài trí gần giống như hình ảnh trên mạng xã hội.
audio_04029|Vì vậy, Dom Studio muốn xin bản quyền Titan TV man để đưa vào video của mình.|Vì vậy, Dom Studio muốn xin bản quyền Titan TV man để đưa vào video của mình.
audio_04030|Hầu hết mọi người chỉ quan tâm đến bản thân.|Hầu hết mọi người chỉ quan tâm đến bản thân.
audio_04031|Sở dị ông ký cho con học chữ nho.|Sở dị ông ký cho con học chữ nho.
audio_04032|Sở dĩ thần trình bày ý tưởng này với bê hạ.|Sở dĩ thần trình bày ý tưởng này với bê hạ.
audio_04033|Theo đánh giá, chất lượng tuyển quân của tỉnh năm 2024 tăng so với năm 2023 khi tỷ lệ tân binh là đảng viên chiếm 8,31% và tỷ lệ tân binh đã được bồi dưỡng đối tượng đảng chiếm 24,2%.|Theo đánh giá, chất lượng tuyển quân của tỉnh năm 2024 tăng so với năm 2023 khi tỷ lệ tân binh là đảng viên chiếm 8,31% và tỷ lệ tân binh đã được bồi dưỡng đối tượng đảng chiếm 24,2%.
audio_04034|Sau khi trộn muối xong thì mình để đây một lúc.|Sau khi trộn muối xong thì mình để đây một lúc.
audio_04035|Eren không chấp nhận điều đó, kích hoạt dung chấn săn phẳng Mali.|Eren không chấp nhận điều đó, kích hoạt dung chấn săn phẳng Mali.
audio_04036|Và thứ nhất là giúp người bệnh.|Và thứ nhất là giúp người bệnh.
audio_04037|Chỉ có chạy và chạy thôi mới win được.|Chỉ có chạy và chạy thôi mới win được.
audio_04038|Thú vị và lạ lẫm.|Thú vị và lạ lẫm.
audio_04039|Ráng lên nha.|Ráng lên nha.
audio_04040|Còn bây giờ thì, xin chào và hẹn gặp lại các bạn trong những video lần sau.|Còn bây giờ thì, xin chào và hẹn gặp lại các bạn trong những video lần sau.
audio_04041|Người bị hại trong vụ án là Ngân hàng Thương mại Cổ phần Sài Gòn tức SCB, bị thiệt hại khoảng 498.000 tỷ đồng từ hành vi phạm tội của bị cáo Trương Mỹ Lan và đồng phạm.|Người bị hại trong vụ án là Ngân hàng Thương mại Cổ phần Sài Gòn tức SCB, bị thiệt hại khoảng 498.000 tỷ đồng từ hành vi phạm tội của bị cáo Trương Mỹ Lan và đồng phạm.
audio_04042|Trong trường hợp bạn không có mục tiêu.|Trong trường hợp bạn không có mục tiêu.
audio_04043|Nhỏ hơn, do đó ta có công thức độ lấy chuẩn của giá trị trung bình bằng với độ lấy chuẩn của mẫu, chính là giá trị mà ta tính toán trong kỳ 3 và chia cho căn mực 2 của N.|Nhỏ hơn, do đó ta có công thức độ lấy chuẩn của giá trị trung bình bằng với độ lấy chuẩn của mẫu, chính là giá trị mà ta tính toán trong kỳ 3 và chia cho căn mực 2 của N.
audio_04044|Và lý do tiếp theo đó là họ thiếu đi năng lực trì hoãn với những niềm vụi trước mắt.|Và lý do tiếp theo đó là họ thiếu đi năng lực trì hoãn với những niềm vụi trước mắt.
audio_04045|Mình chỉ cần để trên bếp.|Mình chỉ cần để trên bếp.
audio_04046|Thì sẽ đến lượt tôi.|Thì sẽ đến lượt tôi.
audio_04047|Trước khi chạy chương trình cho task 1, mình sẽ thêm vài dòng comments cũng như câu lệnh print để nắm bắt được tiến độ chạy của chương trình.|Trước khi chạy chương trình cho task 1, mình sẽ thêm vài dòng comments cũng như câu lệnh print để nắm bắt được tiến độ chạy của chương trình.
audio_04048|Tuy nhiên thì trước tiên, hãy cùng đánh giá trải nghiệm về âm thanh của bộ phim trước và chúng mình sẽ nói về yếu tố lồng tiếng sau đó nhé.|Tuy nhiên thì trước tiên, hãy cùng đánh giá trải nghiệm về âm thanh của bộ phim trước và chúng mình sẽ nói về yếu tố lồng tiếng sau đó nhé.
audio_04049|Không khí trên tàu bị pha loạn và Isamu phải bổ sung oxy trước khi chết nghẹt, đồng thời tìm cách thoát khỏi con tàu.|Không khí trên tàu bị pha loạn và Isamu phải bổ sung oxy trước khi chết nghẹt, đồng thời tìm cách thoát khỏi con tàu.
audio_04050|Bằng cả mạng sống của mình.|Bằng cả mạng sống của mình.
audio_04051|Anh biết cách duy trì cốt chuyện.|Anh biết cách duy trì cốt chuyện.
audio_04052|Chỉ trong 2 tháng qua, nhiều trường hợp bị xét đánh xảy ra tại Thái Bình, Hưng Yên và Hà Nội gây ra những cái chết thương tâm.|Chỉ trong 2 tháng qua, nhiều trường hợp bị xét đánh xảy ra tại Thái Bình, Hưng Yên và Hà Nội gây ra những cái chết thương tâm.
audio_04053|Mặc dù nó có kết nối Bluetooth nhưng mà không nên sử dụng khi cắt đâu.|Mặc dù nó có kết nối Bluetooth nhưng mà không nên sử dụng khi cắt đâu.
audio_04054|Đã tới lúc chơi đồ công nghệ cao với con cá mập đó là dùng bệ di chuyển.|Đã tới lúc chơi đồ công nghệ cao với con cá mập đó là dùng bệ di chuyển.
audio_04055|Tôi nên hành động như thế nào, để giúp tâm, thân hợp nhất?|Tôi nên hành động như thế nào, để giúp tâm, thân hợp nhất?
audio_04056|Thế nên tôi quay trở lại máy farm pick linh.|Thế nên tôi quay trở lại máy farm pick linh.
audio_04057|Ngày hôm nay, chúng tôi sẽ giới thiệu một danh sách các anime play or die hay hò nhất để các cậu cây vào dịp nghỉ lễ nhé.|Ngày hôm nay, chúng tôi sẽ giới thiệu một danh sách các anime play or die hay hò nhất để các cậu cây vào dịp nghỉ lễ nhé.
audio_04058|Thực chất, Richard không cần Langston phải tiết lộ địa điểm giao dịch 65 triệu đô la.|Thực chất, Richard không cần Langston phải tiết lộ địa điểm giao dịch 65 triệu đô la.
audio_04059|Trong mối cảnh đương kim Tổng thống Biden không có đối thủ trên đường đua của đảng Dân Chủ, việc ông Trump giành ưu thế trong các bầu cử sơ bộ của phe Cộng hòa cũng là điều dễ hiểu.|Trong mối cảnh đương kim Tổng thống Biden không có đối thủ trên đường đua của đảng Dân Chủ, việc ông Trump giành ưu thế trong các bầu cử sơ bộ của phe Cộng hòa cũng là điều dễ hiểu.
audio_04060|Dì tôi vì tránh tiếng nên không rầy la, cũng không dạy dỗ.|Dì tôi vì tránh tiếng nên không rầy la, cũng không dạy dỗ.
audio_04061|Cô đã sử dụng vô lừng giúp Raiden kiểm soát tốt hơn các cơ bắp và sức mạnh của chính mình.|Cô đã sử dụng vô lừng giúp Raiden kiểm soát tốt hơn các cơ bắp và sức mạnh của chính mình.
audio_04062|Sự bế tắc phủ ngập mọi giác quan.|Sự bế tắc phủ ngập mọi giác quan.
audio_04063|Cứ thế ba bác cháu ngồi thiền.|Cứ thế ba bác cháu ngồi thiền.
audio_04064|Ví dụ ta đang đứng tại phòng số N, thì phòng tiếp theo sẽ là N cộng 1.|Ví dụ ta đang đứng tại phòng số N, thì phòng tiếp theo sẽ là N cộng 1.
audio_04065|Những ngọn núi đồi Carrara nổi bật, như dần hiến ngọn lửa kiên định của đỉnh cẩm thạch, lên bầu trời màu hổ phách.|Những ngọn núi đồi Carrara nổi bật, như dần hiến ngọn lửa kiên định của đỉnh cẩm thạch, lên bầu trời màu hổ phách.
audio_04066|Việc trao đổi thư tử, thể hiện về chúng ta đối với người khác.|Việc trao đổi thư tử, thể hiện về chúng ta đối với người khác.
audio_04067|Theo phân tích của Kendrick, sự chấp thuận của các quỹ ETF này và các dòng vốn tiếp theo có thể tăng giá trị của Bitcoin lên hơn 300% so với mức hiện tại là khoảng 47.000 đô.|Theo phân tích của Kendrick, sự chấp thuận của các quỹ ETF này và các dòng vốn tiếp theo có thể tăng giá trị của Bitcoin lên hơn 300% so với mức hiện tại là khoảng 47.000 đô.
audio_04068|Trung bình mỗi ngày tại các cửa hàng, hàng tấn cá lóc sẽ được bán ra, đặc biệt là trong ngày hôm nay, cá đứa được chuẩn bị từ hôm trước để sẵn sàng phục vụ.|Trung bình mỗi ngày tại các cửa hàng, hàng tấn cá lóc sẽ được bán ra, đặc biệt là trong ngày hôm nay, cá đứa được chuẩn bị từ hôm trước để sẵn sàng phục vụ.
audio_04069|Đâu có gì đâu.|Đâu có gì đâu.
audio_04070|Từ đó, quan niệm về cái đẹp cũng có những sự chuyển biến nhất định.|Từ đó, quan niệm về cái đẹp cũng có những sự chuyển biến nhất định.
audio_04071|Có tiến lên bạn mới có thể cho mình cơ hội để thể hiện bản thân và suy nghĩ của chính mình.|Có tiến lên bạn mới có thể cho mình cơ hội để thể hiện bản thân và suy nghĩ của chính mình.
audio_04072|Hãy bắt đầu kinh doanh sớm để có đủ thời gian sản xuất và bán hàng trước dịp Tết Nguyên đán.|Hãy bắt đầu kinh doanh sớm để có đủ thời gian sản xuất và bán hàng trước dịp Tết Nguyên đán.
audio_04073|Mình cho xíu mỡ hành.|Mình cho xíu mỡ hành.
audio_04074|Tuy nhiên chỉ vài năm sau đó.|Tuy nhiên chỉ vài năm sau đó.
audio_04075|Tuy nhiên, các chuyên gia nhận định tổng số thiệt hại đối với các cơ sở công nghiệp, giao thông vận tải và dân sự bên phía Nam Tư phải giao đồng từ 60 đến 100 tỷ đô la.|Tuy nhiên, các chuyên gia nhận định tổng số thiệt hại đối với các cơ sở công nghiệp, giao thông vận tải và dân sự bên phía Nam Tư phải giao đồng từ 60 đến 100 tỷ đô la.
audio_04076|Thiền không chỉ giúp giảm căng thẳng.|Thiền không chỉ giúp giảm căng thẳng.
audio_04077|Mình quét 1 lớp dầu mỏng trong bát để bột không bị khô.|Mình quét 1 lớp dầu mỏng trong bát để bột không bị khô.
audio_04078|Xin cảm ơn mọi người đã xem hết video và đừng quên hào phóng cho Toàn Sinh một like và đăng ký kênh youtube Toàn Sâm để xem nhiều video khác về ẩm thực và sức khỏe nhé.|Xin cảm ơn mọi người đã xem hết video và đừng quên hào phóng cho Toàn Sinh một like và đăng ký kênh youtube Toàn Sâm để xem nhiều video khác về ẩm thực và sức khỏe nhé.
audio_04079|Các phần thi diễn ra sôi động hấp dẫn, đậm đà bản sắc của đồng bào các dân tộc Tây Nguyên, thu hút sự tham gia cổ vũ nhiệt tình của du khách tham sự hội xuân.|Các phần thi diễn ra sôi động hấp dẫn, đậm đà bản sắc của đồng bào các dân tộc Tây Nguyên, thu hút sự tham gia cổ vũ nhiệt tình của du khách tham sự hội xuân.
audio_04080|Này hóa chất thì hay hơn cả của tao nữa.|Này hóa chất thì hay hơn cả của tao nữa.
audio_04081|Cuối cùng thì tất cả chứng cứ đều biến mất.|Cuối cùng thì tất cả chứng cứ đều biến mất.
audio_04082|Cứ như vậy.|Cứ như vậy.
audio_04083|Nếu bạn từng được mời hợp riêng với sếp lúc chiều muộn của ngày thứ sáu, thì đó không phải một cuộc hợp mà là một cái bẫy vụn về.|Nếu bạn từng được mời hợp riêng với sếp lúc chiều muộn của ngày thứ sáu, thì đó không phải một cuộc hợp mà là một cái bẫy vụn về.
audio_04084|Trong nhà có một bà quản gia ngoại tứ tuần, một cô cháu gái chưa đẩy đôi mươi và một anh người hầu kiêm cả việc trông non ruộng vườn, dọn dẹp nhà cửa và chăm sóc con ngựa.|Trong nhà có một bà quản gia ngoại tứ tuần, một cô cháu gái chưa đẩy đôi mươi và một anh người hầu kiêm cả việc trông non ruộng vườn, dọn dẹp nhà cửa và chăm sóc con ngựa.
audio_04085|Nghi thức này yêu cầu cần phải môi tim của Tekken, sau đó đặt Clicker vào trong khoang tim và kích hoạt.|Nghi thức này yêu cầu cần phải môi tim của Tekken, sau đó đặt Clicker vào trong khoang tim và kích hoạt.
audio_04086|Và bị cáo Trương Mỹ Lan là bị hại do bị bị cáo Nguyễn Cao Trí chiếm đoạt 1.000 tỷ đồng.|Và bị cáo Trương Mỹ Lan là bị hại do bị bị cáo Nguyễn Cao Trí chiếm đoạt 1.000 tỷ đồng.
audio_04087|Thứ nhất là các bạn nên sử dụng các loại muối chuyên dụng đến từ các thương hiệu lớn ở những cửa hàng uy tín để tránh sản phẩm giả, gây ảnh xấu đến độ bền cũng như là trái nghiệm của mình.|Thứ nhất là các bạn nên sử dụng các loại muối chuyên dụng đến từ các thương hiệu lớn ở những cửa hàng uy tín để tránh sản phẩm giả, gây ảnh xấu đến độ bền cũng như là trái nghiệm của mình.
audio_04088|Không học thì còn khổ nữa.|Không học thì còn khổ nữa.
audio_04089|Nửa tay nấm mèo, nấm này Mai đã ngâm mềm và rửa sạch rồi.|Nửa tay nấm mèo, nấm này Mai đã ngâm mềm và rửa sạch rồi.
audio_04090|Chính nó sẽ lại tiếp tục bổ trợ cho cái con đường phát triển sự nghiệp của chúng ta.|Chính nó sẽ lại tiếp tục bổ trợ cho cái con đường phát triển sự nghiệp của chúng ta.
audio_04091|Sử dụng ánh sáng hợp lý sẽ giúp cửa hàng trở nên nổi bật và thu hút ánh nhìn của khách hàng.|Sử dụng ánh sáng hợp lý sẽ giúp cửa hàng trở nên nổi bật và thu hút ánh nhìn của khách hàng.
audio_04092|Có một hạng đàn bà thích phá nát da can người ta.|Có một hạng đàn bà thích phá nát da can người ta.
audio_04093|Điều đáng chú ý hơn nữa, là xung quanh khu vực kiến trúc này không có dấu tích của đá vôi, nghĩa là trước đây công trình này nằm cao hơn mặt nước biển.|Điều đáng chú ý hơn nữa, là xung quanh khu vực kiến trúc này không có dấu tích của đá vôi, nghĩa là trước đây công trình này nằm cao hơn mặt nước biển.
audio_04094|Chắc chắn nhóm người này đã bị giáo phái bắt giữ.|Chắc chắn nhóm người này đã bị giáo phái bắt giữ.
audio_04095|Dù đã được điều trị tích cực nhưng đến 22h30 phút ngày 25 tháng 2, bệnh nhân đã không qua khỏi.|Dù đã được điều trị tích cực nhưng đến 22h30 phút ngày 25 tháng 2, bệnh nhân đã không qua khỏi.
audio_04096|Bố nói cấm cãi và muốn chặn đứng sự phản kháng khiến bố khó chịu.|Bố nói cấm cãi và muốn chặn đứng sự phản kháng khiến bố khó chịu.
audio_04097|Thân Chinh đem 12 vạn quân sang chinh phạt.|Thân Chinh đem 12 vạn quân sang chinh phạt.
audio_04098|Nhất là Gwen khi cô lại thích một người từng suýt giết chết mình.|Nhất là Gwen khi cô lại thích một người từng suýt giết chết mình.
audio_04099|Nếu là một người có thói quen xem các bản tin thời sự quốc tế mỗi ngày, bạn sẽ không mấy khó khăn để thấy nó xuất hiện rất nhiều tại các khu vực chiến sự.|Nếu là một người có thói quen xem các bản tin thời sự quốc tế mỗi ngày, bạn sẽ không mấy khó khăn để thấy nó xuất hiện rất nhiều tại các khu vực chiến sự.
audio_04100|Nhưng ông Xanh Mẫu rộng lượng thương người.|Nhưng ông Xanh Mẫu rộng lượng thương người.
audio_04101|Và là lời nói dối đó đã làm phá hủy sự tồn tại.|Và là lời nói dối đó đã làm phá hủy sự tồn tại.
audio_04102|Ngày xưa, ngày xưa, trên một đảo quốc nào đó, từng có một nàng công chúa với trí nhớ siêu Việt.|Ngày xưa, ngày xưa, trên một đảo quốc nào đó, từng có một nàng công chúa với trí nhớ siêu Việt.
audio_04103|Chính phủ thông báo chính thức rằng đó chỉ là một quả bóng bay dự báo thời tiết.|Chính phủ thông báo chính thức rằng đó chỉ là một quả bóng bay dự báo thời tiết.
audio_04104|Nếu thế thì bạn hãy cứ giữ lấy thiên đường cho riêng mình đi.|Nếu thế thì bạn hãy cứ giữ lấy thiên đường cho riêng mình đi.
audio_04105|Tôi đón tháng hai về trên phố phường tấp nập tiếng còi xe.|Tôi đón tháng hai về trên phố phường tấp nập tiếng còi xe.
audio_04106|Và cũng kể từ đây, Hải quân Mỹ đã tiến hành mở các chiến dịch phản công từ chính các tàu sân bay.|Và cũng kể từ đây, Hải quân Mỹ đã tiến hành mở các chiến dịch phản công từ chính các tàu sân bay.
audio_04107|Địa y tăng trưởng với một tốc độ rất chậm.|Địa y tăng trưởng với một tốc độ rất chậm.
audio_04108|Nên là cách ghi này nó sẽ giúp cho các bạn là không có bị trống nữa.|Nên là cách ghi này nó sẽ giúp cho các bạn là không có bị trống nữa.
audio_04109|Ê, nhưng mà dừng khoảng trường 2 giây đã nhờ.|Ê, nhưng mà dừng khoảng trường 2 giây đã nhờ.
audio_04110|Trò chám vào đám 12, chẳng xem trò chám cũng hoài mất xuân.|Trò chám vào đám 12, chẳng xem trò chám cũng hoài mất xuân.
audio_04111|Kinh doanh từ việc khai thác.|Kinh doanh từ việc khai thác.
audio_04112|Tăng giá của cuốn sổ tay lên.|Tăng giá của cuốn sổ tay lên.
audio_04113|Từ từ, mình khuấy nhẹ theo 1 chiều.|Từ từ, mình khuấy nhẹ theo 1 chiều.
audio_04114|Cần người hỗ trợ.|Cần người hỗ trợ.
audio_04115|Như tại sao quang phổ bức xạ.|Như tại sao quang phổ bức xạ.
audio_04116|Thì mình truyền qua.|Thì mình truyền qua.
audio_04117|Thì thông thường là anh sẽ gói gọn chung vào một điểm.|Thì thông thường là anh sẽ gói gọn chung vào một điểm.
audio_04118|Xin cảm ơn Miss Lê Khánh Xuân.|Xin cảm ơn Miss Lê Khánh Xuân.
audio_04119|Đúng lúc đó, bỗng có một chiếc xe con lao tới.|Đúng lúc đó, bỗng có một chiếc xe con lao tới.
audio_04120|Hầu hết những ngôi nhà có giá trị trên 250.000 USD đều có thư viện.|Hầu hết những ngôi nhà có giá trị trên 250.000 USD đều có thư viện.
audio_04121|Phần trứng này đầu tiên thì mình đánh tầm 10 phút đó các bạn.|Phần trứng này đầu tiên thì mình đánh tầm 10 phút đó các bạn.
audio_04122|Vì hai người bạn của Lộc đều đậu cả.|Vì hai người bạn của Lộc đều đậu cả.
audio_04123|Dù đã hơn 4 năm trôi qua, cả nhóm vẫn không thể hiểu được tại sao một người yêu đời và tốt bụng như chị Marie lại tự tìm cách kích liễu cuộc đời của chính mình.|Dù đã hơn 4 năm trôi qua, cả nhóm vẫn không thể hiểu được tại sao một người yêu đời và tốt bụng như chị Marie lại tự tìm cách kích liễu cuộc đời của chính mình.
audio_04124|Sau khi nghỉ hè thật vui, tôi trở lại trường và gặp lại những người bạn với những câu chuyện trên trời dưới đất.|Sau khi nghỉ hè thật vui, tôi trở lại trường và gặp lại những người bạn với những câu chuyện trên trời dưới đất.
audio_04125|Chao đặt mua cả một hộp me chanh muối nữa nè.|Chao đặt mua cả một hộp me chanh muối nữa nè.
audio_04126|Trước khi đi sâu vào những ẩn ý của câu chuyện này, hãy cùng điểm qua những diễn biến quan trọng xảy ra trong anime nhé.|Trước khi đi sâu vào những ẩn ý của câu chuyện này, hãy cùng điểm qua những diễn biến quan trọng xảy ra trong anime nhé.
audio_04127|Và tôi lên đường như một tờ giấy trắng, với niềm khát khao được phủ kín, được lấp đầy, được đổi thay.|Và tôi lên đường như một tờ giấy trắng, với niềm khát khao được phủ kín, được lấp đầy, được đổi thay.
audio_04128|Trong công việc thì dự án lớn, dự án nhỏ có những thứ không có liên quan gì tới nó nhưng mà nếu mà được sung phong thì nó vẫn luôn sung phong nhận làm.|Trong công việc thì dự án lớn, dự án nhỏ có những thứ không có liên quan gì tới nó nhưng mà nếu mà được sung phong thì nó vẫn luôn sung phong nhận làm.
audio_04129|Họ cởi áo khoác và mũ, treo lên cây đinh đóng trên tường.|Họ cởi áo khoác và mũ, treo lên cây đinh đóng trên tường.
audio_04130|Những tiếng bước chân đều nhịp trên mặt đất vọng lại từ nơi hàng rào bị hư hỏng.|Những tiếng bước chân đều nhịp trên mặt đất vọng lại từ nơi hàng rào bị hư hỏng.
audio_04131|Địch hoang mang bỏ chạy khỏi căn cứ.|Địch hoang mang bỏ chạy khỏi căn cứ.
audio_04132|Năm nay con đã 35 tuổi.|Năm nay con đã 35 tuổi.
audio_04133|Tác phẩm được dự kiến ra mắt vào 30 tháng 12 tại một số nước trong khu vực châu Á và Bắc Mỹ.|Tác phẩm được dự kiến ra mắt vào 30 tháng 12 tại một số nước trong khu vực châu Á và Bắc Mỹ.
audio_04134|Đây là lần đầu tiên sinh viên của Trường Đại học Ngân hàng TP.HCM được giới thiệu về sự ra đời của tiền tệ, cách phân biệt các loại thẻ, cũng như hiểu rõ hơn việc quản lý tài chính cá nhân, đặc biệt trong bối cảnh tín dụng đen đang hoàn hành.|Đây là lần đầu tiên sinh viên của Trường Đại học Ngân hàng TP.HCM được giới thiệu về sự ra đời của tiền tệ, cách phân biệt các loại thẻ, cũng như hiểu rõ hơn việc quản lý tài chính cá nhân, đặc biệt trong bối cảnh tín dụng đen đang hoàn hành.
audio_04135|Vụ việc gây sóc này đã gây chú ý trên các bản tin buổi tối và được hàng triệu người theo dõi.|Vụ việc gây sóc này đã gây chú ý trên các bản tin buổi tối và được hàng triệu người theo dõi.
audio_04136|Cô ấy đang khỏe mạnh như vậy.|Cô ấy đang khỏe mạnh như vậy.
audio_04137|Đây rõ ràng là màu giấy do thiếu nữ ma kia đã để lại.|Đây rõ ràng là màu giấy do thiếu nữ ma kia đã để lại.
audio_04138|Đếm đủ nhá.|Đếm đủ nhá.
audio_04139|Chúng ta nên trân trọng và tôn vinh gia đình, biết quan tâm và chia sẻ với nhau trong những khoảnh khắc vui vẻ và khó khăn.|Chúng ta nên trân trọng và tôn vinh gia đình, biết quan tâm và chia sẻ với nhau trong những khoảnh khắc vui vẻ và khó khăn.
audio_04140|Thành thật mà nói, đây không phải là điều mà chúng ta có thể chấp nhận như thực tiễn sinh học.|Thành thật mà nói, đây không phải là điều mà chúng ta có thể chấp nhận như thực tiễn sinh học.
audio_04141|Mấy năm đầu lo việc học hành nên chẳng có mấy thời gian, chưa có thành tiệu gì nên cũng chưa dám về gặp ba mẹ.|Mấy năm đầu lo việc học hành nên chẳng có mấy thời gian, chưa có thành tiệu gì nên cũng chưa dám về gặp ba mẹ.
audio_04142|Cơ chế chiến đấu được đánh giá là nhạt và không có gì nổi bật.|Cơ chế chiến đấu được đánh giá là nhạt và không có gì nổi bật.
audio_04143|ADA cũng kêu gọi người dân Mỹ ngay lập tức tới Cairo để thu nhặt lại những đồ thất lạc của mình.|ADA cũng kêu gọi người dân Mỹ ngay lập tức tới Cairo để thu nhặt lại những đồ thất lạc của mình.
audio_04144|Dù đã qua nhiều năm tạm gác vợt.|Dù đã qua nhiều năm tạm gác vợt.
audio_04145|Hả? Đứng lại!|Hả? Đứng lại!
audio_04146|Cho nên những chuyện chép ở trong sử cũng sơ lược lắm.|Cho nên những chuyện chép ở trong sử cũng sơ lược lắm.
audio_04147|Và trên đây là danh sách các sản phẩm kinh doanh đang hot mà blog khởi nghiệp muốn cung cấp cho bạn.|Và trên đây là danh sách các sản phẩm kinh doanh đang hot mà blog khởi nghiệp muốn cung cấp cho bạn.
audio_04148|Khi nhìn hoặc nghe thấy điều gì hay.|Khi nhìn hoặc nghe thấy điều gì hay.
audio_04149|Là một người mẹ, có lẽ bạn sẽ cảm thấy rất khó chịu.|Là một người mẹ, có lẽ bạn sẽ cảm thấy rất khó chịu.
audio_04150|Bạn ôn thi có vất vả không ạ?|Bạn ôn thi có vất vả không ạ?
audio_04151|Bởi vì để nhận biết được liên tục, thì nhận biết phải trở thành thói quen.|Bởi vì để nhận biết được liên tục, thì nhận biết phải trở thành thói quen.
audio_04152|Ta sẽ làm tương tự như thế cho hết lượng tôm còn lại.|Ta sẽ làm tương tự như thế cho hết lượng tôm còn lại.
audio_04153|Em tên gì? Em ở đâu? Em làm nghề gì? Em làm nghề này hả? Tại sao em làm nghề này?|Em tên gì? Em ở đâu? Em làm nghề gì? Em làm nghề này hả? Tại sao em làm nghề này?
audio_04154|Nếu như mà bạn nào thích màu loang á.|Nếu như mà bạn nào thích màu loang á.
audio_04155|Rất rất nhiều các thiên tài trên thế giới đều xuất thân từ gia đình bình thường, với bố và mẹ chỉ có chỉ số y quỳ không hề nổi bật.|Rất rất nhiều các thiên tài trên thế giới đều xuất thân từ gia đình bình thường, với bố và mẹ chỉ có chỉ số y quỳ không hề nổi bật.
audio_04156|Và.|Và.
audio_04157|Viết ra giấy và trả lời các câu hỏi sau.|Viết ra giấy và trả lời các câu hỏi sau.
audio_04158|Nơi rộng nhất khoảng 50cm, nhiều màu sắc, nằm ngay dưới mép tảng đá, hướng xuống dòng nước.|Nơi rộng nhất khoảng 50cm, nhiều màu sắc, nằm ngay dưới mép tảng đá, hướng xuống dòng nước.
audio_04159|Kể cả khi bây giờ chúng ta không còn mặn nồng với nhau nữa.|Kể cả khi bây giờ chúng ta không còn mặn nồng với nhau nữa.
audio_04160|Chẳng ai làm bố đau đớn.|Chẳng ai làm bố đau đớn.
audio_04161|Mất ngủ xuất phát từ việc thiếu kiểm soát tinh thần hoặc thói quen hành động vội vã.|Mất ngủ xuất phát từ việc thiếu kiểm soát tinh thần hoặc thói quen hành động vội vã.
audio_04162|Khi nghe mùi thơm và tỏi săn lại thì mình tiếp tục cho vào 2 muỗng canh sốt tương ớt khoảng 80 gram.|Khi nghe mùi thơm và tỏi săn lại thì mình tiếp tục cho vào 2 muỗng canh sốt tương ớt khoảng 80 gram.
audio_04163|Trong ngày ra quân, Lực lượng Cảnh sát Giao thông đã tổ chức 73 tổ công tác tuần tra kiểm tra xử lý 44 trường hợp lái xe vi phạm nồng độ cồn.|Trong ngày ra quân, Lực lượng Cảnh sát Giao thông đã tổ chức 73 tổ công tác tuần tra kiểm tra xử lý 44 trường hợp lái xe vi phạm nồng độ cồn.
audio_04164|Trên úp một cái bát.|Trên úp một cái bát.
audio_04165|Nước hoa trồn hương có hương thơm đặc trưng, được sử dụng trong nhiều lĩnh vực khác nhau như sản xuất nước hoa, mỹ phẩm, dược phẩm.|Nước hoa trồn hương có hương thơm đặc trưng, được sử dụng trong nhiều lĩnh vực khác nhau như sản xuất nước hoa, mỹ phẩm, dược phẩm.
audio_04166|Mới hôm nay thì Sài Gòn lúc nắng lúc mưa.|Mới hôm nay thì Sài Gòn lúc nắng lúc mưa.
audio_04167|Tiếng gõ cửa trường như lâu lắm mới đánh thức được tôi.|Tiếng gõ cửa trường như lâu lắm mới đánh thức được tôi.
audio_04168|Cơ thể của anh tôi bắt đầu rung lên khi nhận được nguồn năng lượng mới, như thế nó sắp làm anh quá tải vậy.|Cơ thể của anh tôi bắt đầu rung lên khi nhận được nguồn năng lượng mới, như thế nó sắp làm anh quá tải vậy.
audio_04169|Sau đó trộn đều tất cả lên, rồi làm nhuyễn chúng ra.|Sau đó trộn đều tất cả lên, rồi làm nhuyễn chúng ra.
audio_04170|Bạn vừa nghe xong tóm tắt sách 5 ngôn ngữ tình yêu.|Bạn vừa nghe xong tóm tắt sách 5 ngôn ngữ tình yêu.
audio_04171|Rồi dễ dàng cạn kiệt đến tận đáy biết bao, trong cơn khát khao không bao giờ thỏa mãn tìm kiếm cái vô hạn.|Rồi dễ dàng cạn kiệt đến tận đáy biết bao, trong cơn khát khao không bao giờ thỏa mãn tìm kiếm cái vô hạn.
audio_04172|Thấy chuyến dã ngoại này có hữu ích không nào?|Thấy chuyến dã ngoại này có hữu ích không nào?
audio_04173|Đệ có muốn bị phạt nữa không.|Đệ có muốn bị phạt nữa không.
audio_04174|Khi đó thì thành quả phải nói là rất là tuyệt vời.|Khi đó thì thành quả phải nói là rất là tuyệt vời.
audio_04175|Cảm ơn các bạn đã theo dõi video này của Blog Khởi Nghiệp.|Cảm ơn các bạn đã theo dõi video này của Blog Khởi Nghiệp.
audio_04176|Có nghĩa là vẫn chưa có bằng chứng rõ ràng nào.|Có nghĩa là vẫn chưa có bằng chứng rõ ràng nào.
audio_04177|Trong một tuyên bố chung, Mỹ công nhận quan điểm của Trung Quốc rằng chỉ có một Trung Quốc và Đài Loan là một phần của Trung Quốc.|Trong một tuyên bố chung, Mỹ công nhận quan điểm của Trung Quốc rằng chỉ có một Trung Quốc và Đài Loan là một phần của Trung Quốc.
audio_04178|Qua các diễn biến của game, ta biết rằng cậu từng được ba nội của mình tặng cho một món đồ chơi kỳ lạ.|Qua các diễn biến của game, ta biết rằng cậu từng được ba nội của mình tặng cho một món đồ chơi kỳ lạ.
audio_04179|Đàn ông chơi bóng rổ thì cao lên nhờ sự luyện tập và hoạt động thể thao.|Đàn ông chơi bóng rổ thì cao lên nhờ sự luyện tập và hoạt động thể thao.
audio_04180|Bọn mày vừa nói cái gì?|Bọn mày vừa nói cái gì?
audio_04181|Cậu thờ ơ, lười biếng, thậm chí còn nói rằng thà làm kẻ giết người và xuống địa ngục, còn hơn là ở bên người được gọi là cha này.|Cậu thờ ơ, lười biếng, thậm chí còn nói rằng thà làm kẻ giết người và xuống địa ngục, còn hơn là ở bên người được gọi là cha này.
audio_04182|Là những người thành lập công ty.|Là những người thành lập công ty.
audio_04183|Về đại hội thi đua cựu chiến binh gương mẫu tại tỉnh Con Tum lần thứ 7, giai đoạn 2019-2024, tổ chức thành công hội thi tiếng hát cựu chiến binh, tiếp tục triển khai hiệu quả các phong trào thi đua, cuộc vận động do Trung ương và tỉnh phát động.|Về đại hội thi đua cựu chiến binh gương mẫu tại tỉnh Con Tum lần thứ 7, giai đoạn 2019-2024, tổ chức thành công hội thi tiếng hát cựu chiến binh, tiếp tục triển khai hiệu quả các phong trào thi đua, cuộc vận động do Trung ương và tỉnh phát động.
audio_04184|Với mức kinh phí xây dựng dự tính 50 triệu đồng 1 căn nhà từ các nguồn huy động xã hội hóa, tỉnh Đắk Lắc sẽ hỗ trợ khoảng 20 triệu đồng 1 căn nhà, huy động đóng góp từ các nhà hảo tâm, cùng ngày công lao động của các đoàn thể địa phương.|Với mức kinh phí xây dựng dự tính 50 triệu đồng 1 căn nhà từ các nguồn huy động xã hội hóa, tỉnh Đắk Lắc sẽ hỗ trợ khoảng 20 triệu đồng 1 căn nhà, huy động đóng góp từ các nhà hảo tâm, cùng ngày công lao động của các đoàn thể địa phương.
audio_04185|Kiến chúa là giống cái, kiến thợ là giống đực, kiến lính là cái.|Kiến chúa là giống cái, kiến thợ là giống đực, kiến lính là cái.
audio_04186|Các bạn thích đoạn nào?|Các bạn thích đoạn nào?
audio_04187|Với chủ đề tổng thể của trò chơi.|Với chủ đề tổng thể của trò chơi.
audio_04188|Việc thường xuyên áp dụng phương pháp này sẽ có thể nâng cao khả năng điều khiển cảm xúc của mỗi người.|Việc thường xuyên áp dụng phương pháp này sẽ có thể nâng cao khả năng điều khiển cảm xúc của mỗi người.
audio_04189|Người Do Thái thì nên mặc quần vải, cho nó dễ cháy.|Người Do Thái thì nên mặc quần vải, cho nó dễ cháy.
audio_04190|Và cái hương vị cuối.|Và cái hương vị cuối.
audio_04191|Đội Z sau bản thua, buộc phải tìm đường hướng bóng lên phía trên.|Đội Z sau bản thua, buộc phải tìm đường hướng bóng lên phía trên.
audio_04192|Tin cướp trung rảy, con dao rơi xuống, cắm vào mặt đất.|Tin cướp trung rảy, con dao rơi xuống, cắm vào mặt đất.
audio_04193|Bởi vì quán cháo hầu hết phục vụ trẻ nhỏ cho nên việc lựa chọn nguyên liệu trở nên cực kỳ quan trọng.|Bởi vì quán cháo hầu hết phục vụ trẻ nhỏ cho nên việc lựa chọn nguyên liệu trở nên cực kỳ quan trọng.
audio_04194|Hơn 7000 phụ nữ Rồng Trôm.|Hơn 7000 phụ nữ Rồng Trôm.
audio_04195|Đối tượng tham gia là 88 hợp tác xã, 72 tổ hợp tác, hơn 23.800 hộ nông dân và trên 61 doanh nghiệp trong chuỗi liên kết.|Đối tượng tham gia là 88 hợp tác xã, 72 tổ hợp tác, hơn 23.800 hộ nông dân và trên 61 doanh nghiệp trong chuỗi liên kết.
audio_04196|Rồi Tú mắc 6 điểm nha các bạn.|Rồi Tú mắc 6 điểm nha các bạn.
audio_04197|Không có cách nào thoát được đâu.|Không có cách nào thoát được đâu.
audio_04198|Mà chỉ là muốn ngăn không cho người uống nước thôi.|Mà chỉ là muốn ngăn không cho người uống nước thôi.
audio_04199|Cứ lập đi lập lại như thế, lũ cua sẽ thay phiên kéo nhau xuống và không có nào có thể bò ra ngoài cả.|Cứ lập đi lập lại như thế, lũ cua sẽ thay phiên kéo nhau xuống và không có nào có thể bò ra ngoài cả.
audio_04200|Chủ shop cần kết hợp các kênh marketing khác nhau để quảng bá sản phẩm đến khách hàng.|Chủ shop cần kết hợp các kênh marketing khác nhau để quảng bá sản phẩm đến khách hàng.
audio_04201|Hành động 10. Tải sẵn những cuốn sách hay về phát triển bản thân, về chuyên môn bạn cần tìm hiểu hoặc chuyện bạn thích đọc.|Hành động 10. Tải sẵn những cuốn sách hay về phát triển bản thân, về chuyên môn bạn cần tìm hiểu hoặc chuyện bạn thích đọc.
audio_04202|Tuy nhiên, nguyên đoạn video này lại có cách edit khá quê mùa, nhìn như sản phẩm của sinh viên năm 2000.|Tuy nhiên, nguyên đoạn video này lại có cách edit khá quê mùa, nhìn như sản phẩm của sinh viên năm 2000.
audio_04203|Dự án quy tụ Charlie Cox, Vincent D'Onofrio và John Bernthal, những người từng đảm nhiệm vai diễn Daredevil, Kingpin và Punisher trong loạt phim.|Dự án quy tụ Charlie Cox, Vincent D'Onofrio và John Bernthal, những người từng đảm nhiệm vai diễn Daredevil, Kingpin và Punisher trong loạt phim.
audio_04204|Khi một thứ gì đó tạo ra âm thanh nó sẽ tạo ra một làn sóng lan truyền ở trong không khí.|Khi một thứ gì đó tạo ra âm thanh nó sẽ tạo ra một làn sóng lan truyền ở trong không khí.
audio_04205|Trùng hợp thay, hôm nay cũng là ngày rỗ của thị trưởng tiền nhiệm, ông Kameyama.|Trùng hợp thay, hôm nay cũng là ngày rỗ của thị trưởng tiền nhiệm, ông Kameyama.
audio_04206|Cậu hãy cố gắng lên giới gia kia.|Cậu hãy cố gắng lên giới gia kia.
audio_04207|Đại hội tranh luận gây gắt về việc gia nhập quốc tế 3 hay ở lại quốc tế 2, thành lập Đảng Cộng sản hay giữ nguyên Đảng Xã hội.|Đại hội tranh luận gây gắt về việc gia nhập quốc tế 3 hay ở lại quốc tế 2, thành lập Đảng Cộng sản hay giữ nguyên Đảng Xã hội.
audio_04208|Lấy vợ thì phải lựa chọn rất cẩn thận.|Lấy vợ thì phải lựa chọn rất cẩn thận.
audio_04209|Nhiệt độ thấp nhất sáng nay tại Mậu Sơn là hơn 2 độ, Hà Nội 12 độ.|Nhiệt độ thấp nhất sáng nay tại Mậu Sơn là hơn 2 độ, Hà Nội 12 độ.
audio_04210|Nếu có gốc hành trắng, nó lại càng ngon, nhưng mà hông có thì mình có thể thế bằng 80g hành tây, 30g hành tím, hay tép tỏi, 120g cà rốt, với đầy ớt.|Nếu có gốc hành trắng, nó lại càng ngon, nhưng mà hông có thì mình có thể thế bằng 80g hành tây, 30g hành tím, hay tép tỏi, 120g cà rốt, với đầy ớt.
audio_04211|Chắc chắn là có rồi.|Chắc chắn là có rồi.
audio_04212|Vẫn là những câu nói cũ.|Vẫn là những câu nói cũ.
audio_04213|Nó nằm ở vùng phía nam của dãy núi Alps.|Nó nằm ở vùng phía nam của dãy núi Alps.
audio_04214|Cá này đã được cạo vải và làm sạch.|Cá này đã được cạo vải và làm sạch.
audio_04215|Mà cái kịch bản này nó được.|Mà cái kịch bản này nó được.
audio_04216|Thật đã cập đến được thành phố.|Thật đã cập đến được thành phố.
audio_04217|Quỳnh là tiếp nối của Quỳnh đó.|Quỳnh là tiếp nối của Quỳnh đó.
audio_04218|Cho các gia vị thơm vào nồi luôn nè.|Cho các gia vị thơm vào nồi luôn nè.
audio_04219|Trong khi đó Pháp chỉ có 30 sư đoàn.|Trong khi đó Pháp chỉ có 30 sư đoàn.
audio_04220|Có thật hay không?|Có thật hay không?
audio_04221|Con Skibidi chân nhện cũng tái xuất trong tập 50.|Con Skibidi chân nhện cũng tái xuất trong tập 50.
audio_04222|Khi kết thúc sẽ đập kiếm một phát cực mạnh gây sát thương diện rộng và thổi bay mọi mục tiêu đứng trong tầm ảnh hưởng.|Khi kết thúc sẽ đập kiếm một phát cực mạnh gây sát thương diện rộng và thổi bay mọi mục tiêu đứng trong tầm ảnh hưởng.
audio_04223|Chỉ số khối lượng xương cao không nhất thiết đồng nghĩa với xương khỏe mạnh hơn mà lại gợi ý rằng những phụ nữ có khối lượng xương cao nhất là những người tiêu hóa và bổ sung nhiều canxi nhất và do đó có xu hướng thừa canxi ở mức cao nhất.|Chỉ số khối lượng xương cao không nhất thiết đồng nghĩa với xương khỏe mạnh hơn mà lại gợi ý rằng những phụ nữ có khối lượng xương cao nhất là những người tiêu hóa và bổ sung nhiều canxi nhất và do đó có xu hướng thừa canxi ở mức cao nhất.
audio_04224|Khi các bạn phát âm cái chữ six, các bạn tưởng tượng nó có hai phần. Một là cái phần six. Cái song này chặn cái cổ lại.|Khi các bạn phát âm cái chữ six, các bạn tưởng tượng nó có hai phần. Một là cái phần six. Cái song này chặn cái cổ lại.
audio_04225|Thay đổi cơ thể.|Thay đổi cơ thể.
audio_04226|Vậy hành trình của Lazada như thế nào từ lúc xưng bá tại Việt Nam cho đến khi bị các đối thủ lớn ác?|Vậy hành trình của Lazada như thế nào từ lúc xưng bá tại Việt Nam cho đến khi bị các đối thủ lớn ác?
audio_04227|Tương tự như vậy.|Tương tự như vậy.
audio_04228|Để rồi sau đó, hàng loạt những dị giáo khác cũng đã ra đời.|Để rồi sau đó, hàng loạt những dị giáo khác cũng đã ra đời.
audio_04229|Ấy vậy mà, con người trong xã hội, hiện đại, dường như xa rời, và không muốn dành chỗ cho thứ xúc cảm của chung, rớt đổi con người này.|Ấy vậy mà, con người trong xã hội, hiện đại, dường như xa rời, và không muốn dành chỗ cho thứ xúc cảm của chung, rớt đổi con người này.
audio_04230|Tiếp theo là nữ hoàng Bocellina.|Tiếp theo là nữ hoàng Bocellina.
audio_04231|Cũng như trong quá trình mình nấu mình chở bề nó cũng sẽ dễ.|Cũng như trong quá trình mình nấu mình chở bề nó cũng sẽ dễ.
audio_04232|Đòi nghe theo lời thầy.|Đòi nghe theo lời thầy.
audio_04233|Nếu chai được đổ đầy nước, khi ta nghiêng với một góc nghiêng chưa đến 20 độ, thì chai nước đã bị ngã ngay lập tức.|Nếu chai được đổ đầy nước, khi ta nghiêng với một góc nghiêng chưa đến 20 độ, thì chai nước đã bị ngã ngay lập tức.
audio_04234|Một người không biết gì về Bitcoin và người chứng minh sự thật đó bằng cách đưa ra những nhận xét vô lý về nó.|Một người không biết gì về Bitcoin và người chứng minh sự thật đó bằng cách đưa ra những nhận xét vô lý về nó.
audio_04235|Nhưng có thể thấy, thần chưa hề cho phép Đảng Cộng sản Trung Quốc thực sự đứng dậy.|Nhưng có thể thấy, thần chưa hề cho phép Đảng Cộng sản Trung Quốc thực sự đứng dậy.
audio_04236|Sau một hồi chiến đấu với con quỷ, John không thể trục xuất nó và thấy là con quỷ cũng kịp bỏ trốn vào rừng.|Sau một hồi chiến đấu với con quỷ, John không thể trục xuất nó và thấy là con quỷ cũng kịp bỏ trốn vào rừng.
audio_04237|Về phần như ý, trước giờ cho dù là bất kỳ chuyện gì xảy ra, nàng đều có thể thông cảm cho Hoàng thượng.|Về phần như ý, trước giờ cho dù là bất kỳ chuyện gì xảy ra, nàng đều có thể thông cảm cho Hoàng thượng.
audio_04238|Bà ký hai mắt nhắm mắt mở.|Bà ký hai mắt nhắm mắt mở.
audio_04239|Đó là các bạn sợ những buổi tập.|Đó là các bạn sợ những buổi tập.
audio_04240|Lời khai từ nhân viên dọn nhà.|Lời khai từ nhân viên dọn nhà.
audio_04241|Ấy vậy nhưng ngoái hoàm ở chỗ, chính Adam lại là người đầu tiên nhận ra sai lầm trong toàn bộ việc làm của mình.|Ấy vậy nhưng ngoái hoàm ở chỗ, chính Adam lại là người đầu tiên nhận ra sai lầm trong toàn bộ việc làm của mình.
audio_04242|Cả vùng biển khác, thời tiết khả thuận lợi cho các hoạt động trên biển.|Cả vùng biển khác, thời tiết khả thuận lợi cho các hoạt động trên biển.
audio_04243|Báo cáo của Cục Thể dục Thể thao cũng đề cập đến việc thu các khoản quỹ ngoài quy định của Ban Huấn luyện Đội tuyển Thể dục Dụng cụ Quốc gia, Cục yêu cầu chấm dắt sự tồn tại, hoạt động của tất cả các quỹ này.|Báo cáo của Cục Thể dục Thể thao cũng đề cập đến việc thu các khoản quỹ ngoài quy định của Ban Huấn luyện Đội tuyển Thể dục Dụng cụ Quốc gia, Cục yêu cầu chấm dắt sự tồn tại, hoạt động của tất cả các quỹ này.
audio_04244|Nhiệm vụ của công trình là điều tiết nguồn nước phục vụ sinh hoạt và sản xuất, đảm bảo công tác vận hành tốt nhất, bảo vệ mùa màng, diện tích sản xuất và sinh kế của bà con.|Nhiệm vụ của công trình là điều tiết nguồn nước phục vụ sinh hoạt và sản xuất, đảm bảo công tác vận hành tốt nhất, bảo vệ mùa màng, diện tích sản xuất và sinh kế của bà con.
audio_04245|Để rồi Charlie, 9 đứa trẻ lớn lên trong máy ấm không trọn vẹn đó đã mang theo một nỗi ám ảnh tinh thần về những cách ứng xử thô bạo của bố mẹ với nhau và phải chấp nhận 20 năm tù tội.|Để rồi Charlie, 9 đứa trẻ lớn lên trong máy ấm không trọn vẹn đó đã mang theo một nỗi ám ảnh tinh thần về những cách ứng xử thô bạo của bố mẹ với nhau và phải chấp nhận 20 năm tù tội.
audio_04246|Năm nay, tỉnh Lạng Sơn phát động hưởng ứng mặc trang phục dân tập và tham gia dự thi chia sẻ ảnh và video ngắn khoảnh khắc đẹp với trang phục dân tập tỉnh Lạng Sơn từ ngày 30 tháng 1 đến ngày 10 tháng 3 tới.|Năm nay, tỉnh Lạng Sơn phát động hưởng ứng mặc trang phục dân tập và tham gia dự thi chia sẻ ảnh và video ngắn khoảnh khắc đẹp với trang phục dân tập tỉnh Lạng Sơn từ ngày 30 tháng 1 đến ngày 10 tháng 3 tới.
audio_04247|Dạ họ là dân bản địa, có vẻ như có rất nhiều thức ăn.|Dạ họ là dân bản địa, có vẻ như có rất nhiều thức ăn.
audio_04248|Thực tế mọi cuộc cách mạng trên đời này đều chỉ bắt đầu nhờ bước tiến khổng lồ từ không thành có mà thôi. Giải phóng nô lệ không là gì, ngoài bước tiến từ không áp dụng nhân quyền thành có áp dụng nhân quyền cho nô lệ.|Thực tế mọi cuộc cách mạng trên đời này đều chỉ bắt đầu nhờ bước tiến khổng lồ từ không thành có mà thôi. Giải phóng nô lệ không là gì, ngoài bước tiến từ không áp dụng nhân quyền thành có áp dụng nhân quyền cho nô lệ.
audio_04249|Dù bạn biết gãi sẽ bị xước, sẽ bị nhiễm trùng, mà bạn vẫn cứ phải gãi.|Dù bạn biết gãi sẽ bị xước, sẽ bị nhiễm trùng, mà bạn vẫn cứ phải gãi.
audio_04250|Hắn chưa nổi điên.|Hắn chưa nổi điên.
audio_04251|Từ đó có thể khai thác thông tin từ Gideon để bắt thợ xẻ thật.|Từ đó có thể khai thác thông tin từ Gideon để bắt thợ xẻ thật.
audio_04252|Lên thuyết trình. Chào hàng đó.|Lên thuyết trình. Chào hàng đó.
audio_04253|Lee Byung-chun cũng như nhiều doanh nhân Hàn thức thời khác nhân cơ hội tiếp quản từ đó thành lập nhà máy tinh chế đường Cheo Jae-dang tiền thân của tập đoàn thực phẩm CJ hiện nay.|Lee Byung-chun cũng như nhiều doanh nhân Hàn thức thời khác nhân cơ hội tiếp quản từ đó thành lập nhà máy tinh chế đường Cheo Jae-dang tiền thân của tập đoàn thực phẩm CJ hiện nay.
audio_04254|Vì cậu hiểu gia đình chẳng đủ ăn, tấm vé có thể đánh đổi chuyến tham quan nhà máy, hoặc số tiền có thể nuôi sống gia đình cậu.|Vì cậu hiểu gia đình chẳng đủ ăn, tấm vé có thể đánh đổi chuyến tham quan nhà máy, hoặc số tiền có thể nuôi sống gia đình cậu.
audio_04255|Thì mức độ nghiêm trọng cũng không bao giờ đáng kể.|Thì mức độ nghiêm trọng cũng không bao giờ đáng kể.
audio_04256|Quy Chí đánh phần bản chữ cái.|Quy Chí đánh phần bản chữ cái.
audio_04257|Ví dụ như trong Mortal Kombat, nếu các màn Fatality rất tạm bạo nhưng nhìn chung khá viễn tưởng so với thực tế, thì ở Fiend Hunger, chúng vừa giữ được sự khốc liệt lại vừa có cả tính chân thực, bám sát với bối cảnh chung cổ.|Ví dụ như trong Mortal Kombat, nếu các màn Fatality rất tạm bạo nhưng nhìn chung khá viễn tưởng so với thực tế, thì ở Fiend Hunger, chúng vừa giữ được sự khốc liệt lại vừa có cả tính chân thực, bám sát với bối cảnh chung cổ.
audio_04258|Chỉ muốn nước lọc thôi.|Chỉ muốn nước lọc thôi.
audio_04259|Từ nhỏ, Kong đã phải chứng kiến cảnh cha mẹ bị kẻ xấu giết chết, và bắt đầu nuôi mộng trả thù.|Từ nhỏ, Kong đã phải chứng kiến cảnh cha mẹ bị kẻ xấu giết chết, và bắt đầu nuôi mộng trả thù.
audio_04260|Trước khi chuyển vào đây thì họ còn tính thuê căn hộ nào ở gần sông Hồ để xuống tắm cờ.|Trước khi chuyển vào đây thì họ còn tính thuê căn hộ nào ở gần sông Hồ để xuống tắm cờ.
audio_04261|Bức tranh kinh tế xã hội tỉnh nhà được tô điểm với những gam màu tươi sáng.|Bức tranh kinh tế xã hội tỉnh nhà được tô điểm với những gam màu tươi sáng.
audio_04262|Ông ta nói.|Ông ta nói.
audio_04263|Mới vào thì nó sẽ tìm đủ mọi cách để mời chào người ta đi chạy xe ôm công nghệ.|Mới vào thì nó sẽ tìm đủ mọi cách để mời chào người ta đi chạy xe ôm công nghệ.
audio_04264|Sau khi rời khỏi trại cai nghiện, cô nàng vẫn tiếp tục ngựa quen đường cũ và lợi dụng viên pha lê Asmodean để tới thế giới người sống tìm người cung cấp thuốc.|Sau khi rời khỏi trại cai nghiện, cô nàng vẫn tiếp tục ngựa quen đường cũ và lợi dụng viên pha lê Asmodean để tới thế giới người sống tìm người cung cấp thuốc.
audio_04265|Nhưng vẫn tồn tại những điều phi thường để chúng ta khám phá trong cuộc sống bình thường.|Nhưng vẫn tồn tại những điều phi thường để chúng ta khám phá trong cuộc sống bình thường.
audio_04266|Và mỗi khách hàng câu được một con cá sẽ phải trả 20.000 Yên để họ có thêm may mắn và sớm thành công.|Và mỗi khách hàng câu được một con cá sẽ phải trả 20.000 Yên để họ có thêm may mắn và sớm thành công.
audio_04267|Đấy là một cái mà Sun đang nói là.|Đấy là một cái mà Sun đang nói là.
audio_04268|Đúng, ta thật sự có ý đó đấy, School nói.|Đúng, ta thật sự có ý đó đấy, School nói.
audio_04269|Ngay cả thế tôi sẽ thấy thoải mái hơn nếu tận mắt nhìn thấy câu trả lời của bà kiểm tra. Cuối cùng việc tôi có được việc làm sẽ khiến tôi hào phóng hơn với người đã giúp tôi. Vậy nên tôi sẽ cố gắng hết sức mình. Anh theo tôi chứ?|Ngay cả thế tôi sẽ thấy thoải mái hơn nếu tận mắt nhìn thấy câu trả lời của bà kiểm tra. Cuối cùng việc tôi có được việc làm sẽ khiến tôi hào phóng hơn với người đã giúp tôi. Vậy nên tôi sẽ cố gắng hết sức mình. Anh theo tôi chứ?
audio_04270|So sánh chiều cao.|So sánh chiều cao.
audio_04271|Chúng là những đứa trẻ ngoại ô bình thường.|Chúng là những đứa trẻ ngoại ô bình thường.
audio_04272|Và đừng quên like, share cũng như subscribe cho phe game để đón xem những video mới nhất từ chúng mình nhé.|Và đừng quên like, share cũng như subscribe cho phe game để đón xem những video mới nhất từ chúng mình nhé.
audio_04273|Quý vị thân mến, những hiện tượng kỳ lạ này có thể được giải thích theo nhiều cách khác nhau.|Quý vị thân mến, những hiện tượng kỳ lạ này có thể được giải thích theo nhiều cách khác nhau.
audio_04274|Tiếp theo là đầu đốt có bộ phận điều chỉnh này.|Tiếp theo là đầu đốt có bộ phận điều chỉnh này.
audio_04275|Từ kết quả đạt được, huyện tiếp tục nhân rộng diện tích, định hướng phát triển lúa nước theo hướng bền vững cho người dân địa phương.|Từ kết quả đạt được, huyện tiếp tục nhân rộng diện tích, định hướng phát triển lúa nước theo hướng bền vững cho người dân địa phương.
audio_04276|Thế mà kiểu gì nhá.|Thế mà kiểu gì nhá.
audio_04277|Nắng sớm hãng còn yêu ớt, những giọt sương long lanh còn động lại trên lá cỏ, trồng suốt như viên pha lê, chặt mấy chóc làm ướt gấu quần.|Nắng sớm hãng còn yêu ớt, những giọt sương long lanh còn động lại trên lá cỏ, trồng suốt như viên pha lê, chặt mấy chóc làm ướt gấu quần.
audio_04278|Thái tử.|Thái tử.
audio_04279|Bất cứ khi nào bạn e ngại.|Bất cứ khi nào bạn e ngại.
audio_04280|Thì mình sẽ quay lại và mình nấu nha.|Thì mình sẽ quay lại và mình nấu nha.
audio_04281|Vì tôi trực tiếp lao lên đánh chứ không phải trốn hèn trốn hạ nữa.|Vì tôi trực tiếp lao lên đánh chứ không phải trốn hèn trốn hạ nữa.
audio_04282|Chặt bấy chốc, vặt áo đầy ụ cánh hoa.|Chặt bấy chốc, vặt áo đầy ụ cánh hoa.
audio_04283|Kính chào quý vị và các bạn.|Kính chào quý vị và các bạn.
audio_04284|Và tôi rất cảm thấy rất là tự hào khi được mặc trên mình một bộ quần áo Tày bằng tràm như thế này.|Và tôi rất cảm thấy rất là tự hào khi được mặc trên mình một bộ quần áo Tày bằng tràm như thế này.
audio_04285|Anh nhanh chóng quay lại để phát hiện Alice đã rời xuống hồ.|Anh nhanh chóng quay lại để phát hiện Alice đã rời xuống hồ.
audio_04286|Sau khi sinh cháu thứ ba, trong một lần bị đột quỵ, chị Lan đã mất đi khả năng nghe.|Sau khi sinh cháu thứ ba, trong một lần bị đột quỵ, chị Lan đã mất đi khả năng nghe.
audio_04287|Tôi biết rằng số tiền đó nhiều hơn một chút so với ngân sách của anh.|Tôi biết rằng số tiền đó nhiều hơn một chút so với ngân sách của anh.
audio_04288|Phòng tuyến của Ukraine tại bờ nam gần như đã không còn nữa.|Phòng tuyến của Ukraine tại bờ nam gần như đã không còn nữa.
audio_04289|Mẹ tôi là người đã sẵn sàng nói chuyện với tôi.|Mẹ tôi là người đã sẵn sàng nói chuyện với tôi.
audio_04290|Hẹn gặp lại quý vị và các bạn trong chương mục sức khỏe cho mọi người kì sau.|Hẹn gặp lại quý vị và các bạn trong chương mục sức khỏe cho mọi người kì sau.
audio_04291|Gần đây, để giảm thiểu chi phí cho quy trình này, biêu điện thử nghiệm một giải pháp mới.|Gần đây, để giảm thiểu chi phí cho quy trình này, biêu điện thử nghiệm một giải pháp mới.
audio_04292|Anh còn phải vượt qua rắc rối từ đời sống cá nhân.|Anh còn phải vượt qua rắc rối từ đời sống cá nhân.
audio_04293|Thì các bạn thấy những cái chữ không nó chán đúng không.|Thì các bạn thấy những cái chữ không nó chán đúng không.
audio_04294|Đây là những cái nội dung mà đã được tôi chọn lọc để truyền tặng ấy dựa theo cái cấu trúc của khóa học.|Đây là những cái nội dung mà đã được tôi chọn lọc để truyền tặng ấy dựa theo cái cấu trúc của khóa học.
audio_04295|Và bảo Nanako cứ tự do thoải mái mà sống.|Và bảo Nanako cứ tự do thoải mái mà sống.
audio_04296|Vào ngày 18 tháng 8, và phải đến 9h15 phút tối ngày 22 tháng 8, anh ấy mới bắt đầu sản xuất tập 58, nghĩa là Đà Phúc Buồn nghỉ ngơi tổng cộng 4 ngày.|Vào ngày 18 tháng 8, và phải đến 9h15 phút tối ngày 22 tháng 8, anh ấy mới bắt đầu sản xuất tập 58, nghĩa là Đà Phúc Buồn nghỉ ngơi tổng cộng 4 ngày.
audio_04297|Đó là trong môi trường công sở.|Đó là trong môi trường công sở.
audio_04298|Khi những người theo đạo tin lành nói rằng.|Khi những người theo đạo tin lành nói rằng.
audio_04299|Mình cứ nói là.|Mình cứ nói là.
audio_04300|Thôi cháu đang bội, chào ông cháu về ạ.|Thôi cháu đang bội, chào ông cháu về ạ.
audio_04301|Để tìm ra hung thủ thật sự.|Để tìm ra hung thủ thật sự.
audio_04302|Đang được khử diệt.|Đang được khử diệt.
audio_04303|Một cư dân của bộ tộc hướng nước lên để uống, hành động đã thu hút sự chú ý của chú chim sắc màu, rồi bất chợt kéo theo quá trình sụp đổ của hang động.|Một cư dân của bộ tộc hướng nước lên để uống, hành động đã thu hút sự chú ý của chú chim sắc màu, rồi bất chợt kéo theo quá trình sụp đổ của hang động.
audio_04304|Bắt cá thì phải lựa.|Bắt cá thì phải lựa.
audio_04305|Vừa chuyển đi vừa nhìn nó.|Vừa chuyển đi vừa nhìn nó.
audio_04306|Đây cũng là tên của con chó ba đầu được Hades giao nhiệm vụ canh giữ cánh cổng địa ngục.|Đây cũng là tên của con chó ba đầu được Hades giao nhiệm vụ canh giữ cánh cổng địa ngục.
audio_04307|Tuy nhiên, nếu bạn bắt đầu nhân đôi số 9, nó sẽ luôn dẫn đến kết quả là 9 theo cách tính tương tự.|Tuy nhiên, nếu bạn bắt đầu nhân đôi số 9, nó sẽ luôn dẫn đến kết quả là 9 theo cách tính tương tự.
audio_04308|Và nó có thể chính là điều mà ông Zelensky nhắc đến trong bài phỏng vấn của ông ở đầu video mà ta vừa cùng thảo luận.|Và nó có thể chính là điều mà ông Zelensky nhắc đến trong bài phỏng vấn của ông ở đầu video mà ta vừa cùng thảo luận.
audio_04309|Mình yêu anh vì anh nghèo tiền bạc, nhưng lại siêu giàu ý chí, lúc thân phận bị phanh vui, anh cũng chóng ngợp lắm.|Mình yêu anh vì anh nghèo tiền bạc, nhưng lại siêu giàu ý chí, lúc thân phận bị phanh vui, anh cũng chóng ngợp lắm.
audio_04310|Nhưng mà phía sau thì tởm quá tởm.|Nhưng mà phía sau thì tởm quá tởm.
audio_04311|Tại miền Trung, vùng thấp nóng phía Tây được dự báo là có yếu đi, nhưng chưa nhiều.|Tại miền Trung, vùng thấp nóng phía Tây được dự báo là có yếu đi, nhưng chưa nhiều.
audio_04312|Chua hơn cả cái quả trứng sữa này mọi người ạ.|Chua hơn cả cái quả trứng sữa này mọi người ạ.
audio_04313|Tôi được học hỏi từ họ.|Tôi được học hỏi từ họ.
audio_04314|Lúc đầu, Jeff tỏ ra không mấy thích thú.|Lúc đầu, Jeff tỏ ra không mấy thích thú.
audio_04315|Tuy nhiên theo tôi thấy thì sự ấn tượng mà Phantom Foxy đem lại vẫn chưa đủ mạnh.|Tuy nhiên theo tôi thấy thì sự ấn tượng mà Phantom Foxy đem lại vẫn chưa đủ mạnh.
audio_04316|Khi vào thị trấn, cậu cố bước qua thật nhanh, thậm chí còn không nhìn vào xưởng.|Khi vào thị trấn, cậu cố bước qua thật nhanh, thậm chí còn không nhìn vào xưởng.
audio_04317|Câu hỏi số 15.|Câu hỏi số 15.
audio_04318|Còn tại Lào Cai, lực lượng chức năng chịu phát hiện bắt giữ đối tượng chàng thị máy 28 tuổi trú tại quyện Mường Khương khi nữ quán này đang lái xe máy dẫn chuyển trái phép 120.000 chiên ma túy tổng hợp để đi giao cho khách ở thành phố Lào Cai.|Còn tại Lào Cai, lực lượng chức năng chịu phát hiện bắt giữ đối tượng chàng thị máy 28 tuổi trú tại quyện Mường Khương khi nữ quán này đang lái xe máy dẫn chuyển trái phép 120.000 chiên ma túy tổng hợp để đi giao cho khách ở thành phố Lào Cai.
audio_04319|Từ đó cho đến giữa tuổi thiếu niên.|Từ đó cho đến giữa tuổi thiếu niên.
audio_04320|Đu đủ mà mềm thì khi ra thành phẩm sẽ không có được ngon.|Đu đủ mà mềm thì khi ra thành phẩm sẽ không có được ngon.
audio_04321|Không, tôi sẽ không gọi đó là không còn ảo tưởng, thứ dẫn đến tuyệt vọng và hoài nghi.|Không, tôi sẽ không gọi đó là không còn ảo tưởng, thứ dẫn đến tuyệt vọng và hoài nghi.
audio_04322|Giám đốc điều hành được trả lương thấp nhất trong ngành tài chính Mỹ năm 2007 là James E. Kane của Bear Stearns, người được trả 690,757 đô la, một sự sụt giảm nghiêm trọng so với gần 290 triệu đô la mà ông kiếm được trong 9 năm trước đó.|Giám đốc điều hành được trả lương thấp nhất trong ngành tài chính Mỹ năm 2007 là James E. Kane của Bear Stearns, người được trả 690,757 đô la, một sự sụt giảm nghiêm trọng so với gần 290 triệu đô la mà ông kiếm được trong 9 năm trước đó.
audio_04323|Lúc này thì mình thấy là đang có một vùng kháng cự nhỏ tại đây này.|Lúc này thì mình thấy là đang có một vùng kháng cự nhỏ tại đây này.
audio_04324|Trong những ngày trước khi quan niệm về thương hiệu bị đảo ngược.|Trong những ngày trước khi quan niệm về thương hiệu bị đảo ngược.
audio_04325|Theo giáo sư Trương, nếu Trung Quốc có dấu hiệu tấn công Đài Loan xảy ra.|Theo giáo sư Trương, nếu Trung Quốc có dấu hiệu tấn công Đài Loan xảy ra.
audio_04326|Nhưng đó không phải là mẹ tôi.|Nhưng đó không phải là mẹ tôi.
audio_04327|Liệu có phải, người đàn ông che mặt kia là chủ nhân của chiếc hộp này?|Liệu có phải, người đàn ông che mặt kia là chủ nhân của chiếc hộp này?
audio_04328|Làm đạo rễ con.|Làm đạo rễ con.
audio_04329|Mọi tế bào hẳn đều có ý thức, không chỉ tế bào não.|Mọi tế bào hẳn đều có ý thức, không chỉ tế bào não.
audio_04330|Sách đã xuất bản.|Sách đã xuất bản.
audio_04331|Đây là cái đống xốp mà chúng tôi xử lý.|Đây là cái đống xốp mà chúng tôi xử lý.
audio_04332|Thấy một bó thư.|Thấy một bó thư.
audio_04333|Nếu như bệnh lý này xâm nhập vào tạng nào thì sẽ làm tổn thương các cái tạng đó.|Nếu như bệnh lý này xâm nhập vào tạng nào thì sẽ làm tổn thương các cái tạng đó.
audio_04334|Ước tính tổng giao dịch trong các tài khoản ngân hàng mà đối tượng sử dụng khoảng 8 tỷ đồng.|Ước tính tổng giao dịch trong các tài khoản ngân hàng mà đối tượng sử dụng khoảng 8 tỷ đồng.
audio_04335|Không có tác dụng gì.|Không có tác dụng gì.
audio_04336|So với tháp cổng và tháp lửa.|So với tháp cổng và tháp lửa.
audio_04337|Tức là khi mà ngân hàng cho vay, thì họ phải thẩm định phương án vay vốn, phương án đầu tư của khách hàng, rồi họ phải thẩm định khách hàng, xem khách hàng này có uy tín hay không, có đáng để chúng ta cho vay hay không.|Tức là khi mà ngân hàng cho vay, thì họ phải thẩm định phương án vay vốn, phương án đầu tư của khách hàng, rồi họ phải thẩm định khách hàng, xem khách hàng này có uy tín hay không, có đáng để chúng ta cho vay hay không.
audio_04338|Bệnh đậu mùa.|Bệnh đậu mùa.
audio_04339|Tối ngày 28 tháng 2, Tùa đêm Ngọc Sơn, đêm huyền bí đã chính thức được mở để phục vụ nhu cầu thăm quan của du khách trong và ngoài nước.|Tối ngày 28 tháng 2, Tùa đêm Ngọc Sơn, đêm huyền bí đã chính thức được mở để phục vụ nhu cầu thăm quan của du khách trong và ngoài nước.
audio_04340|Nó là tổng số tiền để sản xuất và bán ra một sản phẩm.|Nó là tổng số tiền để sản xuất và bán ra một sản phẩm.
audio_04341|Điều mà dân muốn bởi thế ban cho.|Điều mà dân muốn bởi thế ban cho.
audio_04342|Thì trong này là cái giương của mình.|Thì trong này là cái giương của mình.
audio_04343|Tuấn Anh ngồi viết phiếu biên tập chét miệng.|Tuấn Anh ngồi viết phiếu biên tập chét miệng.
audio_04344|Cách gì?|Cách gì?
audio_04345|Nơi có những món ngon lọt vào thớp 100 món ăn và quà tặng đặc sản Việt Nam.|Nơi có những món ngon lọt vào thớp 100 món ăn và quà tặng đặc sản Việt Nam.
audio_04346|Trong đó, 10 ô tô của khách hàng đang sửa tại gara bị cháy, 3 xe bị cháy toàn bộ, tổng thiệt hại khoảng 10 tỷ đồng.|Trong đó, 10 ô tô của khách hàng đang sửa tại gara bị cháy, 3 xe bị cháy toàn bộ, tổng thiệt hại khoảng 10 tỷ đồng.
audio_04347|Thật đáng tiếc là khi đến 40, 50 tuổi mới nhận ra mình thiếu năng lực này thì đã muộn rồi.|Thật đáng tiếc là khi đến 40, 50 tuổi mới nhận ra mình thiếu năng lực này thì đã muộn rồi.
audio_04348|Từ đó mà chúng ta có phần game ruin như thời điểm hiện tại.|Từ đó mà chúng ta có phần game ruin như thời điểm hiện tại.
audio_04349|Và thuyết phục lại là chuyện khác.|Và thuyết phục lại là chuyện khác.
audio_04350|Và tôi.|Và tôi.
audio_04351|Thưa quý vị, trong tháng 10, nhiều địa phương trên cả nước đã ghi nhận lượng mưa ngày vượt kỷ lục.|Thưa quý vị, trong tháng 10, nhiều địa phương trên cả nước đã ghi nhận lượng mưa ngày vượt kỷ lục.
audio_04352|Trong khi đó, thế thần, người duy nhất có thể điều khiển cả bốn nguyên tố, đã biến mất trong 100 năm.|Trong khi đó, thế thần, người duy nhất có thể điều khiển cả bốn nguyên tố, đã biến mất trong 100 năm.
audio_04353|Không có thì bạn có thể thay thế bằng một muỗng canh tương ớt hoặc là tương cà.|Không có thì bạn có thể thay thế bằng một muỗng canh tương ớt hoặc là tương cà.
audio_04354|Nghĩa là nếu cô Hoa sinh con gái thì bà Phương và cô Hoa sẽ tráo đứa bé trai khác.|Nghĩa là nếu cô Hoa sinh con gái thì bà Phương và cô Hoa sẽ tráo đứa bé trai khác.
audio_04355|Thì hãy tập trung vào việc kết bạn với người khác.|Thì hãy tập trung vào việc kết bạn với người khác.
audio_04356|Cô bé thật đáng yêu khi tặng kẹo cho người cảnh sát.|Cô bé thật đáng yêu khi tặng kẹo cho người cảnh sát.
audio_04357|Trong phân tích mới nhất của mình.|Trong phân tích mới nhất của mình.
audio_04358|Chúc các bạn thành công với món bánh này.|Chúc các bạn thành công với món bánh này.
audio_04359|Lúc đầu cũng nửa nghi nửa ngờ, vì một bài thơ thì làm sao mà giết người được.|Lúc đầu cũng nửa nghi nửa ngờ, vì một bài thơ thì làm sao mà giết người được.
audio_04360|Chuyện đã đến nước này, buộc Rin phải can thiệp.|Chuyện đã đến nước này, buộc Rin phải can thiệp.
audio_04361|Tôi đã thực hiện phân tích chi tiết về thị trường bông trong suốt thời kỳ hậu thế chiến thứ hai.|Tôi đã thực hiện phân tích chi tiết về thị trường bông trong suốt thời kỳ hậu thế chiến thứ hai.
audio_04362|Chúng ta phải mạnh mẽ sắc bén như vậy.|Chúng ta phải mạnh mẽ sắc bén như vậy.
audio_04363|Cố gắng để nhìn xem nếu có gì đó thực sự là không ổn ở đây không.|Cố gắng để nhìn xem nếu có gì đó thực sự là không ổn ở đây không.
audio_04364|Tìm việc trong thời bình thường.|Tìm việc trong thời bình thường.
audio_04365|Giáo sư Tôn Thất Tùng, Thứ trưởng Bộ Y tế, Cố vấn Phẫu thuật ngành quân y Bộ Quốc phòng.|Giáo sư Tôn Thất Tùng, Thứ trưởng Bộ Y tế, Cố vấn Phẫu thuật ngành quân y Bộ Quốc phòng.
audio_04366|Phần nước rất là trong luôn không hề bị đục nè.|Phần nước rất là trong luôn không hề bị đục nè.
audio_04367|Theo hội đồng xét xử, hành vi trên của các bị cáo là nguy hiểm cho xã hội, xâm phạm đến các quy định của nhà nước về quản lý hành chính trong lĩnh vực giao thông, gây ảnh hưởng đến tình hình trật tự an toàn giao thông.|Theo hội đồng xét xử, hành vi trên của các bị cáo là nguy hiểm cho xã hội, xâm phạm đến các quy định của nhà nước về quản lý hành chính trong lĩnh vực giao thông, gây ảnh hưởng đến tình hình trật tự an toàn giao thông.
audio_04368|Nghe nó hay.|Nghe nó hay.
audio_04369|Sun đang nói những cái, tí nữa Sun sẽ nói cái hay của Hà Nội cho các bạn nghe nhé.|Sun đang nói những cái, tí nữa Sun sẽ nói cái hay của Hà Nội cho các bạn nghe nhé.
audio_04370|Cho nên nếu như các bạn không có vướng bận gì thì mình khuyên các bạn vẫn nên cập nhật iOS 17.1.2 hay là iPadOS 17.1.2 ở thời điểm hiện tại luôn để mà tránh những lỗi đó.|Cho nên nếu như các bạn không có vướng bận gì thì mình khuyên các bạn vẫn nên cập nhật iOS 17.1.2 hay là iPadOS 17.1.2 ở thời điểm hiện tại luôn để mà tránh những lỗi đó.
audio_04371|Trước đây chúng con rất hòa hợp, trò chuyện vui vẻ, đồng thâm nhất trí.|Trước đây chúng con rất hòa hợp, trò chuyện vui vẻ, đồng thâm nhất trí.
audio_04372|Nhiều lỗi chúng ta mắc phải là do cách sử dụng ngôn ngữ.|Nhiều lỗi chúng ta mắc phải là do cách sử dụng ngôn ngữ.
audio_04373|Hiện tại, chúng đang sinh sống tại thông lũng dành cho những kẻ chết đói.|Hiện tại, chúng đang sinh sống tại thông lũng dành cho những kẻ chết đói.
audio_04374|Đâm ra buồn cười.|Đâm ra buồn cười.
audio_04375|Mẹ nghe những lời nói của tôi mà trong lòng nổi giận.|Mẹ nghe những lời nói của tôi mà trong lòng nổi giận.
audio_04376|Hãy có niềm vui trong công việc.|Hãy có niềm vui trong công việc.
audio_04377|Khi ông mất, Nghệ Tông sai quân đến làm lễ tế bái, và ban tặng tên Thụy Văn Trinh. Ít lâu sau lại lệnh cho Tổng tự ở Văn Miếu xem ông ngang hàng với những bậc thánh hiển ngày xưa.|Khi ông mất, Nghệ Tông sai quân đến làm lễ tế bái, và ban tặng tên Thụy Văn Trinh. Ít lâu sau lại lệnh cho Tổng tự ở Văn Miếu xem ông ngang hàng với những bậc thánh hiển ngày xưa.
audio_04378|Nếu như bạn đã sẵn sàng cho điều này thì mình không còn điều gì để nói thêm nữa cả.|Nếu như bạn đã sẵn sàng cho điều này thì mình không còn điều gì để nói thêm nữa cả.
audio_04379|Bộ này thì có tên là...|Bộ này thì có tên là...
audio_04380|Vậy là Apple đã chính thức cho ra mắt phiên bản MacBook Pro mới với lại dòng chip mới là M3 Series luôn.|Vậy là Apple đã chính thức cho ra mắt phiên bản MacBook Pro mới với lại dòng chip mới là M3 Series luôn.
audio_04381|Nhưng trò chơi lại chỉ cho ta 2 trong số 4 hầu gái được xuất hiện trong đêm đó.|Nhưng trò chơi lại chỉ cho ta 2 trong số 4 hầu gái được xuất hiện trong đêm đó.
audio_04382|Còn cái từ thứ 2, nãy xăm bên trái, giờ xăm bên phải.|Còn cái từ thứ 2, nãy xăm bên trái, giờ xăm bên phải.
audio_04383|Cảm ơn chị, em đã đỡ.|Cảm ơn chị, em đã đỡ.
audio_04384|Trước khi mình luộc cái phần lưỡi heo cũng như tai heo thì các bạn nên mình cắt nhỏ ra.|Trước khi mình luộc cái phần lưỡi heo cũng như tai heo thì các bạn nên mình cắt nhỏ ra.
audio_04385|Để cập nhật những diễn biến mới nhất về phiên tòa của Jonathan Majors, các bạn đừng quên theo dõi phim phim trong bản tin news hàng tuần nhé.|Để cập nhật những diễn biến mới nhất về phiên tòa của Jonathan Majors, các bạn đừng quên theo dõi phim phim trong bản tin news hàng tuần nhé.
audio_04386|Có nghĩa là ví dụ như nếu mà anh em, có ai đó chụp anh em bằng cái điện thoại, anh em nhìn thẳng vào đây nè.|Có nghĩa là ví dụ như nếu mà anh em, có ai đó chụp anh em bằng cái điện thoại, anh em nhìn thẳng vào đây nè.
audio_04387|Nhưng mà luôn muốn hơn thua.|Nhưng mà luôn muốn hơn thua.
audio_04388|Tính cách được xem là thứ giá trị nhất của con người.|Tính cách được xem là thứ giá trị nhất của con người.
audio_04389|Tiếc chi hả con.|Tiếc chi hả con.
audio_04390|Tôi kỳ vọng tốc độ giảm bốn hiện tại sẽ giảm thuốc tấp hơn trong vài tuần tới, sau khi thoát thêm vài tỷ đô la nữa.|Tôi kỳ vọng tốc độ giảm bốn hiện tại sẽ giảm thuốc tấp hơn trong vài tuần tới, sau khi thoát thêm vài tỷ đô la nữa.
audio_04391|Nam Bộ có mưa rào và rong chảy rác.|Nam Bộ có mưa rào và rong chảy rác.
audio_04392|Thì bây giờ các bạn gặp một khó khăn.|Thì bây giờ các bạn gặp một khó khăn.
audio_04393|Gần nửa số này đã chuyển về cho công ty.|Gần nửa số này đã chuyển về cho công ty.
audio_04394|Một nhân vật mạnh cỡ đó liệu có được trao thêm đất dụng võ trong thời gian tới?|Một nhân vật mạnh cỡ đó liệu có được trao thêm đất dụng võ trong thời gian tới?
audio_04395|Hơn nữa đó, còn là một việc làm nhân đạo.|Hơn nữa đó, còn là một việc làm nhân đạo.
audio_04396|Liệu có phải chúng đã bị tóm toàn bộ hay không?|Liệu có phải chúng đã bị tóm toàn bộ hay không?
audio_04397|Đặc biệt, anh cũng thường xuyên giúp đỡ bà con lối xóm, không còn tham lam hay xấu xa như trước.|Đặc biệt, anh cũng thường xuyên giúp đỡ bà con lối xóm, không còn tham lam hay xấu xa như trước.
audio_04398|Ngoài câu nói sau chót, bác trả thêm chục đồng nữa chứ, khi đã hết cuốc xe.|Ngoài câu nói sau chót, bác trả thêm chục đồng nữa chứ, khi đã hết cuốc xe.
audio_04399|Nery Cordova đã phải mỉa mai trong bài nghiên cứu văn hóa băng đảng ở bang Sinaloa.|Nery Cordova đã phải mỉa mai trong bài nghiên cứu văn hóa băng đảng ở bang Sinaloa.
audio_04400|Đàn ông đã tìm ra cách đừng cho phụ nữ cực khoái dù chỉ một lần.|Đàn ông đã tìm ra cách đừng cho phụ nữ cực khoái dù chỉ một lần.
audio_04401|Để không phải lần đầu tiên kinh nghiệm của những nhà phân tích tài chính thành phố đưa ra không hiệu quả.|Để không phải lần đầu tiên kinh nghiệm của những nhà phân tích tài chính thành phố đưa ra không hiệu quả.
audio_04402|Lực lượng Cảnh sát Giao thông đã điều tiết hướng dẫn các xe đi ra quốc lộ 1 ở đoạn nút giao Đệ Ninh.|Lực lượng Cảnh sát Giao thông đã điều tiết hướng dẫn các xe đi ra quốc lộ 1 ở đoạn nút giao Đệ Ninh.
audio_04403|Sốt sốt huyết đến nay vẫn là bệnh truyền nhiễm nguy hiểm, chưa có vaccine phòng bệnh và chưa có thuốc điều trị đặc biệt.|Sốt sốt huyết đến nay vẫn là bệnh truyền nhiễm nguy hiểm, chưa có vaccine phòng bệnh và chưa có thuốc điều trị đặc biệt.
audio_04404|Và làm ơn hãy nhận trách nhiệm.|Và làm ơn hãy nhận trách nhiệm.
audio_04405|Không cửa sổ.|Không cửa sổ.
audio_04406|Trong khi đó, có những bạn lại bị chính người thân coi là kẻ không bình thường.|Trong khi đó, có những bạn lại bị chính người thân coi là kẻ không bình thường.
audio_04407|Thủ lĩnh không nhất thiết phải là kiểu lạnh lung tuyệt tình.|Thủ lĩnh không nhất thiết phải là kiểu lạnh lung tuyệt tình.
audio_04408|Nhân sự độc lập giữ trước Chủ tịch hội đồng quản trị.|Nhân sự độc lập giữ trước Chủ tịch hội đồng quản trị.
audio_04409|Với các tình huống trong cuộc sống.|Với các tình huống trong cuộc sống.
audio_04410|Trên đỉnh núi có tượng Phật Tây Bổ Đà Sơn, được mệnh danh là tượng Phật Bà Bằng Đồng cao nhất tại châu Á, đứng trên đỉnh núi.|Trên đỉnh núi có tượng Phật Tây Bổ Đà Sơn, được mệnh danh là tượng Phật Bà Bằng Đồng cao nhất tại châu Á, đứng trên đỉnh núi.
audio_04411|Đứa trẻ sẽ có thể tự mình chơi hoặc dù bạn bè tổ chức hết trò chơi này đến trò chơi khác cho nên sẽ không bao giờ có chuyện đứa trẻ ấy ủ rột hoặc lóng ngà lóng ngóng suốt ngày.|Đứa trẻ sẽ có thể tự mình chơi hoặc dù bạn bè tổ chức hết trò chơi này đến trò chơi khác cho nên sẽ không bao giờ có chuyện đứa trẻ ấy ủ rột hoặc lóng ngà lóng ngóng suốt ngày.
audio_04412|Công lý tàn bạo nói về một anh chàng cảnh sát tên là Den.|Công lý tàn bạo nói về một anh chàng cảnh sát tên là Den.
audio_04413|Cậu hãy chút bỏ hết những hận thù không đáng có, mà hãy dựa vào bản thân mình để vươn lên.|Cậu hãy chút bỏ hết những hận thù không đáng có, mà hãy dựa vào bản thân mình để vươn lên.
audio_04414|Cách 5. Tìm hiểu về bài hát.|Cách 5. Tìm hiểu về bài hát.
audio_04415|Nửa muỗng canh hành tỏi băm.|Nửa muỗng canh hành tỏi băm.
audio_04416|Trong lần xâm lược đầu tiên, quân Nhật Bản đánh thắng như chẻ tre và sau bốn tháng đã chiếm được hầu hết Triều Tiên trên đất liền.|Trong lần xâm lược đầu tiên, quân Nhật Bản đánh thắng như chẻ tre và sau bốn tháng đã chiếm được hầu hết Triều Tiên trên đất liền.
audio_04417|Ok, giờ chúng ta sẽ nói xa hơn một chút nữa các bạn nhé.|Ok, giờ chúng ta sẽ nói xa hơn một chút nữa các bạn nhé.
audio_04418|Có vẻ như, hắn ta đã bỏ thứ gì đó vào thức ăn và khiến tất cả mọi người bị biến đổi thành quái vật.|Có vẻ như, hắn ta đã bỏ thứ gì đó vào thức ăn và khiến tất cả mọi người bị biến đổi thành quái vật.
audio_04419|Đây là bộ 3 nhân vật sinh ra để đánh chung với Kafka đây anh em ạ.|Đây là bộ 3 nhân vật sinh ra để đánh chung với Kafka đây anh em ạ.
audio_04420|Với cá nhân tôi, tôi cũng sẽ chuyên tâm về cái chủ đề có nghĩa là quảng bá những cái truyền thống lịch sử của cha ông ta nhân dịp kỷ niệm 75 chiến thắng Điện Biên Phủ này.|Với cá nhân tôi, tôi cũng sẽ chuyên tâm về cái chủ đề có nghĩa là quảng bá những cái truyền thống lịch sử của cha ông ta nhân dịp kỷ niệm 75 chiến thắng Điện Biên Phủ này.
audio_04421|Rồi quay lại tiếp nhé.|Rồi quay lại tiếp nhé.
audio_04422|Cựu Tổng thống Trump từng giành chiến thắng bang Michigan chỉ với cách biệt 11.000 phiếu so với đối thủ từ đảng Dân Chủ là bà Hillary Clinton vào năm 2016 và sau đó để thua tại bang này 4 năm sau với cách biệt gần 154.000 phiếu trước ông Biden.|Cựu Tổng thống Trump từng giành chiến thắng bang Michigan chỉ với cách biệt 11.000 phiếu so với đối thủ từ đảng Dân Chủ là bà Hillary Clinton vào năm 2016 và sau đó để thua tại bang này 4 năm sau với cách biệt gần 154.000 phiếu trước ông Biden.
audio_04423|Ông là một nhân vật đặc biệt với một quá khứ đầy thú vị và những ảnh hưởng đến lịch sử của thế giới theo cách không ngờ tới.|Ông là một nhân vật đặc biệt với một quá khứ đầy thú vị và những ảnh hưởng đến lịch sử của thế giới theo cách không ngờ tới.
audio_04424|Có đứa cẩn thận khung bàn tay che kín cái bánh chỉ chừa cái gốc nhọn ra ngoài.|Có đứa cẩn thận khung bàn tay che kín cái bánh chỉ chừa cái gốc nhọn ra ngoài.
audio_04425|Chính là như mình đã nói.|Chính là như mình đã nói.
audio_04426|Vào một giờ chiều.|Vào một giờ chiều.
audio_04427|Một phút để tìm ra câu trả lời.|Một phút để tìm ra câu trả lời.
audio_04428|Nó sẽ là loanh quanh một cái ngưỡng cả của nó ở trong cái nhịp này.|Nó sẽ là loanh quanh một cái ngưỡng cả của nó ở trong cái nhịp này.
audio_04429|Bây giờ con có thể không hiểu, nhưng rồi con sẽ hiểu thôi.|Bây giờ con có thể không hiểu, nhưng rồi con sẽ hiểu thôi.
audio_04430|Thành ra đó, tôi nói cái điều này đầu tiên bởi vì tôi cho rằng có rất nhiều người họ tự nói với bản thân họ là tôi là người siêu hướng nổi.|Thành ra đó, tôi nói cái điều này đầu tiên bởi vì tôi cho rằng có rất nhiều người họ tự nói với bản thân họ là tôi là người siêu hướng nổi.
audio_04431|Họ chỉ còn đứng sau Mỹ.|Họ chỉ còn đứng sau Mỹ.
audio_04432|Và nhắc đến loại khí đặc biệt, nó sẽ làm ta nhớ đến khí độc của Cat Nap.|Và nhắc đến loại khí đặc biệt, nó sẽ làm ta nhớ đến khí độc của Cat Nap.
audio_04433|Kim có cảm giác ai đó đang theo dõi mình và hóa ra, chờ đợi sẵn kim và thiều đài phun nước.|Kim có cảm giác ai đó đang theo dõi mình và hóa ra, chờ đợi sẵn kim và thiều đài phun nước.
audio_04434|Mà Ma Hóa Đằng đã giao giảng ban đầu.|Mà Ma Hóa Đằng đã giao giảng ban đầu.
audio_04435|Nhưng mà bạn không cần phải nghĩ về nó quá nặng nề như vậy đâu.|Nhưng mà bạn không cần phải nghĩ về nó quá nặng nề như vậy đâu.
audio_04436|Thứ 4 cũng là trường hợp xấu nhất.|Thứ 4 cũng là trường hợp xấu nhất.
audio_04437|Theo chương trình, kỳ họp thứ 16, chuyên đề sẽ xem xét quyết nghị đối với 10 dự thảo nghị quyết do Ủy ban Nhân dân tỉnh Trình.|Theo chương trình, kỳ họp thứ 16, chuyên đề sẽ xem xét quyết nghị đối với 10 dự thảo nghị quyết do Ủy ban Nhân dân tỉnh Trình.
audio_04438|Nghĩ chừng nào chết ruột từng ấy.|Nghĩ chừng nào chết ruột từng ấy.
audio_04439|Đặc biệt là đêm 30 Tết, họ phải làm cả 24 tiếng.|Đặc biệt là đêm 30 Tết, họ phải làm cả 24 tiếng.
audio_04440|Là một câu kiệt tác mà giúp sức cho tôi trong lúc bi ai.|Là một câu kiệt tác mà giúp sức cho tôi trong lúc bi ai.
audio_04441|Và đây là Tri Kỳ Cảm Xúc, xin mến chào Tri Kỳ Cảm Xúc.|Và đây là Tri Kỳ Cảm Xúc, xin mến chào Tri Kỳ Cảm Xúc.
audio_04442|Vua quỷ bò sẽ làm những gì để chiếm giữ thân xác con người?|Vua quỷ bò sẽ làm những gì để chiếm giữ thân xác con người?
audio_04443|Thời tiết có vẻ không ổn. Không chừng sóc có bão.|Thời tiết có vẻ không ổn. Không chừng sóc có bão.
audio_04444|Con mà Lý.|Con mà Lý.
audio_04445|Họ phát hành ra trái phiếu để vay tiền đầu tư và phát triển.|Họ phát hành ra trái phiếu để vay tiền đầu tư và phát triển.
audio_04446|Chính vì thế là.|Chính vì thế là.
audio_04447|Bốn năm sau.|Bốn năm sau.
audio_04448|Vấn đề chọn bên đã nổi lên trong nghị trường nhiều quốc gia.|Vấn đề chọn bên đã nổi lên trong nghị trường nhiều quốc gia.
audio_04449|Hắn xuất hiện trong rất nhiều thần thoại châu Âu.|Hắn xuất hiện trong rất nhiều thần thoại châu Âu.
audio_04450|Thì bởi vì những quan sát này là khá là tương đồng nhau về các giá trị của x, do vậy ta dự báo là giá trị của y sẽ tương đồng nhau.|Thì bởi vì những quan sát này là khá là tương đồng nhau về các giá trị của x, do vậy ta dự báo là giá trị của y sẽ tương đồng nhau.
audio_04451|Khi lần nguyên phân thứ 50 hoàn thành, tế bào sẽ bắt đầu quá trình apoptosis tại đó và dần chết đi.|Khi lần nguyên phân thứ 50 hoàn thành, tế bào sẽ bắt đầu quá trình apoptosis tại đó và dần chết đi.
audio_04452|Chân giò hầm măng.|Chân giò hầm măng.
audio_04453|Điều này có thể gây ra tình trạng khác biệt giữa trí nhớ của nhiều người về cùng một sự kiện.|Điều này có thể gây ra tình trạng khác biệt giữa trí nhớ của nhiều người về cùng một sự kiện.
audio_04454|Thì thời gian đầu chúng ta được.|Thì thời gian đầu chúng ta được.
audio_04455|Cô bạn bảo sẽ theo sắp đặt của người lớn.|Cô bạn bảo sẽ theo sắp đặt của người lớn.
audio_04456|Đầu tiên, tôi muốn anh em để ý kỹ một chút vào bối cảnh xung quanh phòng thí nghiệm của vị nữ khoa học gia.|Đầu tiên, tôi muốn anh em để ý kỹ một chút vào bối cảnh xung quanh phòng thí nghiệm của vị nữ khoa học gia.
audio_04457|Có thể khi thoạt nghe qua tên cuốn sách này, bạn sẽ có phần hơi ái ngạc về hai chữ tự vấn.|Có thể khi thoạt nghe qua tên cuốn sách này, bạn sẽ có phần hơi ái ngạc về hai chữ tự vấn.
audio_04458|Phát biểu sau cuộc họp với các giám đốc điều hành Boeing, giám đốc FAA Mike Whittaker cho biết.|Phát biểu sau cuộc họp với các giám đốc điều hành Boeing, giám đốc FAA Mike Whittaker cho biết.
audio_04459|Hiệu trưởng Trường Trung cấp Y Dược Vạn Hành.|Hiệu trưởng Trường Trung cấp Y Dược Vạn Hành.
audio_04460|Tuy vậy, công ty Tom vẫn tiếp tục hoạt động khai thác, kể cả khi một vụ hóa hoạn đi cùng với một vụ lỡ đất lớn phá hủy khu mỏ đi kèm với phần lớn thị trấn.|Tuy vậy, công ty Tom vẫn tiếp tục hoạt động khai thác, kể cả khi một vụ hóa hoạn đi cùng với một vụ lỡ đất lớn phá hủy khu mỏ đi kèm với phần lớn thị trấn.
audio_04461|Bạn rôn đi chứ, bạn sợ à?|Bạn rôn đi chứ, bạn sợ à?
audio_04462|Bà Bolting thì thầm.|Bà Bolting thì thầm.
audio_04463|Có ba nghi phạm.|Có ba nghi phạm.
audio_04464|Kết quả là càng với càng xa, xít nữa thì anh đã thực sự ngã xuống bên dưới.|Kết quả là càng với càng xa, xít nữa thì anh đã thực sự ngã xuống bên dưới.
audio_04465|Billy đã ngủ phần lớn thời gian và các tội ác do hai nhân cách Reagan và Andalana gây ra.|Billy đã ngủ phần lớn thời gian và các tội ác do hai nhân cách Reagan và Andalana gây ra.
audio_04466|Chẳng ai yêu thương động vật bằng cách đo chiều cao, chiều ngang, đo sừng của nó cả.|Chẳng ai yêu thương động vật bằng cách đo chiều cao, chiều ngang, đo sừng của nó cả.
audio_04467|Nhờ sự chạy chữa và chăm sóc tận tình của Montgomery, một hành khách thân thiện nhưng đầy bí ẩn trên tàu.|Nhờ sự chạy chữa và chăm sóc tận tình của Montgomery, một hành khách thân thiện nhưng đầy bí ẩn trên tàu.
audio_04468|Nếu thích video này, hãy like, share, subscribe để ủng hộ chúng mình.|Nếu thích video này, hãy like, share, subscribe để ủng hộ chúng mình.
audio_04469|Nơi có nhiệt độ cao vào buổi trưa mới ngủ trưa mà thôi.|Nơi có nhiệt độ cao vào buổi trưa mới ngủ trưa mà thôi.
audio_04470|Thân ái kính chào!|Thân ái kính chào!
audio_04471|Tất cả đều nói lên một điều.|Tất cả đều nói lên một điều.
audio_04472|Bước thứ tư, hệ thống hóa kiến thức.|Bước thứ tư, hệ thống hóa kiến thức.
audio_04473|Với nội dung.|Với nội dung.
audio_04474|Thì thôi.|Thì thôi.
audio_04475|Mà một người mà được nhiều người thích chơi chung.|Mà một người mà được nhiều người thích chơi chung.
audio_04476|Các loại khí nhà kính làm tăng nhiệt độ như thế nào?|Các loại khí nhà kính làm tăng nhiệt độ như thế nào?
audio_04477|Tôi sẽ vẫn là tôi. I will still be me.|Tôi sẽ vẫn là tôi. I will still be me.
audio_04478|Thì tình yêu ấy.|Thì tình yêu ấy.
audio_04479|Hết bão đến hải lưu.|Hết bão đến hải lưu.
audio_04480|Bằng cách trao đổi rượu với Franco để lấy vật liệu.|Bằng cách trao đổi rượu với Franco để lấy vật liệu.
audio_04481|Tuyến tàu điện ngầm đầu tiên gây ấn tượng bởi nội thất đơn giản mà tiện dụng, sạch sẽ và hiện đại, chạy đúng với vận tốc thiết kế.|Tuyến tàu điện ngầm đầu tiên gây ấn tượng bởi nội thất đơn giản mà tiện dụng, sạch sẽ và hiện đại, chạy đúng với vận tốc thiết kế.
audio_04482|Có lẽ đã ngoài 60 oai nghiêm và rắn rõi giống như một bức tượng không nhuống màu thời gian.|Có lẽ đã ngoài 60 oai nghiêm và rắn rõi giống như một bức tượng không nhuống màu thời gian.
audio_04483|Và khi mà tôi nói về cái chữ giá trị ở đây, là cái giá trị nó thuần về mặt tài chính.|Và khi mà tôi nói về cái chữ giá trị ở đây, là cái giá trị nó thuần về mặt tài chính.
audio_04484|Đối áo lọ của đồng bào Paco thương thương họ làm trong dịp Tết là cũng tất nhiên.|Đối áo lọ của đồng bào Paco thương thương họ làm trong dịp Tết là cũng tất nhiên.
audio_04485|Khi vua Thái Tông mất bất đắc kỳ tử vào năm 1442 ở vụ án Lệ Chi Viên, gây ra thảm họa tru di tam tộc của Nguyễn Trãi.|Khi vua Thái Tông mất bất đắc kỳ tử vào năm 1442 ở vụ án Lệ Chi Viên, gây ra thảm họa tru di tam tộc của Nguyễn Trãi.
audio_04486|Tất cả sẽ được tác giả Robert Kiyosaki giải đáp thông qua cuốn sách.|Tất cả sẽ được tác giả Robert Kiyosaki giải đáp thông qua cuốn sách.
audio_04487|Burnsy và Ronnie, người quen của Lucas đã thành công tìm thấy căn tròi gỗ, nơi mà Victoria và Lily đang sinh sống.|Burnsy và Ronnie, người quen của Lucas đã thành công tìm thấy căn tròi gỗ, nơi mà Victoria và Lily đang sinh sống.
audio_04488|Chúng ta nên và cần phải gian luyện góc nhìn, tự phản biện, nhằm mở rộng góc nhìn.|Chúng ta nên và cần phải gian luyện góc nhìn, tự phản biện, nhằm mở rộng góc nhìn.
audio_04489|Giữ chung một mục tiêu thực sự rất quan trọng.|Giữ chung một mục tiêu thực sự rất quan trọng.
audio_04490|Người đàn ông nghi ngờ rằng mình đã bị ba nước trêu đùa.|Người đàn ông nghi ngờ rằng mình đã bị ba nước trêu đùa.
audio_04491|Trong lễ cúng, tôi thấy cha của bạn dân rượu cúng đến ba lần, bèn thắc mắc.|Trong lễ cúng, tôi thấy cha của bạn dân rượu cúng đến ba lần, bèn thắc mắc.
audio_04492|Còn với riêng phần 3, câu chuyện khi này được cho là sẽ đưa người chơi đi qua một cụm những vùng đất đen tối được gọi là Spiral.|Còn với riêng phần 3, câu chuyện khi này được cho là sẽ đưa người chơi đi qua một cụm những vùng đất đen tối được gọi là Spiral.
audio_04493|Mình sẽ quay trở lại.|Mình sẽ quay trở lại.
audio_04494|Giờ này đáng nhẽ ra tôi đang phải ở cái quẩy thu ngân dở hơi đấy.|Giờ này đáng nhẽ ra tôi đang phải ở cái quẩy thu ngân dở hơi đấy.
audio_04495|Nó cho thấy phần lớn mặt giả bên ngoài được làm từ da thịt thật.|Nó cho thấy phần lớn mặt giả bên ngoài được làm từ da thịt thật.
audio_04496|Cái này.|Cái này.
audio_04497|Giả sử tôi cần tìm hiểu về cách để nấu ăn một cái món gì đó chẳng hạn.|Giả sử tôi cần tìm hiểu về cách để nấu ăn một cái món gì đó chẳng hạn.
audio_04498|Nó đã được dịch ra 40 thứ tiếng, đạt giải Pulitzer và có ảnh hưởng sâu rộng trên toàn thế giới.|Nó đã được dịch ra 40 thứ tiếng, đạt giải Pulitzer và có ảnh hưởng sâu rộng trên toàn thế giới.
audio_04499|Không lâu sau, cô sẵn sàng chia sẻ những hiểu biết này với thế giới.|Không lâu sau, cô sẵn sàng chia sẻ những hiểu biết này với thế giới.
audio_04500|Bên trong bạn này.|Bên trong bạn này.
audio_04501|Tôi nhớ 18 năm trước, từ khi bắt đầu làm ở Báo Hoa Học Trò, tôi tràn đầy nhiệt huyết và hứng khởi.|Tôi nhớ 18 năm trước, từ khi bắt đầu làm ở Báo Hoa Học Trò, tôi tràn đầy nhiệt huyết và hứng khởi.
audio_04502|Hùng nhỏ luôn?|Hùng nhỏ luôn?
audio_04503|Nhưng mà anh em đừng có quá lạm dụng nó.|Nhưng mà anh em đừng có quá lạm dụng nó.
audio_04504|Ở vào độ tuổi của ông cộng thêm kinh nghiệm trong nghề còn ít thì đó là một mục tiêu rất xa vời.|Ở vào độ tuổi của ông cộng thêm kinh nghiệm trong nghề còn ít thì đó là một mục tiêu rất xa vời.
audio_04505|Mặc dù chưa xác định được chính xác đây là sáng hay là rươi, nhưng vẫn khuyến cáo mọi người không nên ăn sống vì khả năng cao sẽ gây tổn hại đến sức khỏe và cơ thể.|Mặc dù chưa xác định được chính xác đây là sáng hay là rươi, nhưng vẫn khuyến cáo mọi người không nên ăn sống vì khả năng cao sẽ gây tổn hại đến sức khỏe và cơ thể.
audio_04506|Tự tiến cử là cách quan trọng giúp nhân tài tiêm ẩn có thể bọc lộ hết tài năng.|Tự tiến cử là cách quan trọng giúp nhân tài tiêm ẩn có thể bọc lộ hết tài năng.
audio_04507|Tên như nào thì hình đúng là như thế.|Tên như nào thì hình đúng là như thế.
audio_04508|Nếu đang thèm bánh bông lan nhưng không muốn cầu kỳ với lò nướng hay cách làm phức tạp, thì thử ngay công thức này nhé.|Nếu đang thèm bánh bông lan nhưng không muốn cầu kỳ với lò nướng hay cách làm phức tạp, thì thử ngay công thức này nhé.
audio_04509|Và như vừa giới thiệu bên trên, diễn biến của tựa game không có gì quá đặc biệt.|Và như vừa giới thiệu bên trên, diễn biến của tựa game không có gì quá đặc biệt.
audio_04510|Bạn thân mến, bạn vừa nghe xong tấm tắt sách.|Bạn thân mến, bạn vừa nghe xong tấm tắt sách.
audio_04511|Theo như giả thuyết của mình, thì những tờ giấy thông tin màu đỏ chính là tiếng nói lương tầm của Grim.|Theo như giả thuyết của mình, thì những tờ giấy thông tin màu đỏ chính là tiếng nói lương tầm của Grim.
audio_04512|Mà người kia họ nghĩ là mình vô duyên.|Mà người kia họ nghĩ là mình vô duyên.
audio_04513|Cái biến mất chính là tiền.|Cái biến mất chính là tiền.
audio_04514|Để cuối cùng vẫn có thể lớn mạnh dưới hàng loạt những điều kiện khác nhau.|Để cuối cùng vẫn có thể lớn mạnh dưới hàng loạt những điều kiện khác nhau.
audio_04515|Đó đây là cái bánh cuốn chảo nè các bạn.|Đó đây là cái bánh cuốn chảo nè các bạn.
audio_04516|Điều này dẫn đến sự tăng trưởng kéo dài ở khu vực nông thôn, từ đó làm chất xúc tác cho chuyển đổi kinh tế chung.|Điều này dẫn đến sự tăng trưởng kéo dài ở khu vực nông thôn, từ đó làm chất xúc tác cho chuyển đổi kinh tế chung.
audio_04517|Thứ hai, dậy sớm chạy bộ, dưỡng tâm.|Thứ hai, dậy sớm chạy bộ, dưỡng tâm.
audio_04518|Mà tao nói mày nè, bá Quang.|Mà tao nói mày nè, bá Quang.
audio_04519|Sau đó, một người leo rào đột nhập vào sân nhà ông Hắc, lấy đi nhiều lồng có chim cảnh, rồi đưa ra ngoài cho đồng bọn.|Sau đó, một người leo rào đột nhập vào sân nhà ông Hắc, lấy đi nhiều lồng có chim cảnh, rồi đưa ra ngoài cho đồng bọn.
audio_04520|Tôi kéo con bé Thu đi ra ngoài giữa trời mưa.|Tôi kéo con bé Thu đi ra ngoài giữa trời mưa.
audio_04521|Thì khi họ bước vào công ty.|Thì khi họ bước vào công ty.
audio_04522|Đúng là Xiao sẽ được hưởng lợi rất nhiều từ bộ kỹ năng của Xian Yun, từ gia tăng sát thương tấn công khi đáp, hồi phục, thậm chí là bù vào khoảng thời gian chống, và tạo hạt năng lượng cho Xiao nữa.|Đúng là Xiao sẽ được hưởng lợi rất nhiều từ bộ kỹ năng của Xian Yun, từ gia tăng sát thương tấn công khi đáp, hồi phục, thậm chí là bù vào khoảng thời gian chống, và tạo hạt năng lượng cho Xiao nữa.
audio_04523|Niềm kiêu hãnh.|Niềm kiêu hãnh.
audio_04524|Hành động ngay lập tức, tập trung hết sức, đừng phí phạm cuộc đời mình nữa.|Hành động ngay lập tức, tập trung hết sức, đừng phí phạm cuộc đời mình nữa.
audio_04525|Nếu trái cây ngọt, con khỉ sẽ cảm thấy vui vẻ, ăn ngay một miếng lớn, và bảng đo lường sự yêu thích của nó sẽ hiển thị, tôi thích, ngược lại, nếu trái cây có vị đắng, nó sẽ cảm thấy không vui và không bao giờ cắn nữa.|Nếu trái cây ngọt, con khỉ sẽ cảm thấy vui vẻ, ăn ngay một miếng lớn, và bảng đo lường sự yêu thích của nó sẽ hiển thị, tôi thích, ngược lại, nếu trái cây có vị đắng, nó sẽ cảm thấy không vui và không bao giờ cắn nữa.
audio_04526|Và có thể cất đồ và lấy đồ ở bất cứ đâu.|Và có thể cất đồ và lấy đồ ở bất cứ đâu.
audio_04527|Và giải thích bằng thử nghiệm ở chính phòng thí nghiệm của họ.|Và giải thích bằng thử nghiệm ở chính phòng thí nghiệm của họ.
audio_04528|Chết lý điểm cắt vàng này nó gần giống với thuyết Trung Dung của Khổng Tử.|Chết lý điểm cắt vàng này nó gần giống với thuyết Trung Dung của Khổng Tử.
audio_04529|Nam Bộ mưa cũng đã giảm, mưa chỉ còn xuất hiện nhiều ở khu vực phía Đông Nam Bộ về chiều tối và đêm.|Nam Bộ mưa cũng đã giảm, mưa chỉ còn xuất hiện nhiều ở khu vực phía Đông Nam Bộ về chiều tối và đêm.
audio_04530|Ui, ui, ui, tí đi.|Ui, ui, ui, tí đi.
audio_04531|Quá đẹp luôn.|Quá đẹp luôn.
audio_04532|Một tuần sau cậu ấy dọn sạch những sách Self-Help và sống trầm mặc như một ông già.|Một tuần sau cậu ấy dọn sạch những sách Self-Help và sống trầm mặc như một ông già.
audio_04533|Ngõm ngay.|Ngõm ngay.
audio_04534|Để giúp những chiếc lá này không bị héo rụ.|Để giúp những chiếc lá này không bị héo rụ.
audio_04535|Nó cũng giống như là việc, khi mà chúng ta bị bao vây bởi những ham muốn, giận dữ, ghen tị hay là sợ hãi, chúng ta sẽ làm đủ thứ ngu xuẩn, điên rồ và hối hận.|Nó cũng giống như là việc, khi mà chúng ta bị bao vây bởi những ham muốn, giận dữ, ghen tị hay là sợ hãi, chúng ta sẽ làm đủ thứ ngu xuẩn, điên rồ và hối hận.
audio_04536|Đã có vài lần, nhưng bản thân nỗi đau là cuộc sống.|Đã có vài lần, nhưng bản thân nỗi đau là cuộc sống.
audio_04537|Và mình có giả thuyết rằng sau sự kiện này.|Và mình có giả thuyết rằng sau sự kiện này.
audio_04538|Khoảng cách giữa tầng trời và tầng 1 đó.|Khoảng cách giữa tầng trời và tầng 1 đó.
audio_04539|Trên thực tế, điện thoại thông minh Magic 6 đã được trình làng tại thị trường quê nhà vào tháng trước.|Trên thực tế, điện thoại thông minh Magic 6 đã được trình làng tại thị trường quê nhà vào tháng trước.
audio_04540|Trông gần là thế.|Trông gần là thế.
audio_04541|Tương đương vương miệng.|Tương đương vương miệng.
audio_04542|Sẽ gặp nhiều khó khăn trong tương lai.|Sẽ gặp nhiều khó khăn trong tương lai.
audio_04543|Sau đó, hắn xẻ một miếng đùi gà Tây Kathleen, bắt Thomas ăn thịt vợ của mình.|Sau đó, hắn xẻ một miếng đùi gà Tây Kathleen, bắt Thomas ăn thịt vợ của mình.
audio_04544|Mình tưởng tượng và mình tập trong lúc tắm.|Mình tưởng tượng và mình tập trong lúc tắm.
audio_04545|Toán học là một phần di sản của nhân loại, tồn tại và liên tục phát triển, vượt ra khỏi địa hạt chuyên môn.|Toán học là một phần di sản của nhân loại, tồn tại và liên tục phát triển, vượt ra khỏi địa hạt chuyên môn.
audio_04546|Và ho ra bầu không khí.|Và ho ra bầu không khí.
audio_04547|Chúng cần các cấu trúc ổn định và phạm vi hoạt động hạn chế.|Chúng cần các cấu trúc ổn định và phạm vi hoạt động hạn chế.
audio_04548|Errol Nettingill vĩ đại đã từng nói.|Errol Nettingill vĩ đại đã từng nói.
audio_04549|Đối với lĩnh vực tài chính có hai vấn đề, bốn vấn đề thuộc lĩnh vực tài nguyên môi trường và ba vấn đề thuộc lĩnh vực đầu tư xây dựng.|Đối với lĩnh vực tài chính có hai vấn đề, bốn vấn đề thuộc lĩnh vực tài nguyên môi trường và ba vấn đề thuộc lĩnh vực đầu tư xây dựng.
audio_04550|Thế mà nói cũng như không, y rằng em đề phòng cấm có sai, nhỏ Nhi này làm một bông hoa sen trắng đáng thương quen nghề rồi, nên con mùi ngon như thằng bạn trai cũ của em, dễ gì mà lọt ra khỏi trồng của ả.|Thế mà nói cũng như không, y rằng em đề phòng cấm có sai, nhỏ Nhi này làm một bông hoa sen trắng đáng thương quen nghề rồi, nên con mùi ngon như thằng bạn trai cũ của em, dễ gì mà lọt ra khỏi trồng của ả.
audio_04551|Trước đó bọn chúng đều đang hoảng sợ, lo lắng và nhút nhát.|Trước đó bọn chúng đều đang hoảng sợ, lo lắng và nhút nhát.
audio_04552|Được DPI sử dụng.|Được DPI sử dụng.
audio_04553|Các bạn có thể sử dụng giấm nuôi sẽ tốt hơn.|Các bạn có thể sử dụng giấm nuôi sẽ tốt hơn.
audio_04554|Loki vẫn còn thiếu một mảnh ghép để kế hoạch diễn ra thành công, đó là Sylvie.|Loki vẫn còn thiếu một mảnh ghép để kế hoạch diễn ra thành công, đó là Sylvie.
audio_04555|Cuộc sống bế tắc mọi thứ đi xuống rất là nhiều vấn đề xảy ra.|Cuộc sống bế tắc mọi thứ đi xuống rất là nhiều vấn đề xảy ra.
audio_04556|Người con hòa bình được vinh sự có thời gian làm nhiệm vụ trên quần đảo trường xa.|Người con hòa bình được vinh sự có thời gian làm nhiệm vụ trên quần đảo trường xa.
audio_04557|Có thể là sáng ngày hôm nay bạn thức dậy, bạn chụp một tấm hình bản thân mình, và bạn cảm thấy là ui, xấu quá, hay thôi xóa đi.|Có thể là sáng ngày hôm nay bạn thức dậy, bạn chụp một tấm hình bản thân mình, và bạn cảm thấy là ui, xấu quá, hay thôi xóa đi.
audio_04558|Nhờ những buổi như vậy mà tình bạn giữa chúng tôi đã nảy mầm và trở nên khăng khít mãi đến ngày ông ấy ra đi.|Nhờ những buổi như vậy mà tình bạn giữa chúng tôi đã nảy mầm và trở nên khăng khít mãi đến ngày ông ấy ra đi.
audio_04559|Và thế giới thì luôn thay đổi tróng mặt, còn cha mẹ thì già theo năm tháng.|Và thế giới thì luôn thay đổi tróng mặt, còn cha mẹ thì già theo năm tháng.
audio_04560|À không phải fake à?|À không phải fake à?
audio_04561|Khi đăng ký gói cước hội viên cao cấp của Phonos.|Khi đăng ký gói cước hội viên cao cấp của Phonos.
audio_04562|Hitler đã yêu cầu Tổng thống Hindenburg hãy bổ nhiệm mình làm Thủ tướng.|Hitler đã yêu cầu Tổng thống Hindenburg hãy bổ nhiệm mình làm Thủ tướng.
audio_04563|Nhưng mà mình không nghĩ rằng chính việc ốm này lại khiến mọi chuyện vỡ lẻ.|Nhưng mà mình không nghĩ rằng chính việc ốm này lại khiến mọi chuyện vỡ lẻ.
audio_04564|Chẳng còn đường thoát thân, cậu bé rơi xuống từ trên cao và bất tỉnh.|Chẳng còn đường thoát thân, cậu bé rơi xuống từ trên cao và bất tỉnh.
audio_04565|Giờ thì bạn đã biết đại khái.|Giờ thì bạn đã biết đại khái.
audio_04566|Tiến quan tâm không phải là chất vải mặc có bẻn không, mà là giá của nó có đắt không.|Tiến quan tâm không phải là chất vải mặc có bẻn không, mà là giá của nó có đắt không.
audio_04567|Mặc dù ông ký hai bên con.|Mặc dù ông ký hai bên con.
audio_04568|Hãy tự thực hiện mục tiêu từ mọi lúc mọi nơi và với những gì bạn đang có.|Hãy tự thực hiện mục tiêu từ mọi lúc mọi nơi và với những gì bạn đang có.
audio_04569|Chỉ cần ghi y chang như trong này nhé.|Chỉ cần ghi y chang như trong này nhé.
audio_04570|Và thêm một ít đồ chua nữa.|Và thêm một ít đồ chua nữa.
audio_04571|Hồi ấy, thú thực, ngoài tập quán uống trà tươi, trà đặc của dân ta, tôi hoàn toàn ngoại đạo với thu uống trà tàu.|Hồi ấy, thú thực, ngoài tập quán uống trà tươi, trà đặc của dân ta, tôi hoàn toàn ngoại đạo với thu uống trà tàu.
audio_04572|Các nhà khoa học gần như chắc chắn rằng bên dưới bề mặt đóng băng của nó là một đại dương nước.|Các nhà khoa học gần như chắc chắn rằng bên dưới bề mặt đóng băng của nó là một đại dương nước.
audio_04573|Sự yêu thương.|Sự yêu thương.
audio_04574|Có thể lan tỏa tới mọi người.|Có thể lan tỏa tới mọi người.
audio_04575|Tuy nhiên là Trân phải khẳng định là không phải doanh nghiệp nào rơi vào trường hợp này.|Tuy nhiên là Trân phải khẳng định là không phải doanh nghiệp nào rơi vào trường hợp này.
audio_04576|Trở lại thập niên 2000, FastSaga đã phát triển liền tù tì 3 dự án đầu tay với một quy mô rất khép kín.|Trở lại thập niên 2000, FastSaga đã phát triển liền tù tì 3 dự án đầu tay với một quy mô rất khép kín.
audio_04577|Có oan không?|Có oan không?
audio_04578|Thương mẹ.|Thương mẹ.
audio_04579|Đừng cố gắng thỏa thuận với tôi bằng tiền để quảng cáo hay gì cả.|Đừng cố gắng thỏa thuận với tôi bằng tiền để quảng cáo hay gì cả.
audio_04580|Còn anh em tôi là Trực 24-24.|Còn anh em tôi là Trực 24-24.
audio_04581|Vì vậy, dù kẻ trộm là ai thì họ cũng đã đeo găng tay.|Vì vậy, dù kẻ trộm là ai thì họ cũng đã đeo găng tay.
audio_04582|Một tâm hồn đẹp hé lộ cơ chế bên trong của nó.|Một tâm hồn đẹp hé lộ cơ chế bên trong của nó.
audio_04583|Thì nhận ra là 4 bóng tuyết có thể ghép thành một bộ lốc tuyết.|Thì nhận ra là 4 bóng tuyết có thể ghép thành một bộ lốc tuyết.
audio_04584|Tính đến nay, tổng số đàn lợn cả nước tăng khoảng 3,4% so với cùng kỳ năm trước, tức là đạt khoảng 29 triệu con.|Tính đến nay, tổng số đàn lợn cả nước tăng khoảng 3,4% so với cùng kỳ năm trước, tức là đạt khoảng 29 triệu con.
audio_04585|Với màu sắc phim cực kỳ tối, càng xem là càng căng thẳng về sau, mức độ hù dọa phải nói là rất dữ dằn, hù từ đầu phim đến cuối phim.|Với màu sắc phim cực kỳ tối, càng xem là càng căng thẳng về sau, mức độ hù dọa phải nói là rất dữ dằn, hù từ đầu phim đến cuối phim.
audio_04586|Cái bàn tay chết tiệt này này.|Cái bàn tay chết tiệt này này.
audio_04587|Thì vô cùng đơn giản.|Thì vô cùng đơn giản.
audio_04588|Trong số này, ít nhất 10 quả tên lửa đã bị hệ thống phòng không vòm sắt bắn hạ.|Trong số này, ít nhất 10 quả tên lửa đã bị hệ thống phòng không vòm sắt bắn hạ.
audio_04589|Cuộc cách mạng công nghiệp ở thế kỷ 19 cũng từng mang đến nỗi lo máy móc sẽ thay thế con người.|Cuộc cách mạng công nghiệp ở thế kỷ 19 cũng từng mang đến nỗi lo máy móc sẽ thay thế con người.
audio_04590|Nhưng không không không, lúc này cậu chỉ ung dung ngồi uống trà, nghe kể chuyện, đúng là người già.|Nhưng không không không, lúc này cậu chỉ ung dung ngồi uống trà, nghe kể chuyện, đúng là người già.
audio_04591|Kẹo mình bỏ quả nếu như độ phong trong khoảng 1 tuần hoặc trong ngăn mắt tủ lạnh đến 1 tháng nhé.|Kẹo mình bỏ quả nếu như độ phong trong khoảng 1 tuần hoặc trong ngăn mắt tủ lạnh đến 1 tháng nhé.
audio_04592|Tất cả đều không phải. Bất ngờ thay, điều mà mọi người sợ hãi nhất chính là thuyết trình trước tập thể.|Tất cả đều không phải. Bất ngờ thay, điều mà mọi người sợ hãi nhất chính là thuyết trình trước tập thể.
audio_04593|Giống chó thường săn tốt hơn khi bị bỏ đói.|Giống chó thường săn tốt hơn khi bị bỏ đói.
audio_04594|Nhờ một người bạn viết danh sách 10 từ và đọc cho bạn, hầu hết mọi người sẽ chỉ nhớ được 7 mục, hoặc ít hơn trong danh sách.|Nhờ một người bạn viết danh sách 10 từ và đọc cho bạn, hầu hết mọi người sẽ chỉ nhớ được 7 mục, hoặc ít hơn trong danh sách.
audio_04595|Trong hộp tin nhắn, ngoại hình của các thành viên đã khác so với lần đầu tiên và một số thành viên đã bị lột ra.|Trong hộp tin nhắn, ngoại hình của các thành viên đã khác so với lần đầu tiên và một số thành viên đã bị lột ra.
audio_04596|Sau buổi shopping, họ kiểm tra lại tiền thừa, họ được 2 phiếu bốc thăm trúng thưởng, và nếu họ chỉ cần mua 1 món đồ 300 Yên nữa, sẽ được thêm 1 phiếu.|Sau buổi shopping, họ kiểm tra lại tiền thừa, họ được 2 phiếu bốc thăm trúng thưởng, và nếu họ chỉ cần mua 1 món đồ 300 Yên nữa, sẽ được thêm 1 phiếu.
audio_04597|Bước mạng được kéo lên và một người phụ nữ nhỏ nhắn bước ra.|Bước mạng được kéo lên và một người phụ nữ nhỏ nhắn bước ra.
audio_04598|Giờ thì chúng mày đừng có đứa nào kêu ca với tao là không thể làm được việc gì đây nha.|Giờ thì chúng mày đừng có đứa nào kêu ca với tao là không thể làm được việc gì đây nha.
audio_04599|Giao tranh có thể sẽ đẩy Myanmar dấn sâu hơn vào bất ổn và bạo loạn.|Giao tranh có thể sẽ đẩy Myanmar dấn sâu hơn vào bất ổn và bạo loạn.
audio_04600|Họ thích đưa ra ý kiến phản bác và chỉ trích đối phương.|Họ thích đưa ra ý kiến phản bác và chỉ trích đối phương.
audio_04601|Sau đó thì chiếc thuyền cứu hộ cũng nhanh chóng được thả xuống với hy vọng được cứu sống của những hành khách còn lại.|Sau đó thì chiếc thuyền cứu hộ cũng nhanh chóng được thả xuống với hy vọng được cứu sống của những hành khách còn lại.
audio_04602|Và họ đọc đi đọc lại cả đời.|Và họ đọc đi đọc lại cả đời.
audio_04603|Phải mất 2 ngày giao chiến.|Phải mất 2 ngày giao chiến.
audio_04604|Khi trưởng thành, Sueyi và Hanya tham gia vào vân kỵ quân, cùng nhau chu ru trên thuyền sao, đến với những hành tinh xa xôi, đẩy lùi sự bành trướng của dân chủ phú.|Khi trưởng thành, Sueyi và Hanya tham gia vào vân kỵ quân, cùng nhau chu ru trên thuyền sao, đến với những hành tinh xa xôi, đẩy lùi sự bành trướng của dân chủ phú.
audio_04605|Nhìn qua cái đồng hồ của họ.|Nhìn qua cái đồng hồ của họ.
audio_04606|Đúng như vậy, con gà có ý nghĩa quan trọng với người nông dân, đặc biệt là trong lễ hội lồng tồng này.|Đúng như vậy, con gà có ý nghĩa quan trọng với người nông dân, đặc biệt là trong lễ hội lồng tồng này.
audio_04607|Với tâm trạng như thế, điểm bài kiểm tra đầu tiên của mình rất tệ.|Với tâm trạng như thế, điểm bài kiểm tra đầu tiên của mình rất tệ.
audio_04608|À thì nếu cắt tay thì trong cái mùa dịch Covid-19 này anh đỡ phải đeo khẩu trang em ạ.|À thì nếu cắt tay thì trong cái mùa dịch Covid-19 này anh đỡ phải đeo khẩu trang em ạ.
audio_04609|Nhưng trong trường hợp của tôi bộ não mới đã ngừng hoạt động hoàn toàn.|Nhưng trong trường hợp của tôi bộ não mới đã ngừng hoạt động hoàn toàn.
audio_04610|Người phát ngôn Điện Kremlin nói thêm, chúng ta phải tìm hiểu xem quân đội Đức có chủ động thực hiện việc này hay không.|Người phát ngôn Điện Kremlin nói thêm, chúng ta phải tìm hiểu xem quân đội Đức có chủ động thực hiện việc này hay không.
audio_04611|Họ thích tiệc tùng, giao lưu với bạn bè, vui vẻ và tận hưởng cuộc sống mà không hề biết được số phận khủng khiếp mà ông chờ đã chuẩn bị cho họ.|Họ thích tiệc tùng, giao lưu với bạn bè, vui vẻ và tận hưởng cuộc sống mà không hề biết được số phận khủng khiếp mà ông chờ đã chuẩn bị cho họ.
audio_04612|Và hiểu mình như là bố mẹ, vợ chồng, sếp trực tiếp, bạn chí cốt của mình.|Và hiểu mình như là bố mẹ, vợ chồng, sếp trực tiếp, bạn chí cốt của mình.
audio_04613|Thấy vào.|Thấy vào.
audio_04614|Thông thường, từng khu vực, phân khúc khách hàng đã có một mức giá nhất định, vì vậy bạn cần biết được mức giá bao nhiêu là phù hợp.|Thông thường, từng khu vực, phân khúc khách hàng đã có một mức giá nhất định, vì vậy bạn cần biết được mức giá bao nhiêu là phù hợp.
audio_04615|Tôi xin kết thúc bài giảng ngày hôm nay lại tại đây.|Tôi xin kết thúc bài giảng ngày hôm nay lại tại đây.
audio_04616|Sướng gì mà sướng, cậu không nhìn thấy cái mai đấy à?|Sướng gì mà sướng, cậu không nhìn thấy cái mai đấy à?
audio_04617|Tốt lắm.|Tốt lắm.
audio_04618|Thì nó sẽ tùy vào cái nhu cầu thực tế của mình mà chúng ta có thể chọn là rửa nửa tải trên hoặc rửa nửa tải dưới.|Thì nó sẽ tùy vào cái nhu cầu thực tế của mình mà chúng ta có thể chọn là rửa nửa tải trên hoặc rửa nửa tải dưới.
audio_04619|Cũng thuộc nhóm khoa học xã hội là lịch sử, môn khoa học nghiên cứu về quá khứ để giúp con người đưa ra quyết định tốt hơn trong tương lai.|Cũng thuộc nhóm khoa học xã hội là lịch sử, môn khoa học nghiên cứu về quá khứ để giúp con người đưa ra quyết định tốt hơn trong tương lai.
audio_04620|Các số liệu đo lường từ đó sẽ được đưa ra.|Các số liệu đo lường từ đó sẽ được đưa ra.
audio_04621|Anh căm nín mà không nói điều gì.|Anh căm nín mà không nói điều gì.
audio_04622|Đôi khi nó hơi cảm xúc một chút cũng không sao hết.|Đôi khi nó hơi cảm xúc một chút cũng không sao hết.
audio_04623|Do hai người quan hệ từ tháng năm.|Do hai người quan hệ từ tháng năm.
audio_04624|Người thầy lỗi lạc nhất của Alexander đại đế.|Người thầy lỗi lạc nhất của Alexander đại đế.
audio_04625|Maybe tôi nghĩ ông nên check out this video right here.|Maybe tôi nghĩ ông nên check out this video right here.
audio_04626|Bởi thế, nó còn được gọi là ngôi làng bay trên mây.|Bởi thế, nó còn được gọi là ngôi làng bay trên mây.
audio_04627|Dẫn anh đi nhậu một chầu là được rồi.|Dẫn anh đi nhậu một chầu là được rồi.
audio_04628|Những tưởng như drama chỉ tới đó là xong nhưng không.|Những tưởng như drama chỉ tới đó là xong nhưng không.
audio_04629|Dù vẫn có chút hậm hực.|Dù vẫn có chút hậm hực.
audio_04630|Không những không đuổi họ đi mà còn tiếp đãi rất nồng hậu.|Không những không đuổi họ đi mà còn tiếp đãi rất nồng hậu.
audio_04631|Để chăm biếm việc nhờ vã khi gặp chuyện người Trung Quốc dùng một câu rất ngắn gọn là thường ngày không thắp hương gặp chuyện ôm chân Phật.|Để chăm biếm việc nhờ vã khi gặp chuyện người Trung Quốc dùng một câu rất ngắn gọn là thường ngày không thắp hương gặp chuyện ôm chân Phật.
audio_04632|Và có đến 4 phần 5 số người cho rằng nó bình thường, cho đến cực kỳ dễ.|Và có đến 4 phần 5 số người cho rằng nó bình thường, cho đến cực kỳ dễ.
audio_04633|Nếu như mình đặt cái tiêu đề của video này là.|Nếu như mình đặt cái tiêu đề của video này là.
audio_04634|Em không phải là quý cô ngoan ngoãn.|Em không phải là quý cô ngoan ngoãn.
audio_04635|Đồ dùng sinh hoạt, kem, bàn chải, dầu gội, giấy vệ sinh, giặt ủi, đồ ăn thức uống là những chi phí phát sinh trong quá trình sử dụng homestay của khách du lịch.|Đồ dùng sinh hoạt, kem, bàn chải, dầu gội, giấy vệ sinh, giặt ủi, đồ ăn thức uống là những chi phí phát sinh trong quá trình sử dụng homestay của khách du lịch.
audio_04636|Đây là một cái nghịch lý bởi vì là hầu hết mọi người tìm đến các cái bài trắc nghiệm tính cách vì chính cái lý do như vậy.|Đây là một cái nghịch lý bởi vì là hầu hết mọi người tìm đến các cái bài trắc nghiệm tính cách vì chính cái lý do như vậy.
audio_04637|Vị thần đó thực chất chính là một Yves Fritz bị phong ấn bởi phép thuật.|Vị thần đó thực chất chính là một Yves Fritz bị phong ấn bởi phép thuật.
audio_04638|Vào đầu tháng 10 năm 1907, hai anh em nhà Hanzer cùng với Charles Moore và người đứng đầu quỹ đầu tư Knicker Poker là Charles Barney đã bắt đầu một phi vụ thao túng giá cổ phiếu kinh điển.|Vào đầu tháng 10 năm 1907, hai anh em nhà Hanzer cùng với Charles Moore và người đứng đầu quỹ đầu tư Knicker Poker là Charles Barney đã bắt đầu một phi vụ thao túng giá cổ phiếu kinh điển.
audio_04639|Trong cuốn Điểm kỳ dị gần kể, tôi đã viết rằng một hệ quả của định luật biến đổi gia tốc là các loài thông minh khác có khả năng không tồn tại.|Trong cuốn Điểm kỳ dị gần kể, tôi đã viết rằng một hệ quả của định luật biến đổi gia tốc là các loài thông minh khác có khả năng không tồn tại.
audio_04640|Ông Klitschko nói với Nhật báo La Repubblica của Italia trong cuộc phỏng vấn hôm 4 tháng 3.|Ông Klitschko nói với Nhật báo La Repubblica của Italia trong cuộc phỏng vấn hôm 4 tháng 3.
audio_04641|Thưa quý vị và các bạn, dưa lưới là cây trồng ngắn ngày, mang lại hiệu quả kinh tế cao. Hiện dưa lưới được thị trường tiêu thụ mạnh, giá cả ổn định.|Thưa quý vị và các bạn, dưa lưới là cây trồng ngắn ngày, mang lại hiệu quả kinh tế cao. Hiện dưa lưới được thị trường tiêu thụ mạnh, giá cả ổn định.
audio_04642|Để thay đổi não bộ.|Để thay đổi não bộ.
audio_04643|Trước khi nghỉ việc, hãy nỗ lực học hỏi tối đa về công việc, con nha.|Trước khi nghỉ việc, hãy nỗ lực học hỏi tối đa về công việc, con nha.
audio_04644|Liệu rồi đây sự phát triển lạnh mạnh của linh hồn Y có bị ngừng trễ đi không?|Liệu rồi đây sự phát triển lạnh mạnh của linh hồn Y có bị ngừng trễ đi không?
audio_04645|Với gói mì này, chúng ta thấy trong tô có 2 con tôm, 1 miếng chanh, hành, ớt và các loại rau mùi.|Với gói mì này, chúng ta thấy trong tô có 2 con tôm, 1 miếng chanh, hành, ớt và các loại rau mùi.
audio_04646|Đến nơi thì Yuri đã chết.|Đến nơi thì Yuri đã chết.
audio_04647|Một cuộc sống có chủ đích là sao ạ?|Một cuộc sống có chủ đích là sao ạ?
audio_04648|Đợi hai ba tháng mọi chuyện êm êm thì khai sự thật với mẹ.|Đợi hai ba tháng mọi chuyện êm êm thì khai sự thật với mẹ.
audio_04649|Chỉ có Ponzu là nhanh chân trốn được.|Chỉ có Ponzu là nhanh chân trốn được.
audio_04650|Mến chào quý cô chú, anh chị và các bạn đang xem kênh, cùng môi vào biết.|Mến chào quý cô chú, anh chị và các bạn đang xem kênh, cùng môi vào biết.
audio_04651|Bằng cách phân tích 25 món hàng thường được mua họ có thể đưa ra một điểm số hiện khả năng có thai của một cô gái.|Bằng cách phân tích 25 món hàng thường được mua họ có thể đưa ra một điểm số hiện khả năng có thai của một cô gái.
audio_04652|Khoe khoang các mối quan hệ.|Khoe khoang các mối quan hệ.
audio_04653|Mà gửi cho nhà tuyển dụng mà cũng không được trả lời lại.|Mà gửi cho nhà tuyển dụng mà cũng không được trả lời lại.
audio_04654|Bà đau buồn tột độ vì đã phí cả cuộc đời nuôi dưỡng đứa con nuôi của mình để cuối cùng chỉ còn là một cái mồ chôm.|Bà đau buồn tột độ vì đã phí cả cuộc đời nuôi dưỡng đứa con nuôi của mình để cuối cùng chỉ còn là một cái mồ chôm.
audio_04655|Khoảng 20 phút sau, một người đàn ông da trắng tiến lại gần xe của Brittany. Người đàn ông này là Michael Greca, 47 tuổi.|Khoảng 20 phút sau, một người đàn ông da trắng tiến lại gần xe của Brittany. Người đàn ông này là Michael Greca, 47 tuổi.
audio_04656|Giai đoạn 3 là các cuộc tấn công bằng vũ khí thông thường và phi thông thường nhằm vào các mục tiêu trên lãnh thổ Đức.|Giai đoạn 3 là các cuộc tấn công bằng vũ khí thông thường và phi thông thường nhằm vào các mục tiêu trên lãnh thổ Đức.
audio_04657|Và có lẽ, nếu không có những chiến lược mang tính bước ngoặt của vị chủ tịch tài ba này, thế giới sẽ chẳng thể nào trông thấy một Samsung Electronics mạnh mẽ như ngày nay.|Và có lẽ, nếu không có những chiến lược mang tính bước ngoặt của vị chủ tịch tài ba này, thế giới sẽ chẳng thể nào trông thấy một Samsung Electronics mạnh mẽ như ngày nay.
audio_04658|Một bản đồ chính xác là một công cụ quản trị tốt.|Một bản đồ chính xác là một công cụ quản trị tốt.
audio_04659|Kết thúc tập phim, Barbie mắng Lizzo và cảnh cáo anh trai đừng đi tìm mình nữa, sau đó thì bỏ đi.|Kết thúc tập phim, Barbie mắng Lizzo và cảnh cáo anh trai đừng đi tìm mình nữa, sau đó thì bỏ đi.
audio_04660|Thường được gọi là Bill.|Thường được gọi là Bill.
audio_04661|Với Phật giáo dân thân, có hai điều mà người theo học cần thực hiện là.|Với Phật giáo dân thân, có hai điều mà người theo học cần thực hiện là.
audio_04662|Đồng thời, lau chùi tấm lưới đựng rác và đổ rác hằng ngày.|Đồng thời, lau chùi tấm lưới đựng rác và đổ rác hằng ngày.
audio_04663|Lúc này chúng ta sẽ đổ cát lách đầy vào xung quanh phẳng trống giữa hai chậu, rồi cũng làm dẻ cát xuống như lúc ban đầu.|Lúc này chúng ta sẽ đổ cát lách đầy vào xung quanh phẳng trống giữa hai chậu, rồi cũng làm dẻ cát xuống như lúc ban đầu.
audio_04664|Và hẳn là sẽ lạnh lùng không dung thứ cho bất cứ sai lầm nào.|Và hẳn là sẽ lạnh lùng không dung thứ cho bất cứ sai lầm nào.
audio_04665|Họ gây ảnh hưởng và tăng thêm nhiều giá trị cho những người xung quanh.|Họ gây ảnh hưởng và tăng thêm nhiều giá trị cho những người xung quanh.
audio_04666|Với lượng xe từ vài trăm chiếc mỗi ngày, bạn sẽ có một nguồn thu nhập đáng kể.|Với lượng xe từ vài trăm chiếc mỗi ngày, bạn sẽ có một nguồn thu nhập đáng kể.
audio_04667|Kinh nôi của trùng tộc An Nam là Bắc Kỳ và các vùng lân cận.|Kinh nôi của trùng tộc An Nam là Bắc Kỳ và các vùng lân cận.
audio_04668|Mặc dù một người không thể hiểu hết chính mình, nhưng niềm vui đến từ việc ngày càng hiểu rõ chính ta vẫn tốt hơn rất nhiều so với nỗi đau của tuổi già và bệnh tật mang lại.|Mặc dù một người không thể hiểu hết chính mình, nhưng niềm vui đến từ việc ngày càng hiểu rõ chính ta vẫn tốt hơn rất nhiều so với nỗi đau của tuổi già và bệnh tật mang lại.
audio_04669|Thay thế được tiếng Việt.|Thay thế được tiếng Việt.
audio_04670|Vậy thì cụ thể chi tiết hơn là như nào?|Vậy thì cụ thể chi tiết hơn là như nào?
audio_04671|Hay thật vô nhân tính.|Hay thật vô nhân tính.
audio_04672|Phần mềm sát hạch dự kiến sẽ được đưa vào áp dụng từ ngày 1 tháng 2 tới đây với những thay đổi như tăng thời gian đếm ngược, nghỉ giữa các tình huống từ vài giây lên 10 giây để học viên có thêm thời gian chuẩn bị.|Phần mềm sát hạch dự kiến sẽ được đưa vào áp dụng từ ngày 1 tháng 2 tới đây với những thay đổi như tăng thời gian đếm ngược, nghỉ giữa các tình huống từ vài giây lên 10 giây để học viên có thêm thời gian chuẩn bị.
audio_04673|Tôi tìm được 2 cái lều bỏ hoang.|Tôi tìm được 2 cái lều bỏ hoang.
audio_04674|À thì để ngủ sớm, ngủ đúng giờ thì phải làm gì?|À thì để ngủ sớm, ngủ đúng giờ thì phải làm gì?
audio_04675|Có nghĩa là nó rất là dễ bị lóe.|Có nghĩa là nó rất là dễ bị lóe.
audio_04676|Chắc chắn là nếu thấy hình, thấy cái bản chất thật của vụ việc, người ta sẽ không những không lên cơn, mà còn dễ dàng cảm phục hành động của người con hiếu thảo.|Chắc chắn là nếu thấy hình, thấy cái bản chất thật của vụ việc, người ta sẽ không những không lên cơn, mà còn dễ dàng cảm phục hành động của người con hiếu thảo.
audio_04677|Đều có thể được bù đắp.|Đều có thể được bù đắp.
audio_04678|Học môn đóng vai trò vận chuyển khóa học.|Học môn đóng vai trò vận chuyển khóa học.
audio_04679|Indira Gandhi sinh năm 1917 mất năm 1984 thủ tướng thứ 5 và thứ 8 của Ấn Độ đồng thời là con gái của thủ tướng Ấn Độ đầu tiên là mẹ của thủ tướng Ấn Độ thứ 6.|Indira Gandhi sinh năm 1917 mất năm 1984 thủ tướng thứ 5 và thứ 8 của Ấn Độ đồng thời là con gái của thủ tướng Ấn Độ đầu tiên là mẹ của thủ tướng Ấn Độ thứ 6.
audio_04680|Đấy các bạn thấy doanh nghiệp khó khăn không?|Đấy các bạn thấy doanh nghiệp khó khăn không?
audio_04681|Chi tiết.|Chi tiết.
audio_04682|Bởi mư ư đã trốn ở gầm ghế cả đêm ấy.|Bởi mư ư đã trốn ở gầm ghế cả đêm ấy.
audio_04683|Nga hiểu ngay là anh ta giả vờ.|Nga hiểu ngay là anh ta giả vờ.
audio_04684|Bạn sẽ lên kế hoạch cho thời gian đọc sách ra sao?|Bạn sẽ lên kế hoạch cho thời gian đọc sách ra sao?
audio_04685|Bậc cha mẹ nào cũng mong con cái mình được hạnh phúc, mạnh mẽ và thành công, nhưng đừng nên khuyên dạy con trẻ những lời xáo rỗng như các câu châm ngôn màu mè trên địch về những điều như hạnh phúc không phải là tiền bạc.|Bậc cha mẹ nào cũng mong con cái mình được hạnh phúc, mạnh mẽ và thành công, nhưng đừng nên khuyên dạy con trẻ những lời xáo rỗng như các câu châm ngôn màu mè trên địch về những điều như hạnh phúc không phải là tiền bạc.
audio_04686|Trong thời gian này, ông đã chế tạo thành công một motor cảm ứng điện.|Trong thời gian này, ông đã chế tạo thành công một motor cảm ứng điện.
audio_04687|Có nên là một tiêu chí chọn lọc hay không.|Có nên là một tiêu chí chọn lọc hay không.
audio_04688|Chỉ cần chúng ta tỉnh dậy bình minh sẽ lại đến.|Chỉ cần chúng ta tỉnh dậy bình minh sẽ lại đến.
audio_04689|Sau khi ném con sắc ướp ra ngoài, chúng tôi chập mắt một đêm tại căn hầm trú ẩn.|Sau khi ném con sắc ướp ra ngoài, chúng tôi chập mắt một đêm tại căn hầm trú ẩn.
audio_04690|Nhưng nếu họ thiếu kỹ năng đồng cảm.|Nhưng nếu họ thiếu kỹ năng đồng cảm.
audio_04691|Thế nhưng như tôi đã nói ở trên.|Thế nhưng như tôi đã nói ở trên.
audio_04692|Ngoài ra, biện pháp khắc phục hậu quả buộc NVH tiếp tục thực hiện nghĩa vụ quân sự.|Ngoài ra, biện pháp khắc phục hậu quả buộc NVH tiếp tục thực hiện nghĩa vụ quân sự.
audio_04693|Để đảm bảo họ bị cúm, các bác sĩ cũng yêu cầu họ phải tương tác với bệnh nhân ít nhất 5 phút và yêu cầu bệnh nhân hò vào mặt 5 lần.|Để đảm bảo họ bị cúm, các bác sĩ cũng yêu cầu họ phải tương tác với bệnh nhân ít nhất 5 phút và yêu cầu bệnh nhân hò vào mặt 5 lần.
audio_04694|Tôi sẽ trồng được các cây khác.|Tôi sẽ trồng được các cây khác.
audio_04695|Để rồi sau bài thi, ông vẫn tiếp tục quay trở lại lấy mạng cậu.|Để rồi sau bài thi, ông vẫn tiếp tục quay trở lại lấy mạng cậu.
audio_04696|Lưỡi nó là bộ phận khai khiếu của tim.|Lưỡi nó là bộ phận khai khiếu của tim.
audio_04697|Đó cũng là một cái kiểu suy nghĩ nhiều.|Đó cũng là một cái kiểu suy nghĩ nhiều.
audio_04698|Trẻ trung.|Trẻ trung.
audio_04699|Từ độ mùng 10 tháng chạp tới giờ, nhịp sống của người dân tại hợp tác xã Mai Vàng Phú Hưng, huyện Châu Thành thêm rộn ràng.|Từ độ mùng 10 tháng chạp tới giờ, nhịp sống của người dân tại hợp tác xã Mai Vàng Phú Hưng, huyện Châu Thành thêm rộn ràng.
audio_04700|Và đứng đó với liễn súp.|Và đứng đó với liễn súp.
audio_04701|Thỉnh thoảng chúng tôi sẽ ra vườn và chọn các lá cây để làm mục tiêu ngắm bắn.|Thỉnh thoảng chúng tôi sẽ ra vườn và chọn các lá cây để làm mục tiêu ngắm bắn.
audio_04702|Trong hôm nay, tiếp tục là các video liên quan đến những đợt công kích bằng máy bay không người lái của quân đội Nga nhắm vào khu vực trung tâm.|Trong hôm nay, tiếp tục là các video liên quan đến những đợt công kích bằng máy bay không người lái của quân đội Nga nhắm vào khu vực trung tâm.
audio_04703|Cà rắc.|Cà rắc.
audio_04704|Cái sau này xuống giọng. Gà.|Cái sau này xuống giọng. Gà.
audio_04705|Tuy nhiên, tự do không chỉ dừng lại như một biểu tượng cho bản sắc chính trị Mỹ, mà còn hơn thế, đó là mạch máu đang chảy trong huyết quản của mỗi người dân Mỹ.|Tuy nhiên, tự do không chỉ dừng lại như một biểu tượng cho bản sắc chính trị Mỹ, mà còn hơn thế, đó là mạch máu đang chảy trong huyết quản của mỗi người dân Mỹ.
audio_04706|Như tóm tắt sách.|Như tóm tắt sách.
audio_04707|Trong cuốn The Highly Sensitive Person, tác giả tiến sĩ Aligner Elrin đã biêu tạng 4 đặc tính cốt lõi của một người nhạy cảm bằng một từ viết tắt.|Trong cuốn The Highly Sensitive Person, tác giả tiến sĩ Aligner Elrin đã biêu tạng 4 đặc tính cốt lõi của một người nhạy cảm bằng một từ viết tắt.
audio_04708|Đợi em ăn xong em cho cái xương.|Đợi em ăn xong em cho cái xương.
audio_04709|Tức là 100% luôn năng là một năm chúng ta đảm thích một lần.|Tức là 100% luôn năng là một năm chúng ta đảm thích một lần.
audio_04710|Cũng như là kích thước màn hình khá to, 6,7 inch, chúng ta có một cái không gian thao tác khá là rộng rãi.|Cũng như là kích thước màn hình khá to, 6,7 inch, chúng ta có một cái không gian thao tác khá là rộng rãi.
audio_04711|Tao xin mày luôn mày im đi.|Tao xin mày luôn mày im đi.
audio_04712|Không cần nhiều đâu.|Không cần nhiều đâu.
audio_04713|Chỉ trong thời gian ngắn, các chí sĩ thuộc đủ loại phép phái từ tôn vương nhương di, nghĩa là tôn kinh vua, đuổi ngoại xâm.|Chỉ trong thời gian ngắn, các chí sĩ thuộc đủ loại phép phái từ tôn vương nhương di, nghĩa là tôn kinh vua, đuổi ngoại xâm.
audio_04714|Mang mấy đau gạo ra đây.|Mang mấy đau gạo ra đây.
audio_04715|Nếu như nó phù hợp với bạn thì nghĩa là nó tốt.|Nếu như nó phù hợp với bạn thì nghĩa là nó tốt.
audio_04716|Trao đổi với Đoàn Công tác Đồng chí Trông Ngọc Tuấn, Phó Bí thư Thường trực tỉnh ủy, Trường đoàn đại biểu Quốc hội tỉnh thông tin.|Trao đổi với Đoàn Công tác Đồng chí Trông Ngọc Tuấn, Phó Bí thư Thường trực tỉnh ủy, Trường đoàn đại biểu Quốc hội tỉnh thông tin.
audio_04717|Rồi cả những ước vọng của chính mình cũng thay đổi.|Rồi cả những ước vọng của chính mình cũng thay đổi.
audio_04718|Và không chỉ tôi chỉ ra nghiên cứu này.|Và không chỉ tôi chỉ ra nghiên cứu này.
audio_04719|Tôi rất ấn tượng với những vườn vải của Huế Lục Ngạn.|Tôi rất ấn tượng với những vườn vải của Huế Lục Ngạn.
audio_04720|Sự thật thì vẫn luôn tàn nhẫn.|Sự thật thì vẫn luôn tàn nhẫn.
audio_04721|Chỉ có kiến thức được xây trên nền đá tảng của sự chuẩn bị kỹ càng mới có thể tồn tại vững chắc với thời gian.|Chỉ có kiến thức được xây trên nền đá tảng của sự chuẩn bị kỹ càng mới có thể tồn tại vững chắc với thời gian.
audio_04722|Thậm chí là.|Thậm chí là.
audio_04723|Nhận diện thời điểm bạn phản ứng theo cảm xúc.|Nhận diện thời điểm bạn phản ứng theo cảm xúc.
audio_04724|Là niệu quản.|Là niệu quản.
audio_04725|Thí điểm đầu tiên của phong trào này chính là tại trường học cũ của Lương Văn Can và một cơ sở mới tại số 10 hàng đảo gần đó.|Thí điểm đầu tiên của phong trào này chính là tại trường học cũ của Lương Văn Can và một cơ sở mới tại số 10 hàng đảo gần đó.
audio_04726|Thế là cái công cuộc tuyệt thực của Dung đành bỏ giờ.|Thế là cái công cuộc tuyệt thực của Dung đành bỏ giờ.
audio_04727|Hệ miễn dịch mạnh chính là hàng phòng thủ chắc chắn nhất trước bệnh tật.|Hệ miễn dịch mạnh chính là hàng phòng thủ chắc chắn nhất trước bệnh tật.
audio_04728|Lĩnh vực bất động sản sẽ chạm đái trong vòng 1-3 năm tới.|Lĩnh vực bất động sản sẽ chạm đái trong vòng 1-3 năm tới.
audio_04729|Qua quá trình tìm hiểu, tôi nhận ra rằng anh khá có tên thật là Sparky.|Qua quá trình tìm hiểu, tôi nhận ra rằng anh khá có tên thật là Sparky.
audio_04730|Sát động vật, đồng băng dài sát khắp mọi nơi.|Sát động vật, đồng băng dài sát khắp mọi nơi.
audio_04731|Hy vọng video này sẽ giúp ích cho các bạn trong hành trình khởi nghiệp.|Hy vọng video này sẽ giúp ích cho các bạn trong hành trình khởi nghiệp.
audio_04732|Tường vây có thể làm bằng các tấm, rô xi măng, hở lối ra vào.|Tường vây có thể làm bằng các tấm, rô xi măng, hở lối ra vào.
audio_04733|Thì qua bước thứ hai là phải thực hành.|Thì qua bước thứ hai là phải thực hành.
audio_04734|Trừ phi không còn nguồn thức ăn đưa vào nữa. Nguyên liệu vừa đi qua, lập tức được các chất xúc tác trong dạ dày gia công và vác kiệt.|Trừ phi không còn nguồn thức ăn đưa vào nữa. Nguyên liệu vừa đi qua, lập tức được các chất xúc tác trong dạ dày gia công và vác kiệt.
audio_04735|Đòn bánh khi gói xong mà mình cầm cảm thấy chắc tay thì bánh mới dẻ mới ngon được nha.|Đòn bánh khi gói xong mà mình cầm cảm thấy chắc tay thì bánh mới dẻ mới ngon được nha.
audio_04736|Tôi cân nhắc một chút trước khi đáp.|Tôi cân nhắc một chút trước khi đáp.
audio_04737|Trong quá trình thi công, nhộp cọc ván ép trụ T7 cầu Cửa Lấp 2, cần cầu bị đứt cáp xương.|Trong quá trình thi công, nhộp cọc ván ép trụ T7 cầu Cửa Lấp 2, cần cầu bị đứt cáp xương.
audio_04738|Tôi nhìn lại cả một hành trình và nhớ mãi năm 2020 này để bước tiếp trong tương lai và tự tin thành công hơn.|Tôi nhìn lại cả một hành trình và nhớ mãi năm 2020 này để bước tiếp trong tương lai và tự tin thành công hơn.
audio_04739|Vì đang bị cảnh sát điều tra nên ông ta không thể nào tự ý đi điều tra công viên Oddworld được.|Vì đang bị cảnh sát điều tra nên ông ta không thể nào tự ý đi điều tra công viên Oddworld được.
audio_04740|Anh cũng biết là em đến với anh chỉ vì anh có điều kiện tài chính tốt, chứ cũng không có tình cảm gì.|Anh cũng biết là em đến với anh chỉ vì anh có điều kiện tài chính tốt, chứ cũng không có tình cảm gì.
audio_04741|Nhưng hầu như tôi không động đến.|Nhưng hầu như tôi không động đến.
audio_04742|Có rất nhiều bạn hỏi anh là cái kết quả của cái giải chạy phục thù Dointernon 2023 của anh như thế nào.|Có rất nhiều bạn hỏi anh là cái kết quả của cái giải chạy phục thù Dointernon 2023 của anh như thế nào.
audio_04743|Tuy nhiên, đã nắm được thông tin này trên mạng xã hội. Hiện vụ việc đang được Công an 2 tỉnh Long An và Đồng Tháp vào cuộc xác minh điều tra.|Tuy nhiên, đã nắm được thông tin này trên mạng xã hội. Hiện vụ việc đang được Công an 2 tỉnh Long An và Đồng Tháp vào cuộc xác minh điều tra.
audio_04744|Ông là người khai khoa đầu tiên cho 10 vị tiến sĩ làng Yên Ninh.|Ông là người khai khoa đầu tiên cho 10 vị tiến sĩ làng Yên Ninh.
audio_04745|Mỗi thế hệ các nhà khoa học lại có một vài nhà nghiên cứu tập trung vào những điều kỳ lạ và bất thường.|Mỗi thế hệ các nhà khoa học lại có một vài nhà nghiên cứu tập trung vào những điều kỳ lạ và bất thường.
audio_04746|Dọn ra đĩa và thưởng thức thôi các bạn ơi.|Dọn ra đĩa và thưởng thức thôi các bạn ơi.
audio_04747|Mình làm điều tốt thôi.|Mình làm điều tốt thôi.
audio_04748|Trước khi mình mở miệng ra.|Trước khi mình mở miệng ra.
audio_04749|Hắn được kéo ra ngoài và chói tay lại.|Hắn được kéo ra ngoài và chói tay lại.
audio_04750|Như vậy, nếu nói về trải nghiệm của học sinh, thì con số 43 là phù hợp hơn.|Như vậy, nếu nói về trải nghiệm của học sinh, thì con số 43 là phù hợp hơn.
audio_04751|Nhiều nhà sưu tầm khao khát bức tranh ngàn năm tuổi này vì là chân tích của Tô Đông Phà, nhân vật lịch sử được hâm mộ bậc nhất ở Trung Hoa.|Nhiều nhà sưu tầm khao khát bức tranh ngàn năm tuổi này vì là chân tích của Tô Đông Phà, nhân vật lịch sử được hâm mộ bậc nhất ở Trung Hoa.
audio_04752|Theo thống kê cho thấy.|Theo thống kê cho thấy.
audio_04753|Tay cầm thức ăn, vi trùng từ tay theo thức ăn đi vào cơ thể.|Tay cầm thức ăn, vi trùng từ tay theo thức ăn đi vào cơ thể.
audio_04754|Con này mày vô duyên thiệt luôn.|Con này mày vô duyên thiệt luôn.
audio_04755|Vào năm 1962, 41% trẻ em không được đến trường.|Vào năm 1962, 41% trẻ em không được đến trường.
audio_04756|Trước ngày 11 tháng 9 năm 2001, nước Mỹ vẫn đang trải qua những ngày yên bình và không hề có một nguy cơ nào từ bên ngoài.|Trước ngày 11 tháng 9 năm 2001, nước Mỹ vẫn đang trải qua những ngày yên bình và không hề có một nguy cơ nào từ bên ngoài.
audio_04757|Rồi biết ai lấy rồi ha.|Rồi biết ai lấy rồi ha.
audio_04758|Quân đội Nga đã bắt giữ thành công rất nhiều binh sĩ Ukraine bị bỏ lại phía sau.|Quân đội Nga đã bắt giữ thành công rất nhiều binh sĩ Ukraine bị bỏ lại phía sau.
audio_04759|Khi tiếp xúc với những người thân trong gia đình, bé sẽ rất hào hứng và thể hiện mong muốn được chơi cùng.|Khi tiếp xúc với những người thân trong gia đình, bé sẽ rất hào hứng và thể hiện mong muốn được chơi cùng.
audio_04760|Nhưng mà ong đi đâu hết rồi.|Nhưng mà ong đi đâu hết rồi.
audio_04761|Và điều hết sức quan trọng là khi thử nghiệm món ăn tự làm, các bạn phải tự cảm nhận được hương vị có ngon hay không.|Và điều hết sức quan trọng là khi thử nghiệm món ăn tự làm, các bạn phải tự cảm nhận được hương vị có ngon hay không.
audio_04762|Chúng ta thấy nó cũng khá là giống như là cái kiểu mà sống mòn á.|Chúng ta thấy nó cũng khá là giống như là cái kiểu mà sống mòn á.
audio_04763|Đó chính là ý nghĩa của câu chuyện.|Đó chính là ý nghĩa của câu chuyện.
audio_04764|Khu du lịch Bắc Hà, nhiều mây có lúc có mưa, mưa nhỏ, gió nam cấp 2, trời rét đậm, nhiệt độ từ 11-16 độ C, độ ẩm trung bình trên 85%.|Khu du lịch Bắc Hà, nhiều mây có lúc có mưa, mưa nhỏ, gió nam cấp 2, trời rét đậm, nhiệt độ từ 11-16 độ C, độ ẩm trung bình trên 85%.
audio_04765|Cách làm này mình khuyên cũng đã có từng chia sẻ cách đây 6 năm rồi.|Cách làm này mình khuyên cũng đã có từng chia sẻ cách đây 6 năm rồi.
audio_04766|Bạn có bao giờ mang những cảm xúc của người khác trong đầu khi chia sẻ thông tin không?|Bạn có bao giờ mang những cảm xúc của người khác trong đầu khi chia sẻ thông tin không?
audio_04767|Nếu H-ron thực hiện tính chất hạt, chúng ta kỳ vọng các H-ron sẽ tạo nên hai giải song song trên màn chiếu tương ứng với hai khe.|Nếu H-ron thực hiện tính chất hạt, chúng ta kỳ vọng các H-ron sẽ tạo nên hai giải song song trên màn chiếu tương ứng với hai khe.
audio_04768|Những cái điểm gì thì luôn anh nói rồi.|Những cái điểm gì thì luôn anh nói rồi.
audio_04769|Khái niệm này được ông giới thiệu trong cuốn.|Khái niệm này được ông giới thiệu trong cuốn.
audio_04770|Nếu xảy ra chiến tranh hạt nhân.|Nếu xảy ra chiến tranh hạt nhân.
audio_04771|Xong ở khía cạnh ngược lại, Death lại tỏ ra là một kẻ nham hiểm, luôn trêu đùa sinh mạng của Puss.|Xong ở khía cạnh ngược lại, Death lại tỏ ra là một kẻ nham hiểm, luôn trêu đùa sinh mạng của Puss.
audio_04772|Anh em mà bỏ được 7 cái hành động này, bảo đảm lần tiếp theo khi mà anh em đi chơi với cô gái của anh em, cô ấy sẽ cực kỳ thú vị, cô ấy sẽ không có muốn về nhà đâu.|Anh em mà bỏ được 7 cái hành động này, bảo đảm lần tiếp theo khi mà anh em đi chơi với cô gái của anh em, cô ấy sẽ cực kỳ thú vị, cô ấy sẽ không có muốn về nhà đâu.
audio_04773|Nắng chiếu vào nhà, gọi bé đang nằm ngủ, bé thức dậy, chuẩn bị đến trường.|Nắng chiếu vào nhà, gọi bé đang nằm ngủ, bé thức dậy, chuẩn bị đến trường.
audio_04774|Trong khi ấy.|Trong khi ấy.
audio_04775|Giảm tới bến luôn.|Giảm tới bến luôn.
audio_04776|Giờ đây nhằm cắt giảm chi phí.|Giờ đây nhằm cắt giảm chi phí.
audio_04777|Đây là cặp sinh đôi cùng trứng nên về bề ngoài chắc chắn là giống nhau.|Đây là cặp sinh đôi cùng trứng nên về bề ngoài chắc chắn là giống nhau.
audio_04778|Nhưng đó không phải trọng tâm của quyển sách này.|Nhưng đó không phải trọng tâm của quyển sách này.
audio_04779|Những bàn độc thoại nội tâm liên miên khiến bạn sao nhãn thực tại, bỏ lỡ những trải nghiệm đáng quý và đánh mất niềm vui ngay trong khoảnh khắc này.|Những bàn độc thoại nội tâm liên miên khiến bạn sao nhãn thực tại, bỏ lỡ những trải nghiệm đáng quý và đánh mất niềm vui ngay trong khoảnh khắc này.
audio_04780|Chúng ta tầm soát những cái bô líp dù nhỏ... chúng ta phát hiện sớm...|Chúng ta tầm soát những cái bô líp dù nhỏ... chúng ta phát hiện sớm...
audio_04781|Quân đội Nga sử dụng máy bay không người lái tấn công vào các vị trí của quân đội Ukraine như xe tăng và xe bọc thép.|Quân đội Nga sử dụng máy bay không người lái tấn công vào các vị trí của quân đội Ukraine như xe tăng và xe bọc thép.
audio_04782|Bây giờ mình chưa đến cửa 9 rồi, mình thấy nó rất là khó và mình sẽ tạm dừng tại đây.|Bây giờ mình chưa đến cửa 9 rồi, mình thấy nó rất là khó và mình sẽ tạm dừng tại đây.
audio_04783|Chỉ biết rằng họ sẽ trở thành anh hùng giải cứu thế giới.|Chỉ biết rằng họ sẽ trở thành anh hùng giải cứu thế giới.
audio_04784|Ở nhà cũng khốn to.|Ở nhà cũng khốn to.
audio_04785|Và có một điểm nổi bật, đó chính là máy lọc nước của Carofi được trang bị công nghệ SMART, nhờ vậy mà tăng tuổi thọ cho bộ lõi lọc thô đến 12 tháng, cao hơn nhiều so với các máy lọc nước khác trên thị trường.|Và có một điểm nổi bật, đó chính là máy lọc nước của Carofi được trang bị công nghệ SMART, nhờ vậy mà tăng tuổi thọ cho bộ lõi lọc thô đến 12 tháng, cao hơn nhiều so với các máy lọc nước khác trên thị trường.
audio_04786|Do vết thương quá nặng, một trong số 7 ngư dân được cứu vớt đã tử vong trên đường đưa đi cấp cứu.|Do vết thương quá nặng, một trong số 7 ngư dân được cứu vớt đã tử vong trên đường đưa đi cấp cứu.
audio_04787|Hiện nay, cuốn nhật ký vẫn được xem là biểu tượng của niềm tin và hy vọng trước bạo lực và những mối đe dọa.|Hiện nay, cuốn nhật ký vẫn được xem là biểu tượng của niềm tin và hy vọng trước bạo lực và những mối đe dọa.
audio_04788|Ngoài ra Galaxy S24 còn có một tính năng khá là ấn tượng đó là dịch cuộc gọi trực tiếp.|Ngoài ra Galaxy S24 còn có một tính năng khá là ấn tượng đó là dịch cuộc gọi trực tiếp.
audio_04789|Yamamoto có sống đến hết ngày chiến tranh thì cũng không thoát khỏi bị toán tử hình.|Yamamoto có sống đến hết ngày chiến tranh thì cũng không thoát khỏi bị toán tử hình.
audio_04790|Phải trong số đó, một điều sẽ giữ vai trò quan trọng nhất.|Phải trong số đó, một điều sẽ giữ vai trò quan trọng nhất.
audio_04791|Để thương họ.|Để thương họ.
audio_04792|Cahory sau khi đã làm quen và phần nào đó, kiểm soát được sức mạnh mới của mình như là siêu tốc độ hay khả năng điều khiển đồ vật.|Cahory sau khi đã làm quen và phần nào đó, kiểm soát được sức mạnh mới của mình như là siêu tốc độ hay khả năng điều khiển đồ vật.
audio_04793|Hóng tin nọ, hóng tin kia.|Hóng tin nọ, hóng tin kia.
audio_04794|Và mình cho thêm một ít mè rang ha.|Và mình cho thêm một ít mè rang ha.
audio_04795|Các bạn xem mỗi ngày.|Các bạn xem mỗi ngày.
audio_04796|Sau khi cái bánh cam bắt đầu nó rám vàng rồi.|Sau khi cái bánh cam bắt đầu nó rám vàng rồi.
audio_04797|Khu vực Miền Núi, mây thay đổi, ngày giảm mây trời nắng, đêm không mưa, gió Tây Bắc cấp 2, nhiệt độ từ 22 đến 28 độ, độ ẩm từ 83 đến 96%.|Khu vực Miền Núi, mây thay đổi, ngày giảm mây trời nắng, đêm không mưa, gió Tây Bắc cấp 2, nhiệt độ từ 22 đến 28 độ, độ ẩm từ 83 đến 96%.
audio_04798|Huyện phấn đấu nâng giá trị thu hoạch bình quân trên một hectare đất canh tác năm 2024 đến 72,4 triệu đồng.|Huyện phấn đấu nâng giá trị thu hoạch bình quân trên một hectare đất canh tác năm 2024 đến 72,4 triệu đồng.
audio_04799|Hơn nữa, khác với Dead Cell, Slay the Spire hay Vampire Survivor, câu chuyện Hades truyền tài không chỉ là một cuộc phiêu lưu hành động điển hình, mà còn là một câu chuyện sâu lắng về gia đình, tình yêu và ý nghĩa của cuộc sống.|Hơn nữa, khác với Dead Cell, Slay the Spire hay Vampire Survivor, câu chuyện Hades truyền tài không chỉ là một cuộc phiêu lưu hành động điển hình, mà còn là một câu chuyện sâu lắng về gia đình, tình yêu và ý nghĩa của cuộc sống.
audio_04800|Bị khuất phục vì một nỗi sợ hãi không thể cưỡng lại, và không thể giải thích được.|Bị khuất phục vì một nỗi sợ hãi không thể cưỡng lại, và không thể giải thích được.
audio_04801|Sau khi kiểm tra bún mềm rồi lúc đó mình cho ra rổ.|Sau khi kiểm tra bún mềm rồi lúc đó mình cho ra rổ.
audio_04802|Những nhà khoa học trên thế giới cảnh báo liên tục về những hoạt động của con người là nguyên nhân làm cho trái đất nóng lên và hủy hoại đời sống chúng ta, đồng thời chúng ta sẽ gánh hậu quả trong tương lai như thế nào.|Những nhà khoa học trên thế giới cảnh báo liên tục về những hoạt động của con người là nguyên nhân làm cho trái đất nóng lên và hủy hoại đời sống chúng ta, đồng thời chúng ta sẽ gánh hậu quả trong tương lai như thế nào.
audio_04803|Nay là ngày thứ tư rồi.|Nay là ngày thứ tư rồi.
audio_04804|Mời ứng cử.|Mời ứng cử.
audio_04805|Hàng ngày cậu bé phải đi đến trường trên một chiếc xe đạp cũ đã dỉ xét và chỉ có một bàn đạp.|Hàng ngày cậu bé phải đi đến trường trên một chiếc xe đạp cũ đã dỉ xét và chỉ có một bàn đạp.
audio_04806|Thứ nhất, ông gù mặc cảm cho hình dạng kỳ quái của mình, lại không quê hương thân thích nên ông không dám nghĩ tới chuyện vợ con.|Thứ nhất, ông gù mặc cảm cho hình dạng kỳ quái của mình, lại không quê hương thân thích nên ông không dám nghĩ tới chuyện vợ con.
audio_04807|Vấn đề của thích nghi là gì?|Vấn đề của thích nghi là gì?
audio_04808|Không hẳn.|Không hẳn.
audio_04809|Rồi khi mà thuế họ có những cái dữ liệu đổ về.|Rồi khi mà thuế họ có những cái dữ liệu đổ về.
audio_04810|Thay vì mua hai thùng nước để gánh từ hồ về làng như Ed, Bill lập ra một kế hoạch kinh doanh, tạo ra một công ty.|Thay vì mua hai thùng nước để gánh từ hồ về làng như Ed, Bill lập ra một kế hoạch kinh doanh, tạo ra một công ty.
audio_04811|Và chẳng bao lâu sẽ bị trôn vùi như một thứ bỏ đi.|Và chẳng bao lâu sẽ bị trôn vùi như một thứ bỏ đi.
audio_04812|Do đó, họ thích môi trường ít bị tác động như thư viện.|Do đó, họ thích môi trường ít bị tác động như thư viện.
audio_04813|Ngồi xuống trước máy tính của mình, bật Google lên và bắt đầu tìm kiếm thông tin về thế giới tuyệt vời của công việc canh gác rất ngủ.|Ngồi xuống trước máy tính của mình, bật Google lên và bắt đầu tìm kiếm thông tin về thế giới tuyệt vời của công việc canh gác rất ngủ.
audio_04814|Các hãng A0 thì đương nhiên là có chuyến bay ở đây thì anh phải có nhân viên đại diện cái gì đó để làm thủ tục hải quan.|Các hãng A0 thì đương nhiên là có chuyến bay ở đây thì anh phải có nhân viên đại diện cái gì đó để làm thủ tục hải quan.
audio_04815|Rất là thơm luôn đó các bạn.|Rất là thơm luôn đó các bạn.
audio_04816|Nó đậm đặc lắm.|Nó đậm đặc lắm.
audio_04817|Tuy nhiên, với cách làm này cậu lại tốn rất nhiều thời gian và thậm chí là nếu ghi nhớ thì sẽ rất dễ bị quên.|Tuy nhiên, với cách làm này cậu lại tốn rất nhiều thời gian và thậm chí là nếu ghi nhớ thì sẽ rất dễ bị quên.
audio_04818|Xem thông tin chi tiết.|Xem thông tin chi tiết.
audio_04819|Tấm lòng bao dung cùng trái tim rộng lớn của cây phỉ đã giúp chú trở thành người thủ lĩnh tài ba, đồng thời còn giúp những chú thỏ khác trưởng thành hơn.|Tấm lòng bao dung cùng trái tim rộng lớn của cây phỉ đã giúp chú trở thành người thủ lĩnh tài ba, đồng thời còn giúp những chú thỏ khác trưởng thành hơn.
audio_04820|Hoặc khi cảm thấy bị khiêu khích ta có thể tự cho bản thân một khoảng nghĩ để bình tĩnh lại.|Hoặc khi cảm thấy bị khiêu khích ta có thể tự cho bản thân một khoảng nghĩ để bình tĩnh lại.
audio_04821|Tôi cuốc lấy quặng rồi trở lên trên tinh chế nốt hai cục tinh thể còn lại.|Tôi cuốc lấy quặng rồi trở lên trên tinh chế nốt hai cục tinh thể còn lại.
audio_04822|Từ bao quát ở đây được hiểu theo cách hiểu của Kahn-Hempel.|Từ bao quát ở đây được hiểu theo cách hiểu của Kahn-Hempel.
audio_04823|Cái vỏ này nó siêu mỏng.|Cái vỏ này nó siêu mỏng.
audio_04824|Ok, bây giờ kiếm ra lãi thì mình sẽ nhìn sâu hơn như thế nào.|Ok, bây giờ kiếm ra lãi thì mình sẽ nhìn sâu hơn như thế nào.
audio_04825|Mình dán đều bột.|Mình dán đều bột.
audio_04826|Và chỉ nhờ làm vậy.|Và chỉ nhờ làm vậy.
audio_04827|Lỡ như ba đốt nhà của nó thì tính sao?|Lỡ như ba đốt nhà của nó thì tính sao?
audio_04828|Bên cạnh đó, an ninh không chỉ là việc có đủ lực lượng cảnh sát và nhân viên, đó còn là việc đảm bảo họ được huấn luyện đúng cách, biết cách phản ứng nhanh chóng và hiệu quả trước mọi tình huống bất ngờ.|Bên cạnh đó, an ninh không chỉ là việc có đủ lực lượng cảnh sát và nhân viên, đó còn là việc đảm bảo họ được huấn luyện đúng cách, biết cách phản ứng nhanh chóng và hiệu quả trước mọi tình huống bất ngờ.
audio_04829|Vì sao liên quân Ả Rập không đánh bạ được Hầu Thì?|Vì sao liên quân Ả Rập không đánh bạ được Hầu Thì?
audio_04830|Gấu con nghĩ gì?|Gấu con nghĩ gì?
audio_04831|Có những người tin rằng.|Có những người tin rằng.
audio_04832|Trên phổ kiến thức.|Trên phổ kiến thức.
audio_04833|Vị thế của Chelsea bắt đầu được cải thiện qua từng năm.|Vị thế của Chelsea bắt đầu được cải thiện qua từng năm.
audio_04834|Những dân tộc sơ khai đều tỏ lòng tôn kính người có tay lớn và trái tay dài.|Những dân tộc sơ khai đều tỏ lòng tôn kính người có tay lớn và trái tay dài.
audio_04835|Tù sĩ Dan Rayland cho rằng.|Tù sĩ Dan Rayland cho rằng.
audio_04836|Mình nghĩ mình lên cả chiến hết zombie đi để...|Mình nghĩ mình lên cả chiến hết zombie đi để...
audio_04837|Loại thứ ba.|Loại thứ ba.
audio_04838|Là tự mình thử nghiệm.|Là tự mình thử nghiệm.
audio_04839|Là gì nhở?|Là gì nhở?
audio_04840|Đồng thời mong các chức sắc chấp diệt bà con tính đồ các tôn giáo tiếp tục phát huy những kết quả thời gian qua, chung lòng góp sức vào sự phát triển của thành phố, của toàn dùng.|Đồng thời mong các chức sắc chấp diệt bà con tính đồ các tôn giáo tiếp tục phát huy những kết quả thời gian qua, chung lòng góp sức vào sự phát triển của thành phố, của toàn dùng.
audio_04841|Con cứ nằm nhà như thế này.|Con cứ nằm nhà như thế này.
audio_04842|Cải thiện trải nghiệm mua sắm của khách hàng.|Cải thiện trải nghiệm mua sắm của khách hàng.
audio_04843|Dĩ nhiên với tình hình như vậy một cây son tôi cũng chẳng dám mua.|Dĩ nhiên với tình hình như vậy một cây son tôi cũng chẳng dám mua.
audio_04844|Nhận diện khả năng đặc biệt của bản thân.|Nhận diện khả năng đặc biệt của bản thân.
audio_04845|Bắn 2 bên.|Bắn 2 bên.
audio_04846|Để xíu cho dễ chiên.|Để xíu cho dễ chiên.
audio_04847|Khi ấy, ông nhận được 73% tỷ lệ phiếu bầu.|Khi ấy, ông nhận được 73% tỷ lệ phiếu bầu.
audio_04848|Nhưng vì Norman bị ám ảnh bởi công nghệ Xen dẫn đến một tai nạn tương tâm trong quá khứ nên hai người họ đã tách ra làm riêng.|Nhưng vì Norman bị ám ảnh bởi công nghệ Xen dẫn đến một tai nạn tương tâm trong quá khứ nên hai người họ đã tách ra làm riêng.
audio_04849|Ủa, nhiễm hóa chất là sao?|Ủa, nhiễm hóa chất là sao?
audio_04850|Mỗi cán bộ, giáo viên và học sinh đến trường sau kỳ nghỉ Tết.|Mỗi cán bộ, giáo viên và học sinh đến trường sau kỳ nghỉ Tết.
audio_04851|Tiếp đến, trong một ending ẩn của game, nhân vật Lacey lại tỏ rõ thái độ bực tức và bắt đầu chửi rùa khách hàng.|Tiếp đến, trong một ending ẩn của game, nhân vật Lacey lại tỏ rõ thái độ bực tức và bắt đầu chửi rùa khách hàng.
audio_04852|Bà mẹ đã vất vả nuôi nướng con.|Bà mẹ đã vất vả nuôi nướng con.
audio_04853|Thì mình phải xem cái này nó khó thiệt.|Thì mình phải xem cái này nó khó thiệt.
audio_04854|Mọi thứ nó đều rất là tông sự tông với nhau.|Mọi thứ nó đều rất là tông sự tông với nhau.
audio_04855|Theo các chuyên gia xã hội học, nếu tỷ lệ sinh vẫn tiếp tục trong tình trạng thấp bền vững như vậy, thì chỉ trong khoảng 20 đến 30 năm tới, Trung Quốc sẽ trở thành một nước có dân số giả.|Theo các chuyên gia xã hội học, nếu tỷ lệ sinh vẫn tiếp tục trong tình trạng thấp bền vững như vậy, thì chỉ trong khoảng 20 đến 30 năm tới, Trung Quốc sẽ trở thành một nước có dân số giả.
audio_04856|Thực vật giống như là động vật, dù là ban ngày hay ban đêm đều phải hô hấp.|Thực vật giống như là động vật, dù là ban ngày hay ban đêm đều phải hô hấp.
audio_04857|Nó sẽ vừa nói về cuộc sống dưới góc nhìn của một con mèo vừa là cái nhìn của một người chủ với mèo ấy.|Nó sẽ vừa nói về cuộc sống dưới góc nhìn của một con mèo vừa là cái nhìn của một người chủ với mèo ấy.
audio_04858|Tập tiếp theo mở đầu bằng việc hội trưởng Anna nhận được một lá thư trong tủ dây và Saotome trực tiếp đến gặp Okuna và nói ra bí mật thấy được hôm trước.|Tập tiếp theo mở đầu bằng việc hội trưởng Anna nhận được một lá thư trong tủ dây và Saotome trực tiếp đến gặp Okuna và nói ra bí mật thấy được hôm trước.
audio_04859|Gánh nặng của cuộc điều tra này sẽ đồ dồn lên đội hình sự thuộc biệt đội Nice của cảnh sát tử pháp với 30 người.|Gánh nặng của cuộc điều tra này sẽ đồ dồn lên đội hình sự thuộc biệt đội Nice của cảnh sát tử pháp với 30 người.
audio_04860|Cuối cùng, chúng tôi đã tách nhau ra và chia thành hai phe đối địch.|Cuối cùng, chúng tôi đã tách nhau ra và chia thành hai phe đối địch.
audio_04861|Nếu không có kỷ quần gấp 2022, thì có lẽ hình dung của chúng ta về đất nước này chỉ là một đất nước Trung Đông nhỏ bé và giàu có.|Nếu không có kỷ quần gấp 2022, thì có lẽ hình dung của chúng ta về đất nước này chỉ là một đất nước Trung Đông nhỏ bé và giàu có.
audio_04862|Kiểm tra y tế và ra mắt đội bóng mới.|Kiểm tra y tế và ra mắt đội bóng mới.
audio_04863|Tóm lại, diễn viên phụ trong Wonka không chỉ thêm thắt các tình huống nhằm phát triển nội dung phim, mà họ còn giúp thông điệp của bộ phim có chiều sâu truyền tải.|Tóm lại, diễn viên phụ trong Wonka không chỉ thêm thắt các tình huống nhằm phát triển nội dung phim, mà họ còn giúp thông điệp của bộ phim có chiều sâu truyền tải.
audio_04864|Những sinh vật này không phải thần thánh, cũng chẳng phải con người, nhưng chúng lại đóng vai trò không thể thiếu trong những câu chuyện cổ xưa nhất của người Hy Lạp.|Những sinh vật này không phải thần thánh, cũng chẳng phải con người, nhưng chúng lại đóng vai trò không thể thiếu trong những câu chuyện cổ xưa nhất của người Hy Lạp.
audio_04865|Tham dự hội nghị có các thành viên Ban Chỉ đạo Công tác, Quản lý, Bảo vệ và Phát triển rừng tỉnh, lãnh đạo Ủy ban Nhân dân các huyện, thành phố, đại diện các đơn vị chủ rừng.|Tham dự hội nghị có các thành viên Ban Chỉ đạo Công tác, Quản lý, Bảo vệ và Phát triển rừng tỉnh, lãnh đạo Ủy ban Nhân dân các huyện, thành phố, đại diện các đơn vị chủ rừng.
audio_04866|Sau đó, giả sử bạn chọn ổ cửa thứ nhất, Monty Ho mở ra ổ cửa thứ 2, và đó là một con dê.|Sau đó, giả sử bạn chọn ổ cửa thứ nhất, Monty Ho mở ra ổ cửa thứ 2, và đó là một con dê.
audio_04867|Có chuyện gì thế hả?|Có chuyện gì thế hả?
audio_04868|Mục tiêu đến năm 2025, Khánh Hòa sẽ trở thành đô thị loại 1 trực thuộc Trung ương.|Mục tiêu đến năm 2025, Khánh Hòa sẽ trở thành đô thị loại 1 trực thuộc Trung ương.
audio_04869|Chị gái không đối xử tệ với Đạo Tĩnh về mặt vật chất, nhưng chị cũng bận lo gia đình riêng nên thật sự không quan tâm đến Đạo Tĩnh, thường chỉ phớt lờ cô.|Chị gái không đối xử tệ với Đạo Tĩnh về mặt vật chất, nhưng chị cũng bận lo gia đình riêng nên thật sự không quan tâm đến Đạo Tĩnh, thường chỉ phớt lờ cô.
audio_04870|Thế này nhé.|Thế này nhé.
audio_04871|Giờ cuộc đời của tôi sắp sang trang mới rồi các bạn ơi.|Giờ cuộc đời của tôi sắp sang trang mới rồi các bạn ơi.
audio_04872|Tóm lại, người đàn ông có thể để người đàn bà nói ra các vấn đề của họ mà không cần phải cho một lời khuyên nào.|Tóm lại, người đàn ông có thể để người đàn bà nói ra các vấn đề của họ mà không cần phải cho một lời khuyên nào.
audio_04873|Đó là cái tháng 2 nó rơi vào Tết.|Đó là cái tháng 2 nó rơi vào Tết.
audio_04874|Hắn đến Afghanistan và Pakistan để tìm hiểu vân hào quang của những chiến binh thánh chiến.|Hắn đến Afghanistan và Pakistan để tìm hiểu vân hào quang của những chiến binh thánh chiến.
audio_04875|Ông ngụ ý rằng, con phải tự lập, bây giờ con đã là người lớn rồi, đừng trông cậy vào bất kỳ ai.|Ông ngụ ý rằng, con phải tự lập, bây giờ con đã là người lớn rồi, đừng trông cậy vào bất kỳ ai.
audio_04876|Cậu con trai lớn của bạn.|Cậu con trai lớn của bạn.
audio_04877|Kính chúc bác sĩ và gia đình một năm mới mạnh khỏe, hạnh phúc, an khang, thịt vượng.|Kính chúc bác sĩ và gia đình một năm mới mạnh khỏe, hạnh phúc, an khang, thịt vượng.
audio_04878|Thay đổi tận gốc các thói quen xấu đang tồn tại cũng giống như các chất gây nghiện liên quan đến quá trình thay đổi tâm lý và đòi hỏi sự trợ giúp chuyên môn.|Thay đổi tận gốc các thói quen xấu đang tồn tại cũng giống như các chất gây nghiện liên quan đến quá trình thay đổi tâm lý và đòi hỏi sự trợ giúp chuyên môn.
audio_04879|Mày nghĩ mày giữ cho người yêu là cao thượng.|Mày nghĩ mày giữ cho người yêu là cao thượng.
audio_04880|Nghe nói dọn này mày live stream bán hàng được nhỉ.|Nghe nói dọn này mày live stream bán hàng được nhỉ.
audio_04881|Bạn sẽ tìm thấy câu trả lời trong cuốn sách đáng yêu này.|Bạn sẽ tìm thấy câu trả lời trong cuốn sách đáng yêu này.
audio_04882|Hãy ứng dụng các bước trong quy trình và những bí quyết bán hàng được gợi ý ở từng chương.|Hãy ứng dụng các bước trong quy trình và những bí quyết bán hàng được gợi ý ở từng chương.
audio_04883|Thủ tướng yêu cầu tiếp tục quán triệt, thực hiện đồng bộ, quyết liệt, hiệu quả các nhiệm vụ, giải pháp.|Thủ tướng yêu cầu tiếp tục quán triệt, thực hiện đồng bộ, quyết liệt, hiệu quả các nhiệm vụ, giải pháp.
audio_04884|Thì đây là một cái điểm mà tính đến thời điểm này ha, chỉ mới có dòng S4 có thôi.|Thì đây là một cái điểm mà tính đến thời điểm này ha, chỉ mới có dòng S4 có thôi.
audio_04885|Chắc tại đầu óc sinh viên trường top nó vậy.|Chắc tại đầu óc sinh viên trường top nó vậy.
audio_04886|Chẳng hạn như Leptonstoy vươn lên ngày mỗi vững vàng chắc chắn, và vẫn sẽ tiếp tục vươn lên ngày một cao hơn.|Chẳng hạn như Leptonstoy vươn lên ngày mỗi vững vàng chắc chắn, và vẫn sẽ tiếp tục vươn lên ngày một cao hơn.
audio_04887|Còn CK1 thì bắt đầu bước vào cái nhóm thuộc dạng Lão Thành rồi.|Còn CK1 thì bắt đầu bước vào cái nhóm thuộc dạng Lão Thành rồi.
audio_04888|Ha Nguyệt Luân, mẹ của thiết mộc chân đến từ vùng thảo nguyên phương Đông bà được gả cho một người miệt nhì khất có tên là Chi Lê Tu người đã trải qua một quãng đường dài để đến hỏi cưới bà.|Ha Nguyệt Luân, mẹ của thiết mộc chân đến từ vùng thảo nguyên phương Đông bà được gả cho một người miệt nhì khất có tên là Chi Lê Tu người đã trải qua một quãng đường dài để đến hỏi cưới bà.
audio_04889|Có những đồng hồ sẽ chạy rất là nhanh.|Có những đồng hồ sẽ chạy rất là nhanh.
audio_04890|Nhưng mà cũng không đúng khi bắt chúng tới một địa điểm nào đó mà chưa hỏi ý kiến của chúng. Suy cho cùng, ta chẳng thể khẳng định được trong việc này, quan điểm nào đúng, quan điểm nào sai. Việc ai đó muốn đẻ hay không cũng thuộc vào chính họ.|Nhưng mà cũng không đúng khi bắt chúng tới một địa điểm nào đó mà chưa hỏi ý kiến của chúng. Suy cho cùng, ta chẳng thể khẳng định được trong việc này, quan điểm nào đúng, quan điểm nào sai. Việc ai đó muốn đẻ hay không cũng thuộc vào chính họ.
audio_04891|Chỉ mong làm sao cái đội trộp giật, cái đội lươn lẹo nó không phá nát cái thị trường nữa.|Chỉ mong làm sao cái đội trộp giật, cái đội lươn lẹo nó không phá nát cái thị trường nữa.
audio_04892|Sau đến đầu tuần sau thì ở các khu vực trên vẫn tiếp tục có mưa rào và rông, cục bộ có mưa vừa, mưa to.|Sau đến đầu tuần sau thì ở các khu vực trên vẫn tiếp tục có mưa rào và rông, cục bộ có mưa vừa, mưa to.
audio_04893|Người kia nói.|Người kia nói.
audio_04894|Chứng kiến em gái mình bị khống chế với tên quái vật dị hậm và với chiếc dìu trên tay.|Chứng kiến em gái mình bị khống chế với tên quái vật dị hậm và với chiếc dìu trên tay.
audio_04895|Nhưng mà Hadilao ở rất xa chỗ trao ở.|Nhưng mà Hadilao ở rất xa chỗ trao ở.
audio_04896|Làm người nên tuân theo ý của trời và hành sự một cách vô tư.|Làm người nên tuân theo ý của trời và hành sự một cách vô tư.
audio_04897|Mà bác ở đây nó cũng kiểu như là.|Mà bác ở đây nó cũng kiểu như là.
audio_04898|Một là chính phủ quân sự sẽ tuyên bố giải tán, nhường đường cho một cuộc bầu cử tự do.|Một là chính phủ quân sự sẽ tuyên bố giải tán, nhường đường cho một cuộc bầu cử tự do.
audio_04899|Bên cạnh công tác quân sự, từ ngày 1-15-1-1950.|Bên cạnh công tác quân sự, từ ngày 1-15-1-1950.
audio_04900|Và bạn đang bị dẫn dắt hành vi.|Và bạn đang bị dẫn dắt hành vi.
audio_04901|Nó than phiền với mình.|Nó than phiền với mình.
audio_04902|Đã mất mấy năm trời tìm tòi.|Đã mất mấy năm trời tìm tòi.
audio_04903|Các ngành chức năng.|Các ngành chức năng.
audio_04904|Tuy nhiên có một thứ mà mình cảm thấy rất rất là tự tin đó chính là làm việc tại nhà.|Tuy nhiên có một thứ mà mình cảm thấy rất rất là tự tin đó chính là làm việc tại nhà.
audio_04905|Lúc đó, có hối hận cũng không còn kịp nữa rồi.|Lúc đó, có hối hận cũng không còn kịp nữa rồi.
audio_04906|Rồi lúc đó mình hãy gói ha.|Rồi lúc đó mình hãy gói ha.
audio_04907|Cái bao da ha.|Cái bao da ha.
audio_04908|Lựa chọn duy nhất của Israel là theo đuổi chất lượng dựa trên sự sáng tạo.|Lựa chọn duy nhất của Israel là theo đuổi chất lượng dựa trên sự sáng tạo.
audio_04909|Anh ơi, mọi người đồn rằng có một kẻ lưu manh trong thị trấn.|Anh ơi, mọi người đồn rằng có một kẻ lưu manh trong thị trấn.
audio_04910|Chúng ta phải tôn trọng ý kiến của em bé.|Chúng ta phải tôn trọng ý kiến của em bé.
audio_04911|Chúng tôi tập trung vào tiếng Anh, bởi đây là ngoại ngữ thông dụng, chiếc cầu nối quan trọng để bạn bước tiếp trên con đường học vấn và làm việc trong môi trường quốc tế.|Chúng tôi tập trung vào tiếng Anh, bởi đây là ngoại ngữ thông dụng, chiếc cầu nối quan trọng để bạn bước tiếp trên con đường học vấn và làm việc trong môi trường quốc tế.
audio_04912|Quốc gia Trung Phi này đặt mục tiêu tiêm chủng cho khoảng 250.000 trẻ em trong năm nay và năm tới.|Quốc gia Trung Phi này đặt mục tiêu tiêm chủng cho khoảng 250.000 trẻ em trong năm nay và năm tới.
audio_04913|Đến với phần dự báo chi tiết các khu vực trong cả nước đêm nay và ngày mai.|Đến với phần dự báo chi tiết các khu vực trong cả nước đêm nay và ngày mai.
audio_04914|Tôi không còn nghĩ đến những cuộc cãi vã của hai vợ chồng vào buổi sáng vì tôi đi làm muộn hay tại sao anh lại làm chuyện này chuyện kia hay chuyện gì sẽ diễn ra vào Giáng sinh hay chúng tôi phải nói chuyện về mẹ anh.|Tôi không còn nghĩ đến những cuộc cãi vã của hai vợ chồng vào buổi sáng vì tôi đi làm muộn hay tại sao anh lại làm chuyện này chuyện kia hay chuyện gì sẽ diễn ra vào Giáng sinh hay chúng tôi phải nói chuyện về mẹ anh.
audio_04915|Harry không kiềm chế nổi mà nhập cuộc cùng Bell và Austin.|Harry không kiềm chế nổi mà nhập cuộc cùng Bell và Austin.
audio_04916|Thôi, chúng ta cùng đi tiếp.|Thôi, chúng ta cùng đi tiếp.
audio_04917|Sẽ theo diễn biến trong manga, ngoài Yuji, Hiromi và Hakari là những nhân vật chắc chắn sẽ lao vào trận đấu với Sú.|Sẽ theo diễn biến trong manga, ngoài Yuji, Hiromi và Hakari là những nhân vật chắc chắn sẽ lao vào trận đấu với Sú.
audio_04918|Có thể nói đây là một nội dung không hề mới mẻ, thậm chí có phần đi theo lối mòn và dễ đoán.|Có thể nói đây là một nội dung không hề mới mẻ, thậm chí có phần đi theo lối mòn và dễ đoán.
audio_04919|Thoạt tiên Kahn đã lấy toán học làm mẫu mực phương pháp luận cho chiết học.|Thoạt tiên Kahn đã lấy toán học làm mẫu mực phương pháp luận cho chiết học.
audio_04920|Tuyến đường kết nối với đường liên huyện chư P, Yakrai, Trập Rông, Đức C tạo thành tuyến giao thông liên hoàn và giao thông khép kín phía tây của tỉnh Gia Lai với tổng chiều dài hơn 150 km.|Tuyến đường kết nối với đường liên huyện chư P, Yakrai, Trập Rông, Đức C tạo thành tuyến giao thông liên hoàn và giao thông khép kín phía tây của tỉnh Gia Lai với tổng chiều dài hơn 150 km.
audio_04921|Nếu ướp lâu thì các bạn nhớ bọc ráp và cho vào ngăn mát tủ lạnh để thịt được tươi ha.|Nếu ướp lâu thì các bạn nhớ bọc ráp và cho vào ngăn mát tủ lạnh để thịt được tươi ha.
audio_04922|Đến đây thì phải bái phục ekip và đội chịu chơi của Mono, khi mà MV trước thì đưa khán giả đi bảo tàng nghệ thuật lịch lãm.|Đến đây thì phải bái phục ekip và đội chịu chơi của Mono, khi mà MV trước thì đưa khán giả đi bảo tàng nghệ thuật lịch lãm.
audio_04923|Tổng thống Mỹ đương nhiệm Joe Biden, vốn rốt thân từ Đảng Dân Chủ, đã giành chiến thắng ở khu vực này trong cuộc tổng tuyển cử năm 2020 với 92% phiếu bầu.|Tổng thống Mỹ đương nhiệm Joe Biden, vốn rốt thân từ Đảng Dân Chủ, đã giành chiến thắng ở khu vực này trong cuộc tổng tuyển cử năm 2020 với 92% phiếu bầu.
audio_04924|Điện tín giúp cho việc đi lại trở nên an toàn hơn.|Điện tín giúp cho việc đi lại trở nên an toàn hơn.
audio_04925|Trong tình yêu, bạn có khuôn hướng cực đoan.|Trong tình yêu, bạn có khuôn hướng cực đoan.
audio_04926|Hay hầu hết là những hoạt động đó đều vô thưởng vô phạt.|Hay hầu hết là những hoạt động đó đều vô thưởng vô phạt.
audio_04927|Trước khi mà tôi lên cái bài này rồi.|Trước khi mà tôi lên cái bài này rồi.
audio_04928|Chưa kể đến là các mảng miếng hài trong phim cũng rất 50-50, không hề có sự chọn lọc hay sắp xếp hợp lý.|Chưa kể đến là các mảng miếng hài trong phim cũng rất 50-50, không hề có sự chọn lọc hay sắp xếp hợp lý.
audio_04929|Anh là Saitama, người thực thị công lý.|Anh là Saitama, người thực thị công lý.
audio_04930|Nhưng khách sạn chỉ có 2 tầng, đây chắc chắn là một cái bẫy.|Nhưng khách sạn chỉ có 2 tầng, đây chắc chắn là một cái bẫy.
audio_04931|Đồng chí Thái Thanh Bình, Ủy viên Ban Thường vụ tỉnh ủy, Chủ nhiệm Ủy ban kiểm tra tỉnh ủy, Trưởng Ban Chỉ đạo Biên soạn sách và Tiến sĩ Nguyễn Thị Kim Vân.|Đồng chí Thái Thanh Bình, Ủy viên Ban Thường vụ tỉnh ủy, Chủ nhiệm Ủy ban kiểm tra tỉnh ủy, Trưởng Ban Chỉ đạo Biên soạn sách và Tiến sĩ Nguyễn Thị Kim Vân.
audio_04932|Xem ra lũ quái vật đang rất nóng lòng để được thoát ra bên ngoài và báo cứ thù kẻ đã chốt chúng vào đây.|Xem ra lũ quái vật đang rất nóng lòng để được thoát ra bên ngoài và báo cứ thù kẻ đã chốt chúng vào đây.
audio_04933|Mình xoay người đi, miếm môi nhịn cười.|Mình xoay người đi, miếm môi nhịn cười.
audio_04934|Có đồ ăn các bạn ơi.|Có đồ ăn các bạn ơi.
audio_04935|Thiết bị này được tạo ra để giúp đỡ những người nghiện điện thoại.|Thiết bị này được tạo ra để giúp đỡ những người nghiện điện thoại.
audio_04936|Đến với tay hương.|Đến với tay hương.
audio_04937|Tuấn Trần nỗ lực biến mình thành một gã khôn vặt nhưng có tình người.|Tuấn Trần nỗ lực biến mình thành một gã khôn vặt nhưng có tình người.
audio_04938|Đó là một ngày có lời theo nhiều cách.|Đó là một ngày có lời theo nhiều cách.
audio_04939|Mô tả có thể giúp tăng hiệu ứng cho sự tương phản.|Mô tả có thể giúp tăng hiệu ứng cho sự tương phản.
audio_04940|Tôi có qua lại với Kiệt thì cũng không đến lượt anh quan tâm.|Tôi có qua lại với Kiệt thì cũng không đến lượt anh quan tâm.
audio_04941|Và gan nó cũng liên quan rất nhiều đến việc phân giải protein của chúng ta.|Và gan nó cũng liên quan rất nhiều đến việc phân giải protein của chúng ta.
audio_04942|Anh cũng không có nhiều phân đoạn hồi tưởng về ký ức đau buồn của người cha nhà sĩ mà anh luôn kính sợ, mà thay vào đó là một lòng theo đuổi đam mê chế tạo sô-cô-la ma thuật.|Anh cũng không có nhiều phân đoạn hồi tưởng về ký ức đau buồn của người cha nhà sĩ mà anh luôn kính sợ, mà thay vào đó là một lòng theo đuổi đam mê chế tạo sô-cô-la ma thuật.
audio_04943|Công ty Universal Baseball Association, Inc.|Công ty Universal Baseball Association, Inc.
audio_04944|Nhưng mà cái cây thực tế thì nhiều khi là mình nhìn thấy à mình xử lý như thế thì trong thực tế đúng là người ta làm như thế thật.|Nhưng mà cái cây thực tế thì nhiều khi là mình nhìn thấy à mình xử lý như thế thì trong thực tế đúng là người ta làm như thế thật.
audio_04945|Có câu nói này mà Ngân rất thích.|Có câu nói này mà Ngân rất thích.
audio_04946|Trong khi Nga đổ bộ ở sau lưng, quân Ukraine hoang mang chẳng biết phải làm gì.|Trong khi Nga đổ bộ ở sau lưng, quân Ukraine hoang mang chẳng biết phải làm gì.
audio_04947|Rồi còn dạ diễn xuất nữa.|Rồi còn dạ diễn xuất nữa.
audio_04948|Nhưng anh ta lại lầm tưởng rằng mình biết điều đó mặc dù chẳng biết gì.|Nhưng anh ta lại lầm tưởng rằng mình biết điều đó mặc dù chẳng biết gì.
audio_04949|Hai tác giả của cuốn sách đã kết hợp rất thành công giữa lý thuyết và ứng dụng thực tế, tạo nên một cuốn sách thú vị và hữu ích.|Hai tác giả của cuốn sách đã kết hợp rất thành công giữa lý thuyết và ứng dụng thực tế, tạo nên một cuốn sách thú vị và hữu ích.
audio_04950|Đặc biệt là khi mình dùng khuôn vuông, làm vậy sẽ giúp cho bột được dàn đều vào 4 góc bánh.|Đặc biệt là khi mình dùng khuôn vuông, làm vậy sẽ giúp cho bột được dàn đều vào 4 góc bánh.
audio_04951|Ông anh trai em mới mở spa, chỉ có nhà em mới có cái này thôi.|Ông anh trai em mới mở spa, chỉ có nhà em mới có cái này thôi.
audio_04952|Tôi cố đánh cho thằng con tỉnh ra.|Tôi cố đánh cho thằng con tỉnh ra.
audio_04953|Khi mình ăn vào cái cảm nhận đầu tiên là cái phần xá xíu nó rất là thơm nè.|Khi mình ăn vào cái cảm nhận đầu tiên là cái phần xá xíu nó rất là thơm nè.
audio_04954|Có ba lý do cho việc vì sao Nam Tư lại từ bỏ chương trình vũ khí hạt nhân của mình.|Có ba lý do cho việc vì sao Nam Tư lại từ bỏ chương trình vũ khí hạt nhân của mình.
audio_04955|Các học giả có thể dễ dàng đọc các ký tự, nhưng từ ngữ lại vô nghĩa vì chúng đã được ghi lại bằng một ngôn ngữ sử dụng ký tự tiếng Trung để biểu thị âm thanh của tiếng Mông Cổ thế kỷ 13.|Các học giả có thể dễ dàng đọc các ký tự, nhưng từ ngữ lại vô nghĩa vì chúng đã được ghi lại bằng một ngôn ngữ sử dụng ký tự tiếng Trung để biểu thị âm thanh của tiếng Mông Cổ thế kỷ 13.
audio_04956|Chào các bạn đã quay lại với kênh Cô Ba Bình Dương.|Chào các bạn đã quay lại với kênh Cô Ba Bình Dương.
audio_04957|Sốt cuộc.|Sốt cuộc.
audio_04958|Hay còn gọi là.|Hay còn gọi là.
audio_04959|Nếu thích ăn nhiều trứng thì anh chị cho 2 trứng luôn nha.|Nếu thích ăn nhiều trứng thì anh chị cho 2 trứng luôn nha.
audio_04960|Chồng nàng thật đúng như người mất hồn.|Chồng nàng thật đúng như người mất hồn.
audio_04961|Soạn giả Walter Ziegler, rất khiêm tốn và đầy thịnh tình trong giao tiếp, đã chứng tỏ sự thành công của ông trong công việc tổng hợp này.|Soạn giả Walter Ziegler, rất khiêm tốn và đầy thịnh tình trong giao tiếp, đã chứng tỏ sự thành công của ông trong công việc tổng hợp này.
audio_04962|Những cái việc mình nên làm.|Những cái việc mình nên làm.
audio_04963|Bảo sao trong các ending, mỗi khi có sự xuất hiện của kẻ sát nhân thì chiếc ô tô quen thuộc vẫn luôn xuất hiện.|Bảo sao trong các ending, mỗi khi có sự xuất hiện của kẻ sát nhân thì chiếc ô tô quen thuộc vẫn luôn xuất hiện.
audio_04964|Quân đội Ukraine dù có phát hiện ra động tính của Nga thì cũng chẳng có đạn mà bắn tới.|Quân đội Ukraine dù có phát hiện ra động tính của Nga thì cũng chẳng có đạn mà bắn tới.
audio_04965|Tôi không thể nhìn thấy gì cả.|Tôi không thể nhìn thấy gì cả.
audio_04966|Và tại sao nó lại quan trọng?|Và tại sao nó lại quan trọng?
audio_04967|Hàng quán ngả nghiêng, đám bạn cành càng, lồn ngồn trên nền đất.|Hàng quán ngả nghiêng, đám bạn cành càng, lồn ngồn trên nền đất.
audio_04968|Thế mà tôi với vác thầy đi làm.|Thế mà tôi với vác thầy đi làm.
audio_04969|Nhân gian vốn đẹp không phải bởi cảnh sắc, mà bởi vì nhân gian có bạn.|Nhân gian vốn đẹp không phải bởi cảnh sắc, mà bởi vì nhân gian có bạn.
audio_04970|Nhưng giờ thì, Tiến biết sự khác nhau giữa nghỉ ngơi và hưởng thụ rồi đó.|Nhưng giờ thì, Tiến biết sự khác nhau giữa nghỉ ngơi và hưởng thụ rồi đó.
audio_04971|Ngươi cứ khéo lo.|Ngươi cứ khéo lo.
audio_04972|Với các em, thông minh có nghĩa là không mắc sai lầm.|Với các em, thông minh có nghĩa là không mắc sai lầm.
audio_04973|Ok, cảm ơn, lá anh cho mượn tạc tiếp.|Ok, cảm ơn, lá anh cho mượn tạc tiếp.
audio_04974|Tôi nghĩ tới việc đi tìm một bạn đồng sự để hùn vốn, nâng số tiền lên.|Tôi nghĩ tới việc đi tìm một bạn đồng sự để hùn vốn, nâng số tiền lên.
audio_04975|Mà thật ra có vài cái âm cuối mình không có cần phát âm nó.|Mà thật ra có vài cái âm cuối mình không có cần phát âm nó.
audio_04976|Những tưởng nghề chẳng có thu nhập là bao, nhưng lại cao không tưởng, hơn 1 triệu đồng mỗi ngày.|Những tưởng nghề chẳng có thu nhập là bao, nhưng lại cao không tưởng, hơn 1 triệu đồng mỗi ngày.
audio_04977|Đến hơn 1,6 triệu sinh viên từ 195 quốc gia trên toàn thế giới tham gia những khóa học trực tuyến hay loạt video của tôi.|Đến hơn 1,6 triệu sinh viên từ 195 quốc gia trên toàn thế giới tham gia những khóa học trực tuyến hay loạt video của tôi.
audio_04978|Bà Rịa, Trà Vinh, Bến Tre.|Bà Rịa, Trà Vinh, Bến Tre.
audio_04979|Gia đình Simpson là một trong những bộ sitcom hài kịch hoạt họa đình đám bậc nhất Hoa Kỳ và trở thành nét đặc trưng cho văn hóa đại chúng của xứ sở cao hoa.|Gia đình Simpson là một trong những bộ sitcom hài kịch hoạt họa đình đám bậc nhất Hoa Kỳ và trở thành nét đặc trưng cho văn hóa đại chúng của xứ sở cao hoa.
audio_04980|Họ không tin cậy anh ta.|Họ không tin cậy anh ta.
audio_04981|Mà anh thì cứ chẳng để ý gì cả.|Mà anh thì cứ chẳng để ý gì cả.
audio_04982|Có khi còn chui vào ngồi trong tủ chén.|Có khi còn chui vào ngồi trong tủ chén.
audio_04983|Nơi người chơi xác nhận càng gần với đáp án bao nhiêu thì điểm số nhận về càng cao bấy nhiêu.|Nơi người chơi xác nhận càng gần với đáp án bao nhiêu thì điểm số nhận về càng cao bấy nhiêu.
audio_04984|Dường như định kiến cho rằng.|Dường như định kiến cho rằng.
audio_04985|Và có vẻ như mình đã làm được.|Và có vẻ như mình đã làm được.
audio_04986|Chứ không phải bên ngoài.|Chứ không phải bên ngoài.
audio_04987|Nó rất là ý nghĩa.|Nó rất là ý nghĩa.
audio_04988|Bạn chỉ là một chú cá bé nhỏ, ở trong một đại dương rộng lớn, vì quá yếu đuối, nên chỉ có thể dình mò và đi ăn đồ thừa của những con cá khác.|Bạn chỉ là một chú cá bé nhỏ, ở trong một đại dương rộng lớn, vì quá yếu đuối, nên chỉ có thể dình mò và đi ăn đồ thừa của những con cá khác.
audio_04989|Về website thì Săn sẽ để link ngay phía dưới phần mô tả của podcast này.|Về website thì Săn sẽ để link ngay phía dưới phần mô tả của podcast này.
audio_04990|Ở đây liên quan đến thận đưa các chất cạn bã ra ngoài qua đường tiết niệm ra bàn quang.|Ở đây liên quan đến thận đưa các chất cạn bã ra ngoài qua đường tiết niệm ra bàn quang.
audio_04991|Lúc đó, Aladdin mới 15 tuổi, sống cùng với mẹ.|Lúc đó, Aladdin mới 15 tuổi, sống cùng với mẹ.
audio_04992|Các bạn chỉ đơn giản là hãy tưởng tượng bản thân đi bơi khi đang mặc quần áo dài là sẽ thấy nó khó di chuyển và nặng hơn đến mức nào.|Các bạn chỉ đơn giản là hãy tưởng tượng bản thân đi bơi khi đang mặc quần áo dài là sẽ thấy nó khó di chuyển và nặng hơn đến mức nào.
audio_04993|Do đó cũng sẽ rất là khó để có thể thuyết phục được cảm xúc hướng nội thay đổi được cái quan điểm của mình nếu như chỉ dựa trên những cái lý lẽ thông thường.|Do đó cũng sẽ rất là khó để có thể thuyết phục được cảm xúc hướng nội thay đổi được cái quan điểm của mình nếu như chỉ dựa trên những cái lý lẽ thông thường.
audio_04994|Giống vật nó khôn lắm, người nào cưỡi giỏi nó biết ngay.|Giống vật nó khôn lắm, người nào cưỡi giỏi nó biết ngay.
audio_04995|Con người là những đứa con do trừ thần dùng bùn đất tạo ra, hay là kết quả may mắn của những đột biến ngẫu nhiên từ một sống loài cổ đại?|Con người là những đứa con do trừ thần dùng bùn đất tạo ra, hay là kết quả may mắn của những đột biến ngẫu nhiên từ một sống loài cổ đại?
audio_04996|Lệnh trụ tập không phải dành cho bố.|Lệnh trụ tập không phải dành cho bố.
audio_04997|Ngay từ Comic Fest năm ngoái, tức là năm 2022, ekip thò bày màu đã thật sự gây ấn tượng mạnh cho khán giả, gây đứng sức nóng lớn, chứng minh rằng cú bắt tay này là điều mong muốn từ tất cả mọi người.|Ngay từ Comic Fest năm ngoái, tức là năm 2022, ekip thò bày màu đã thật sự gây ấn tượng mạnh cho khán giả, gây đứng sức nóng lớn, chứng minh rằng cú bắt tay này là điều mong muốn từ tất cả mọi người.
audio_04998|Cùng năm, Luckin niêm yết tại Mỹ trên sản Nasdaq và trở thành một chuỗi cà phê có mức định giá tỷ đô.|Cùng năm, Luckin niêm yết tại Mỹ trên sản Nasdaq và trở thành một chuỗi cà phê có mức định giá tỷ đô.
audio_04999|Thông tin mà chúng ta biết hoặc thường hình dung về ông như sau.|Thông tin mà chúng ta biết hoặc thường hình dung về ông như sau.
